EOI,NumDHT,NumDQT,NumMarkers,%,DHT(FFC4),DQT FFDB,APP1(FFE0),APP12(FFEF),COM(FFFE),Label
1,4,2,11,10,86,69,18,0,0,0
1,4,1,11,6.9,183,134,18,0,30,0
1,2,2,24,2.6,420,134,856,0,0,0
1,2,1,9,50.9,88,69,18,0,56,0
1,3,3,37,7.5,321,134,710,0,0,0
1,4,2,11,32.4,97,69,18,0,0,0
1,1,1,7,5,282,134,53,0,0,0
1,2,1,8,23.5,183,69,18,0,0,0
1,4,2,11,10.8,183,69,18,0,0,0
1,1,1,7,17.5,178,134,53,0,0,0
1,4,2,11,13.7,91,69,18,0,0,0
1,4,2,12,12.6,74,69,2931,0,0,0
1,4,1,11,7.8,183,134,18,0,30,0
1,4,2,11,11.1,183,69,18,0,0,0
1,4,2,11,10.1,54,69,18,0,0,0
1,3,3,35,1.9,321,153,828,0,202,0
1,3,3,34,6.7,321,134,322,0,0,0
1,4,1,11,7.5,183,134,18,0,30,0
1,4,2,11,13.4,183,69,18,0,0,0
1,4,2,11,17.8,70,69,18,0,0,0
1,4,2,11,8.7,83,69,18,0,0,0
1,4,2,12,10.7,183,69,18,0,61,0
1,2,1,8,18.9,183,134,18,0,0,0
1,4,2,11,15.2,82,69,18,0,0,0
1,4,2,11,15.3,79,69,18,0,0,0
1,10,2,25,6.1,70,88,18,0,0,0
1,4,2,11,28.1,183,69,18,0,0,0
1,4,1,11,4.6,183,134,18,0,30,0
1,5,3,20,4.9,321,134,560,0,0,0
1,2,2,58,14.1,420,134,858,0,0,0
1,1,1,8,6.5,420,134,18,0,14,0
1,4,2,11,21.4,183,69,18,0,0,0
1,5,3,22,6,321,134,18,0,4282,0
1,4,2,11,14.7,51,69,18,0,0,0
1,1,1,7,13.4,175,134,53,0,0,0
1,5,1,16,59,78,82,18,0,60,0
1,1,1,8,10.9,185,134,2950,0,0,0
1,4,2,11,9.2,183,69,18,0,0,0
1,4,2,11,12.3,63,69,18,0,0,0
1,4,2,11,14.7,78,69,18,0,0,0
1,4,1,11,7.9,183,134,18,0,30,0
1,1,1,7,4.4,174,134,53,0,0,0
1,4,2,11,11.3,183,69,18,0,0,0
1,2,2,27,6.1,420,134,428,0,0,0
1,4,1,11,6.5,183,134,18,0,30,0
1,4,2,11,12.3,68,69,18,0,0,0
1,1,1,17,11.6,420,134,344,0,0,0
1,1,1,8,10.1,196,134,2950,0,0,0
1,5,3,21,5,321,134,48,0,29266,0
1,4,1,11,7.4,183,134,18,0,30,0
1,4,2,12,12,83,69,2931,0,0,0
1,1,1,17,8,420,134,344,0,0,0
1,2,1,9,55.3,83,69,18,0,56,0
1,1,1,7,5.6,195,134,53,0,0,0
1,4,2,12,6.3,106,69,18,0,17,0
1,4,2,11,12.4,183,69,18,0,0,0
1,5,1,16,83.4,79,82,18,0,60,0
1,3,3,30,9.1,321,153,330,0,0,0
1,4,2,12,14.6,90,69,18,0,40,0
1,10,2,25,9.3,87,88,18,0,0,0
1,5,1,16,63.8,78,82,18,0,60,0
1,4,2,11,11,183,69,18,0,0,0
1,4,1,11,9,183,134,18,0,30,0
1,4,2,11,11.2,183,69,18,0,0,0
1,4,2,11,5.1,183,69,18,0,0,0
1,1,1,8,16.7,420,134,18,0,33,0
1,5,3,21,5,321,134,48,0,16692,0
1,3,3,35,4.4,321,134,1694,0,0,0
1,4,2,11,11,183,69,18,0,0,0
1,2,1,8,28.1,183,134,18,0,0,0
1,3,3,32,2.4,420,134,922,0,0,0
1,4,2,11,9.5,59,69,18,0,0,0
1,4,2,11,19.8,183,69,18,0,0,0
1,4,1,11,7,183,134,18,0,30,0
1,4,1,11,5.5,183,134,18,0,30,0
1,4,2,11,13.9,75,69,18,0,0,0
1,4,2,11,17.4,73,69,18,0,0,0
1,3,3,30,3.5,321,153,330,0,0,0
1,4,1,11,5.8,183,134,18,0,30,0
1,4,2,11,14.2,74,69,18,0,0,0
1,1,1,8,12.9,196,134,2950,0,0,0
1,4,2,11,21,88,69,18,0,0,0
1,1,1,7,3.7,232,134,53,0,0,0
1,1,1,7,9.3,153,134,53,0,0,0
1,4,1,11,5.4,183,134,18,0,30,0
1,1,1,15,12.4,255,153,72,0,0,0
1,4,2,11,11.2,183,69,18,0,0,0
1,2,2,57,20.8,321,134,64,0,57,0
1,4,2,11,10.3,55,69,18,0,0,0
1,1,1,15,9.9,275,153,72,0,0,0
1,4,2,11,20.8,89,69,18,0,0,0
1,2,2,12,10.7,420,199,0,0,0,0
1,4,2,11,15.5,183,69,18,0,0,0
1,4,2,11,26.5,89,69,18,0,0,0
1,4,2,11,18.1,183,69,18,0,0,0
1,1,1,7,9,187,134,53,0,0,0
1,4,2,11,16.9,183,69,18,0,0,0
1,3,3,64,2.8,420,134,1038,0,0,0
1,4,2,11,16.5,183,69,18,0,0,0
1,4,2,11,22,79,69,18,0,0,0
1,2,2,39,3.4,420,134,528,0,57,0
1,4,2,11,17,86,69,18,0,0,0
1,4,1,11,6,183,134,18,0,30,0
1,1,1,15,9.5,205,153,72,0,0,0
1,2,2,82,19.7,420,134,396,0,57,0
1,4,1,11,3.5,183,134,18,0,30,0
1,1,1,7,10.3,174,134,53,0,0,0
1,4,2,11,19.4,74,69,18,0,0,0
1,4,1,11,9.4,183,134,18,0,30,0
1,4,2,12,7.3,183,69,18,0,61,0
1,4,1,11,5.4,183,134,18,0,30,0
1,4,1,11,6.2,183,134,18,0,30,0
1,2,2,14,13.9,420,199,0,0,0,0
1,4,1,11,4.4,183,134,18,0,30,0
1,2,1,8,18.9,64,69,18,0,0,0
1,4,2,11,11.1,77,69,18,0,0,0
1,2,1,9,27.6,183,69,18,0,72,0
1,4,2,11,9.5,183,69,18,0,0,0
1,4,2,11,18.9,80,69,18,0,0,0
1,4,2,11,16.6,183,69,18,0,0,0
1,2,2,12,10.6,420,199,0,0,0,0
1,5,3,21,27,321,134,48,0,9195,0
1,1,1,19,5.3,256,153,111,0,0,0
1,5,3,19,23.4,420,134,18,0,14,0
1,4,1,11,4.8,183,134,18,0,30,0
1,4,2,11,12.4,69,69,18,0,0,0
1,4,2,11,13.2,82,69,18,0,0,0
1,4,2,11,20,183,69,18,0,0,0
1,1,1,11,10.6,321,134,476,0,0,0
1,5,3,23,24.8,321,134,48,0,2202,0
1,4,2,11,6.1,73,69,18,0,0,0
1,4,2,11,15.2,79,69,18,0,0,0
1,1,1,15,8.1,218,153,72,0,0,0
1,4,2,11,14.3,183,69,18,0,0,0
1,5,1,16,54.4,82,82,18,0,60,0
1,1,1,7,2.8,216,134,53,0,0,0
1,1,1,9,7.9,420,134,18,0,33,0
1,2,1,8,18.5,183,134,18,0,0,0
1,2,1,8,21.8,183,134,18,0,0,0
1,4,2,11,14.8,183,69,18,0,0,0
1,3,3,77,3.5,420,134,1066,0,0,0
1,1,1,8,11,188,134,2950,0,0,0
1,5,1,16,74.3,79,82,18,0,60,0
1,5,3,21,16.6,321,134,48,0,9195,0
1,1,1,8,8.6,187,134,2950,0,0,0
1,1,1,19,5.8,337,153,77,0,0,0
1,4,2,11,18.8,183,69,18,0,0,0
1,4,1,11,4.7,183,134,18,0,30,0
1,2,2,27,13.6,321,134,560,0,0,0
1,1,1,7,12.4,166,134,53,0,0,0
1,5,3,20,3.1,321,134,560,0,0,0
1,2,1,8,21.4,183,134,18,0,0,0
1,5,1,16,64.2,77,82,18,0,60,0
1,3,3,35,4.6,321,134,1726,0,0,0
1,1,1,7,6.6,175,134,53,0,0,0
1,3,3,31,1.9,420,134,330,0,0,0
1,4,2,11,10.6,55,69,18,0,0,0
1,4,2,11,23.5,101,69,18,0,0,0
1,4,2,11,28.8,183,69,18,0,0,0
1,3,3,34,2.2,321,153,418,0,0,0
1,2,2,82,19.1,420,134,396,0,57,0
1,4,2,11,17.6,183,69,18,0,0,0
1,5,3,22,5,321,134,34,0,8023,0
1,4,2,11,9.2,80,69,18,0,0,0
1,10,2,25,6.6,64,88,18,0,0,0
1,4,2,11,18,84,69,18,0,0,0
1,5,1,16,78.9,82,82,18,0,60,0
1,4,2,11,21.3,183,69,18,0,0,0
1,1,1,7,5.8,236,134,53,0,0,0
1,3,3,33,3.1,420,134,322,0,0,0
1,4,2,11,19.4,72,69,18,0,0,0
1,2,1,8,24.7,183,134,18,0,0,0
1,4,2,11,14.7,183,69,18,0,0,0
1,4,2,11,12.6,183,69,18,0,0,0
1,2,1,8,15.8,66,69,18,0,0,0
1,4,1,10,1.5,183,134,18,0,0,0
1,2,1,8,17.5,183,134,18,0,0,0
1,2,1,8,23.9,183,134,18,0,0,0
1,4,2,11,16.5,76,69,18,0,0,0
1,4,2,11,9.1,88,69,18,0,0,0
1,4,2,11,26.7,83,69,18,0,0,0
1,1,1,7,10.1,152,134,53,0,0,0
1,4,2,11,21.1,86,69,18,0,0,0
1,5,3,24,33.1,321,134,48,0,190,0
1,4,1,11,4.9,183,134,18,0,30,0
1,4,2,11,15.7,52,69,18,0,0,0
1,5,1,16,61.5,77,82,18,0,60,0
1,2,2,31,7.3,420,134,714,0,0,0
1,4,2,11,15.8,76,69,18,0,0,0
1,2,2,29,7.9,420,134,880,0,0,0
1,4,1,11,4.8,183,134,18,0,30,0
1,3,3,40,3.2,420,134,1098,0,0,0
1,1,1,7,7.5,129,134,53,0,0,0
1,4,2,11,14,76,69,18,0,0,0
1,1,1,7,18,176,134,53,0,0,0
1,3,3,30,6.8,321,153,322,0,0,0
1,4,2,11,56.4,78,69,18,0,0,0
1,4,2,11,17.5,89,69,18,0,0,0
1,5,3,24,21.9,321,134,48,0,190,0
1,3,3,44,9.1,420,134,322,0,4726,0
1,4,1,11,4.6,183,134,18,0,30,0
1,4,2,11,11.5,183,69,18,0,0,0
1,3,3,37,4.8,420,134,330,0,0,0
1,5,1,16,65.1,76,82,18,0,60,0
1,4,1,11,3.7,183,134,18,0,30,0
1,2,1,8,22.1,183,134,18,0,0,0
1,2,1,8,20,183,134,18,0,0,0
1,4,2,11,21.8,78,69,18,0,0,0
1,5,3,21,2.3,321,134,2931,0,0,0
1,4,2,11,7.5,95,69,18,0,0,0
1,4,1,11,6.7,183,134,18,0,30,0
1,4,2,11,11.1,183,69,18,0,0,0
1,1,1,8,9,420,134,18,0,14,0
1,5,3,21,15.2,321,134,48,0,9195,0
1,4,2,11,28.2,183,69,18,0,0,0
1,1,1,7,7.3,175,134,69,0,0,0
1,2,1,8,20.2,183,134,18,0,0,0
1,2,2,43,5.5,420,134,560,0,56,0
1,4,2,11,20.1,68,69,18,0,0,0
1,4,2,11,19.3,183,69,18,0,0,0
1,2,2,27,12.2,321,134,560,0,0,0
1,1,1,7,14.6,198,134,53,0,0,0
1,1,1,7,16.8,420,134,18,0,0,0
1,4,2,11,21.7,72,69,18,0,0,0
1,3,3,37,6.3,321,134,710,0,0,0
1,2,1,9,50,91,69,18,0,56,0
1,1,1,7,13.3,153,134,53,0,0,0
1,1,1,7,12.3,198,134,53,0,0,0
1,4,2,11,18.3,78,69,18,0,0,0
1,4,2,11,15.3,58,69,18,0,0,0
1,1,1,7,2.7,274,134,53,0,0,0
1,4,2,11,12.2,183,69,18,0,0,0
1,1,1,9,11.9,420,134,18,0,33,0
1,2,1,8,25.5,183,134,18,0,0,0
1,4,2,11,8,70,69,18,0,0,0
1,4,2,11,11.4,183,69,18,0,0,0
1,5,3,22,4,321,134,18,0,1259,0
1,1,1,7,13.2,198,134,53,0,0,0
1,4,1,11,7.8,183,134,18,0,30,0
1,4,2,11,8.1,72,69,18,0,0,0
1,2,1,8,19.3,183,134,18,0,0,0
1,4,2,11,15,83,69,18,0,0,0
1,2,2,22,2.1,420,134,560,0,56,0
1,4,2,12,2.2,114,69,18,0,57,0
1,4,2,11,4.8,183,69,18,0,0,0
1,2,2,12,14.9,420,199,0,0,0,0
1,3,3,37,7,321,134,710,0,0,0
1,4,2,11,14.5,86,69,18,0,0,0
1,4,1,11,5.2,183,134,18,0,30,0
1,5,1,16,51.4,80,82,18,0,60,0
1,4,2,11,15.5,86,69,18,0,0,0
1,4,1,11,3.9,183,134,18,0,30,0
1,1,1,19,4.7,232,153,77,0,0,0
1,4,1,11,5.7,183,134,18,0,30,0
1,5,1,16,80.6,81,82,18,0,60,0
1,4,2,11,12.7,75,69,18,0,0,0
1,4,2,11,10.4,183,69,18,0,0,0
1,1,1,8,19.9,420,134,18,0,4,0
1,4,1,11,3.5,183,134,18,0,30,0
1,1,1,19,6.2,235,153,77,0,0,0
1,1,1,7,6.9,252,134,53,0,0,0
1,2,1,8,17.3,61,69,18,0,0,0
1,1,1,15,32.3,205,153,72,0,0,0
1,2,1,8,20.2,183,134,18,0,0,0
1,2,2,49,11,420,134,560,0,56,0
1,4,1,11,6.3,183,134,18,0,30,0
1,1,1,7,3.9,175,134,53,0,0,0
1,1,1,7,4.4,173,134,53,0,0,0
1,1,1,9,10.7,420,134,18,0,33,0
1,4,2,12,23,87,69,18,0,52,0
1,2,2,37,5.7,420,134,950,0,0,0
1,3,3,69,2.4,321,134,346,0,0,0
1,4,2,11,23,183,69,18,0,0,0
1,1,1,8,13.8,420,134,18,0,33,0
1,4,2,12,6.3,106,69,18,0,17,0
1,1,1,7,17.2,210,134,53,0,0,0
1,4,2,12,13.7,79,69,2931,0,0,0
1,4,1,11,8.9,183,134,18,0,30,0
1,4,1,11,6.3,183,134,18,0,30,0
1,4,2,11,13,53,69,18,0,0,0
1,4,2,12,4.9,97,69,18,0,17,0
1,4,2,11,3.4,183,69,18,0,0,0
1,4,2,11,10.7,74,69,18,0,0,0
1,4,2,11,13.2,183,69,18,0,0,0
1,4,2,11,10,183,69,18,0,0,0
1,4,2,11,9.6,183,69,54,0,0,0
1,2,1,8,18.4,62,69,18,0,0,0
1,3,3,48,1.9,321,134,834,0,0,0
1,4,2,11,12,183,69,18,0,0,0
1,10,2,25,9.5,72,88,18,0,0,0
1,1,1,8,11.2,420,134,18,0,33,0
1,5,3,21,3.7,321,134,48,0,14312,0
1,4,2,11,16.4,73,69,18,0,0,0
1,4,2,11,15.6,183,69,18,0,0,0
1,1,1,8,18.4,420,134,18,0,4,0
1,4,2,11,14.5,49,69,18,0,0,0
1,1,1,19,10.4,223,153,93,0,0,0
1,4,2,11,23,76,69,18,0,0,0
1,4,2,11,13.1,91,69,18,0,0,0
1,5,3,21,2.5,321,134,2931,0,0,0
1,4,2,11,16.5,183,69,18,0,0,0
1,4,1,11,9,183,134,18,0,30,0
1,4,2,11,7.4,79,69,18,0,0,0
1,4,2,11,3.7,77,69,18,0,0,0
1,4,2,13,13.8,80,69,2931,0,0,0
1,4,2,11,12.1,183,69,18,0,0,0
1,2,1,8,19.8,183,134,18,0,0,0
1,4,1,11,3.6,183,134,18,0,30,0
1,4,2,11,8.6,87,69,18,0,0,0
1,2,2,42,15.3,420,134,396,0,57,0
1,2,1,8,4.6,69,69,18,0,0,0
1,1,1,15,9.8,261,153,642,0,0,0
1,2,1,8,18.1,183,134,18,0,0,0
1,5,3,22,2.4,420,134,957,0,0,0
1,4,1,11,9.9,183,134,18,0,30,0
1,2,2,29,4.7,420,134,606,0,0,0
1,3,3,30,1.4,420,134,330,0,0,0
1,4,2,11,21.3,83,69,18,0,0,0
1,4,2,11,10.3,87,69,18,0,0,0
1,1,1,7,4.7,183,134,53,0,0,0
1,4,2,12,25.7,64,69,2931,0,0,0
1,5,1,16,56.8,78,82,18,0,60,0
1,10,2,25,4.7,95,88,18,0,0,0
1,4,2,12,9.2,183,69,18,0,61,0
1,4,2,11,145.5,61,69,18,0,0,0
1,4,2,12,5,92,69,18,0,17,0
1,4,2,12,6.2,103,69,18,0,17,0
1,2,2,27,12.6,321,134,560,0,0,0
1,4,2,11,13.6,183,69,18,0,0,0
1,4,2,11,12.9,81,69,18,0,0,0
1,4,2,12,6.3,104,69,18,0,17,0
1,2,1,8,8.6,183,69,18,0,0,0
1,4,2,12,3.1,183,69,18,0,91,0
1,2,2,34,16.9,321,134,390,0,57,0
1,2,1,8,22.6,183,134,18,0,0,0
1,4,2,11,11.9,54,69,18,0,0,0
1,2,2,47,14.8,321,134,64,0,57,0
1,1,1,19,5.4,254,153,77,0,0,0
1,4,2,11,13,183,69,18,0,0,0
1,4,2,11,10,79,69,18,0,0,0
1,3,3,62,30.9,321,134,1714,0,0,0
1,5,1,16,86,75,82,18,0,60,0
1,5,3,21,14.7,321,134,48,0,9233,0
1,4,2,12,16.1,83,69,2931,0,0,0
1,4,2,11,188.7,68,69,18,0,0,0
1,2,2,100,3.4,420,134,564,0,57,0
1,4,1,11,3.5,183,134,18,0,30,0
1,5,3,21,3,321,134,2931,0,0,0
1,4,2,11,32.2,61,69,18,0,0,0
1,4,2,12,5,90,69,18,0,17,0
1,4,2,11,10.4,84,69,18,0,0,0
1,4,2,11,13,87,69,18,0,0,0
1,4,2,11,15.7,183,69,18,0,0,0
1,2,1,8,23.7,183,69,18,0,0,0
1,3,3,41,6.7,420,134,322,0,0,0
1,1,1,8,10.6,420,134,18,0,48,0
1,4,2,12,7.6,183,69,18,0,61,0
1,1,1,19,7.2,243,153,77,0,0,0
1,5,1,16,86.4,75,82,18,0,60,0
1,4,2,11,21.1,183,69,18,0,0,0
1,4,2,11,14.7,183,69,18,0,0,0
1,4,2,11,19.9,71,69,18,0,0,0
1,4,2,11,17.1,73,69,18,0,0,0
1,4,2,11,40.8,77,69,18,0,0,0
1,4,1,11,4.1,183,134,18,0,30,0
1,2,2,20,7.4,321,134,560,0,0,0
1,2,1,8,19.9,183,134,18,0,0,0
1,2,1,8,33.4,183,69,18,0,0,0
1,1,1,7,14.9,189,134,53,0,0,0
1,4,2,11,13.6,183,69,18,0,0,0
1,2,2,44,6.6,321,134,602,0,0,0
1,4,2,11,27.8,183,69,18,0,0,0
1,2,1,8,22.3,183,69,18,0,0,0
1,4,2,11,22.4,183,69,18,0,0,0
1,1,1,7,8.3,191,134,53,0,0,0
1,4,2,11,15.1,183,69,18,0,0,0
1,4,2,11,16.1,74,69,18,0,0,0
1,4,2,11,8.5,183,69,1960,0,0,0
1,1,1,8,15.8,420,134,18,0,33,0
1,4,1,11,10.1,183,134,18,0,30,0
1,5,1,16,80.2,84,82,18,0,60,0
1,2,1,8,20.2,183,134,18,0,0,0
1,4,2,13,13.3,84,69,18,0,2953,0
1,4,2,12,11.1,183,69,18,0,61,0
1,4,2,11,16.1,82,69,18,0,0,0
1,4,2,11,19.6,66,69,18,0,0,0
1,2,1,8,22.1,183,134,18,0,0,0
1,2,2,31,10.4,321,134,560,0,0,0
1,4,1,11,7.2,183,134,18,0,30,0
1,4,2,11,17.7,77,69,18,0,0,0
1,4,2,12,10.9,183,69,18,0,61,0
1,4,2,11,16.4,92,69,18,0,0,0
1,3,3,30,6.3,321,153,322,0,0,0
1,5,3,23,4.8,321,134,18,0,6538,0
1,1,1,7,8,134,134,53,0,0,0
1,2,1,8,19.7,183,134,18,0,0,0
1,4,2,11,14.6,53,69,18,0,0,0
1,2,1,8,16.5,183,134,18,0,0,0
1,10,2,25,8.1,72,88,18,0,0,0
1,4,2,12,20,99,69,18,0,52,0
1,4,2,11,19.6,96,69,18,0,0,0
1,4,2,11,22.2,183,69,18,0,0,0
1,1,1,7,6.2,184,134,195,0,0,0
1,4,1,10,3.3,183,134,18,0,0,0
1,1,1,7,20.6,150,134,53,0,0,0
1,2,1,8,33.5,183,134,18,0,0,0
1,4,2,11,21.5,183,69,18,0,0,0
1,2,1,9,14.9,183,69,18,0,72,0
1,3,3,37,8.9,321,134,710,0,0,0
1,1,1,7,16.2,166,134,53,0,0,0
1,5,1,16,87.2,76,82,18,0,60,0
1,4,1,11,7.8,183,134,18,0,30,0
1,1,1,7,6.4,178,134,53,0,0,0
1,3,3,28,5.1,420,153,2293,0,0,0
1,5,3,20,5.3,321,134,560,0,0,0
1,4,2,11,14,183,69,18,0,0,0
1,3,3,40,4.8,420,134,778,0,0,0
1,4,2,11,12.4,87,69,18,0,0,0
1,4,2,11,10.2,81,69,18,0,0,0
1,4,2,11,9.8,83,69,18,0,0,0
1,4,2,11,17.7,183,69,18,0,0,0
1,4,2,11,14.5,183,69,18,0,0,0
1,1,1,7,18.9,170,134,53,0,0,0
1,4,2,11,3.2,183,69,18,0,0,0
1,4,2,11,24,183,69,18,0,0,0
1,4,2,11,8.7,62,69,18,0,0,0
1,4,2,11,14.5,183,69,18,0,0,0
1,4,1,11,3.4,183,134,18,0,30,0
1,4,2,11,13.5,94,69,18,0,0,0
1,4,2,12,3.8,109,69,18,0,168,0
1,5,1,16,86.4,73,82,18,0,60,0
1,5,3,20,3.8,321,134,560,0,0,0
1,2,1,8,19.1,183,134,18,0,0,0
1,1,1,7,7.1,420,134,53,0,0,0
1,4,1,11,6.8,183,134,18,0,30,0
1,5,1,16,82.4,80,82,18,0,60,0
1,1,1,16,6.7,420,134,344,0,0,0
1,4,1,11,9.4,183,134,18,0,30,0
1,4,2,11,4.3,82,69,18,0,0,0
1,4,2,14,9.1,183,69,449,0,0,0
1,2,1,8,15.4,61,69,18,0,0,0
1,4,2,11,13.2,73,69,18,0,0,0
1,1,1,7,7.9,173,134,53,0,0,0
1,4,2,11,15.1,75,69,18,0,0,0
1,5,3,24,22,321,134,48,0,190,0
1,4,2,11,16.7,183,69,18,0,0,0
1,4,2,11,12.7,183,69,18,0,0,0
1,2,2,41,61.8,321,134,64,0,57,0
1,4,1,11,9.6,183,134,18,0,30,0
1,2,2,69,13.1,420,134,428,0,56,0
1,4,2,11,10.9,57,69,18,0,0,0
1,4,1,10,3.4,183,134,18,0,0,0
1,1,1,19,4.8,234,153,77,0,0,0
1,4,2,11,20.1,102,69,18,0,0,0
1,4,2,11,8.3,183,69,18,0,0,0
1,4,2,11,14.8,81,69,18,0,0,0
1,1,1,8,15.7,420,134,18,0,33,0
1,1,1,61,11.7,420,134,510,0,0,0
1,4,2,11,12.1,183,69,18,0,0,0
1,4,2,12,16.3,183,69,18,0,72,0
1,1,1,61,10.8,420,134,510,0,0,0
1,3,3,37,8.2,321,134,710,0,0,0
1,4,1,11,4.5,183,134,18,0,30,0
1,1,1,7,10.1,420,134,53,0,0,0
1,4,2,11,15.6,70,69,18,0,0,0
1,4,2,12,13.2,83,69,2931,0,0,0
1,4,2,11,12.3,73,69,18,0,0,0
1,2,1,8,18.9,183,134,18,0,0,0
1,2,2,15,7,420,134,18,0,14,0
1,2,2,35,34.1,321,134,64,0,57,0
1,1,1,7,4.1,175,134,53,0,0,0
1,2,1,8,18,183,134,18,0,0,0
1,3,3,30,3.8,420,134,806,0,0,0
1,4,2,11,28.1,81,69,18,0,0,0
1,4,2,11,32.8,183,69,18,0,0,0
1,4,2,11,19.1,83,69,18,0,0,0
1,4,2,12,18,59,69,18,0,48,0
1,4,2,11,8.7,75,69,18,0,0,0
1,4,2,11,10.9,183,69,18,0,0,0
1,4,2,11,16.4,51,69,18,0,0,0
1,2,1,8,23.2,183,134,18,0,0,0
0,0,0,0,0,0,0,0,0,0,0
1,4,2,11,12.7,183,69,18,0,0,0
1,4,2,11,17.8,183,69,18,0,0,0
1,4,2,11,17.7,183,69,18,0,0,0
1,4,2,12,15.1,82,69,2931,0,0,0
1,4,2,12,6.2,109,69,18,0,17,0
1,2,2,47,27.3,321,134,64,0,57,0
1,5,1,16,53,80,82,18,0,60,0
1,1,1,7,7.8,171,134,53,0,0,0
1,2,2,31,8.3,420,134,560,0,56,0
1,4,1,11,5,183,134,18,0,30,0
1,10,2,25,4.7,88,88,18,0,0,0
1,2,2,29,16.1,420,134,428,0,0,0
1,2,1,8,35.6,183,69,18,0,0,0
1,4,2,11,13,183,69,18,0,0,0
1,4,2,11,15.7,183,69,18,0,0,0
1,5,3,24,20.1,321,134,48,0,190,0
1,1,1,6,13.3,142,134,0,0,0,0
1,4,2,11,16.3,183,69,18,0,0,0
1,4,2,11,33,62,69,18,0,0,0
1,2,1,8,14.2,183,69,18,0,0,0
1,4,2,11,15.4,183,69,18,0,0,0
1,4,1,10,1.5,183,134,18,0,0,0
1,4,2,11,8.9,183,69,18,0,0,0
1,5,3,23,18.6,321,134,48,0,2204,0
1,2,2,35,7.9,420,134,428,0,0,0
1,5,3,24,22,321,134,48,0,190,0
1,2,1,8,25,74,69,18,0,0,0
1,3,3,71,10.7,420,199,1372,0,0,0
1,4,1,11,8.9,183,134,18,0,30,0
1,3,3,34,1.9,420,134,1022,0,0,0
1,4,2,11,12.3,75,69,18,0,0,0
1,4,2,11,12.2,183,69,18,0,0,0
1,2,2,23,21.4,420,134,396,0,57,0
1,1,1,8,7.3,420,134,18,0,14,0
1,2,2,31,5.8,420,134,560,0,56,0
1,3,3,36,4.6,420,134,330,0,0,0
1,3,3,52,5.5,420,134,330,0,0,0
1,10,2,25,12.5,74,88,18,0,0,0
1,4,1,11,4.6,183,134,18,0,30,0
1,4,2,11,12.2,183,69,18,0,0,0
1,4,2,11,7.8,183,69,18,0,0,0
1,5,3,23,22,321,134,48,0,2204,0
1,3,3,35,5,321,134,1634,0,0,0
1,5,1,16,82.3,76,82,18,0,60,0
1,4,1,11,6,183,134,18,0,30,0
1,1,1,9,13.9,420,134,18,0,33,0
1,3,3,31,10.3,321,153,830,0,0,0
1,2,1,8,25.8,183,69,18,0,0,0
1,2,1,8,21.6,183,134,18,0,0,0
1,5,3,24,28.7,321,134,48,0,190,0
1,1,1,7,3.6,229,134,53,0,0,0
1,4,2,11,16,79,69,18,0,0,0
1,4,2,11,25.3,183,69,18,0,0,0
1,4,2,11,26.3,183,69,18,0,0,0
1,1,1,7,5.4,205,134,53,0,0,0
1,4,2,11,8.3,183,69,18,0,0,0
1,1,1,19,9.6,232,153,77,0,0,0
1,4,2,11,11.4,55,69,18,0,0,0
1,4,1,11,10,183,134,18,0,30,0
1,4,2,12,6.5,108,69,18,0,17,0
1,4,2,11,11.6,183,69,18,0,0,0
1,4,2,12,26.2,62,69,18,0,25,0
1,4,2,11,18.1,49,69,18,0,0,0
1,4,2,11,19.2,66,69,18,0,0,0
1,1,1,7,10.9,189,134,53,0,0,0
1,4,2,11,11.9,90,69,18,0,0,0
1,5,3,24,20.1,321,134,48,0,190,0
1,4,2,11,13.2,79,69,18,0,0,0
1,4,2,11,12.4,183,69,18,0,0,0
1,3,3,30,6.4,321,134,330,0,0,0
1,1,1,7,9.8,222,134,53,0,0,0
1,4,2,11,13,66,69,18,0,0,0
1,4,2,11,14.7,183,69,18,0,0,0
1,4,2,11,11.8,183,69,18,0,0,0
1,5,3,21,24.1,321,134,48,0,9195,0
1,4,2,11,6.3,98,69,18,0,0,0
1,2,2,66,2.4,420,134,602,0,56,0
1,2,1,8,15.4,183,134,18,0,0,0
1,1,1,25,4,420,134,476,0,0,0
1,2,2,23,9.9,420,134,396,0,57,0
1,5,1,16,83,82,82,18,0,60,0
1,2,1,8,15.3,62,69,18,0,0,0
1,4,2,12,5,90,69,18,0,17,0
1,4,2,11,13.8,84,69,18,0,0,0
1,4,2,11,12.2,183,69,18,0,0,0
1,2,1,9,48.8,87,69,18,0,56,0
1,4,2,11,10.6,75,69,18,0,0,0
1,1,1,7,11,183,134,53,0,0,0
1,1,1,19,9.9,287,153,77,0,0,0
1,4,2,11,15.7,183,69,18,0,0,0
1,1,1,7,4.6,171,134,53,0,0,0
1,4,2,11,14.7,183,69,18,0,0,0
1,3,3,35,2.1,321,153,330,0,0,0
1,1,1,12,11.3,189,153,72,0,0,0
1,4,2,12,10.1,82,69,2931,0,0,0
1,1,1,7,11.6,192,134,53,0,0,0
1,4,2,11,10.6,183,69,18,0,0,0
1,4,1,11,7.2,183,134,18,0,30,0
1,1,1,9,9.3,420,134,18,0,33,0
1,5,1,16,81.5,79,82,18,0,60,0
1,5,1,16,77.2,81,82,18,0,60,0
1,3,3,33,3.9,420,134,330,0,0,0
1,4,2,11,12.2,183,69,18,0,0,0
1,4,1,11,3.3,183,134,18,0,30,0
1,1,1,17,6.6,420,134,344,0,0,0
1,4,2,11,13.6,183,69,18,0,0,0
1,4,1,11,6.2,183,134,18,0,30,0
1,4,2,11,18.6,52,69,18,0,0,0
1,4,1,11,8.6,183,134,18,0,30,0
1,4,2,11,14.3,87,69,18,0,0,0
1,3,3,46,1.5,420,134,810,0,0,0
1,3,3,35,5.7,321,134,1694,0,0,0
1,4,2,11,5.7,81,69,18,0,0,0
1,3,3,59,25.4,321,134,828,0,202,0
1,4,2,12,6.8,107,69,18,0,17,0
1,1,1,7,17.7,158,134,53,0,0,0
1,2,1,9,27.3,183,69,18,0,72,0
1,1,1,7,21.4,174,134,53,0,0,0
1,1,1,7,10.8,200,134,53,0,0,0
1,1,1,7,3.3,249,134,53,0,0,0
1,4,2,11,3.8,69,69,18,0,0,0
1,2,2,64,3.2,420,134,1038,0,0,0
1,2,2,12,10.6,420,199,0,0,0,0
1,4,1,11,7.1,183,134,18,0,30,0
1,5,3,20,3.5,321,134,560,0,0,0
1,1,1,19,3.4,271,153,77,0,0,0
1,5,1,16,57.6,77,82,18,0,60,0
1,4,2,11,2.5,115,69,18,0,0,0
1,4,2,11,9.4,183,69,18,0,0,0
1,4,2,11,20.4,183,69,18,0,0,0
1,4,2,11,13.6,183,69,18,0,0,0
1,1,1,7,9.5,176,134,53,0,0,0
1,3,3,31,1.8,420,134,330,0,0,0
1,2,2,31,15.7,321,134,560,0,0,0
1,5,3,24,21.7,321,134,48,0,190,0
1,4,2,11,5.7,183,69,18,0,0,0
1,2,1,8,21.7,183,134,18,0,0,0
1,4,2,12,12.1,86,69,18,0,40,0
1,1,1,7,11,180,134,53,0,0,0
1,4,2,11,5.8,183,69,18,0,0,0
1,4,1,11,9.8,183,134,18,0,30,0
1,3,3,48,4.7,321,134,330,0,0,0
1,1,1,9,11.2,420,134,18,0,33,0
1,2,2,35,5.2,420,134,428,0,56,0
1,4,2,11,13.8,76,69,18,0,0,0
1,2,1,8,20.9,183,134,18,0,0,0
1,4,2,12,26.3,98,69,18,0,52,0
1,4,2,12,27.6,93,69,18,0,52,0
1,4,2,12,10.5,183,69,18,0,61,0
1,1,1,7,6.9,162,134,53,0,0,0
1,2,1,8,22.7,183,134,18,0,0,0
1,1,1,13,24.7,321,134,34,0,0,0
1,1,1,7,8.4,145,134,53,0,0,0
1,4,2,11,16.1,183,69,18,0,0,0
1,4,2,11,18.8,183,69,18,0,0,0
1,4,2,11,16,82,69,18,0,0,0
1,4,2,11,9.7,77,69,18,0,0,0
1,4,2,11,17.4,183,69,18,0,0,0
1,3,3,32,3.1,420,134,330,0,0,0
1,1,1,7,14.8,145,134,53,0,0,0
1,4,2,11,16.1,183,69,18,0,0,0
1,1,1,8,6.5,420,134,18,0,14,0
1,4,2,11,9.7,183,69,18,0,0,0
1,6,7,373,13.6,420,199,0,24,2053,0
1,4,2,11,6.3,183,69,18,0,0,0
1,4,2,11,14.9,59,69,18,0,0,0
1,2,1,8,19.5,183,134,18,0,0,0
1,2,1,8,25.5,183,134,18,0,0,0
1,4,1,11,7.8,183,134,18,0,30,0
1,4,2,11,10.6,73,69,18,0,0,0
1,3,3,57,4.9,420,134,330,0,0,0
1,4,2,11,14.7,80,69,18,0,0,0
1,4,2,11,4.6,75,69,18,0,0,0
1,1,1,7,15.8,174,134,53,0,0,0
1,4,2,11,10.9,80,69,18,0,0,0
1,1,1,7,10.8,179,134,53,0,0,0
1,1,1,7,9.6,172,134,53,0,0,0
1,4,2,11,17.7,73,69,18,0,0,0
1,4,2,11,15.1,79,69,18,0,0,0
1,4,2,11,18.5,183,69,18,0,0,0
1,4,2,12,11.5,77,69,2931,0,0,0
1,2,2,53,27.5,321,134,64,0,57,0
1,4,2,11,7.7,183,69,18,0,0,0
1,4,2,18,10.5,69,69,18,0,30,0
1,3,3,85,7.1,420,134,322,0,0,0
1,4,2,11,10.4,56,69,18,0,0,0
1,1,1,9,12.4,420,134,18,0,33,0
1,4,2,11,17.5,53,69,18,0,0,0
1,4,2,11,24.5,183,69,18,0,0,0
1,4,2,12,6.4,108,69,18,0,17,0
1,4,2,11,11,89,69,18,0,0,0
1,1,1,7,3.5,420,134,53,0,0,0
1,2,2,13,12.5,420,134,352,0,0,0
1,5,3,24,22.1,321,134,48,0,190,0
1,5,1,16,51.5,82,82,18,0,60,0
1,4,2,11,19.5,183,69,18,0,0,0
1,1,1,19,10.4,224,153,77,0,0,0
1,5,1,16,77.3,75,82,18,0,60,0
1,2,2,22,16.5,420,134,744,0,0,0
1,4,2,11,15.8,183,69,18,0,0,0
1,4,2,11,1.7,183,69,18,0,0,0
1,5,1,16,82.4,75,82,18,0,60,0
1,4,2,11,30.3,183,69,18,0,0,0
1,1,1,7,7.8,190,134,53,0,0,0
1,4,2,12,6.2,108,69,18,0,17,0
1,1,1,7,5.2,203,134,53,0,0,0
1,1,1,36,5.1,213,134,422,0,56,0
1,4,2,11,10,55,69,18,0,0,0
1,4,2,11,3.5,75,69,18,0,0,0
1,2,2,89,19.3,321,134,390,0,57,0
1,3,3,33,3,420,134,338,0,0,0
1,1,1,7,8,181,134,53,0,0,0
1,2,2,26,9,420,134,396,0,57,0
1,2,1,8,19.4,65,69,18,0,0,0
1,4,2,11,12.5,183,69,18,0,0,0
1,4,1,11,4.4,183,134,18,0,30,0
1,4,2,12,4.2,112,69,18,0,155,0
1,4,2,11,14,83,69,18,0,0,0
1,4,2,11,17.3,183,69,18,0,0,0
1,4,2,11,13.3,183,69,18,0,0,0
1,4,2,11,24.1,78,69,18,0,0,0
1,1,1,7,10.2,209,134,53,0,0,0
1,4,1,11,4.3,183,134,18,0,30,0
1,4,2,11,18.7,84,69,18,0,0,0
1,1,1,19,4.6,268,153,77,0,0,0
1,3,3,45,9,321,134,322,0,0,0
1,1,1,7,6.4,168,134,53,0,0,0
1,4,2,12,75.8,105,69,18,0,52,0
1,4,2,11,16.7,183,69,18,0,0,0
1,1,1,8,10.1,204,134,2950,0,0,0
1,1,1,8,34,420,134,18,0,4,0
1,4,2,11,11.7,75,69,18,0,0,0
1,4,2,12,6.3,107,69,18,0,17,0
1,4,2,12,6.7,108,69,18,0,17,0
1,4,2,11,10.2,183,69,18,0,0,0
1,2,1,9,26.9,183,69,18,0,72,0
1,2,1,8,9.9,89,69,18,0,0,0
1,2,2,22,7.4,321,153,428,0,0,0
1,4,1,11,7.1,183,134,18,0,30,0
1,4,2,11,16.3,183,69,18,0,0,0
1,4,2,11,12.6,183,69,18,0,0,0
1,4,2,11,9.4,183,69,18,0,0,0
1,1,1,7,10.5,200,134,53,0,0,0
1,4,2,11,13.9,183,69,18,0,0,0
1,1,1,7,7.6,177,134,53,0,0,0
1,2,2,28,17.6,321,134,688,0,0,0
1,2,1,8,53.7,183,69,18,0,0,0
1,4,2,11,16.8,80,69,18,0,0,0
1,5,1,16,79.3,83,82,18,0,60,0
1,4,2,12,9.8,183,69,18,0,61,0
1,2,2,17,6.5,321,134,884,0,0,0
1,4,2,11,9.7,76,69,18,0,0,0
1,2,2,12,10.6,420,199,0,0,0,0
1,4,2,11,13.2,183,69,18,0,0,0
1,4,2,11,14.9,183,69,18,0,0,0
1,1,1,8,5.6,420,134,18,0,4,0
1,4,2,12,10.3,183,69,18,0,61,0
1,5,3,22,5.6,321,134,18,0,1118,0
1,4,2,11,15.6,86,69,18,0,0,0
1,4,2,11,14.7,72,69,18,0,0,0
1,1,1,7,10.1,136,134,53,0,0,0
1,9,4,24,13,183,69,0,0,0,0
1,2,1,8,22.4,183,134,18,0,0,0
1,1,1,9,12.9,420,134,18,0,33,0
1,4,1,11,5,183,134,18,0,30,0
1,4,2,11,20.4,76,69,18,0,0,0
1,4,2,11,17.3,183,69,18,0,0,0
1,4,2,12,15.5,84,69,2931,0,0,0
1,4,2,11,29.2,86,69,18,0,0,0
1,2,2,48,3.4,321,134,662,0,0,0
1,4,2,11,16.3,183,69,18,0,0,0
1,5,3,24,28.5,321,134,48,0,190,0
1,4,2,11,13.4,183,69,18,0,0,0
1,4,2,11,10.9,183,69,18,0,0,0
1,1,1,8,26.2,148,134,53,0,0,0
1,3,3,45,3.9,420,134,330,0,0,0
1,4,2,11,12.6,183,69,18,0,0,0
1,1,1,7,12.6,420,134,53,0,0,0
1,2,1,8,16.5,183,134,18,0,0,0
1,5,3,24,21.8,321,134,48,0,190,0
1,4,2,11,12.2,78,69,18,0,0,0
1,5,3,20,5.4,321,134,560,0,0,0
1,4,2,11,10.2,53,69,18,0,0,0
1,1,1,8,20.3,186,134,2950,0,0,0
1,4,2,11,21,55,69,18,0,0,0
1,2,2,31,21.6,321,134,64,0,57,0
1,4,2,12,12.3,85,69,2931,0,0,0
1,3,3,30,5.5,321,153,322,0,0,0
1,4,2,11,13.6,55,69,18,0,0,0
1,1,1,19,6.2,270,153,77,0,0,0
1,3,3,38,5.3,420,134,330,0,0,0
1,4,2,11,18.7,82,69,18,0,0,0
1,4,1,11,8.1,183,134,18,0,30,0
1,4,2,11,16.8,79,69,18,0,0,0
1,4,1,11,5.4,183,134,18,0,30,0
1,4,2,12,6.3,106,69,18,0,17,0
1,2,1,8,19.5,183,134,18,0,0,0
1,4,2,11,11.7,78,69,18,0,0,0
1,4,1,11,5.9,183,134,18,0,30,0
1,4,2,11,10.2,58,69,18,0,0,0
1,4,2,13,10.6,88,69,18,0,2953,0
1,2,2,24,9.5,420,134,428,0,56,0
1,2,1,8,22.4,183,134,18,0,0,0
1,4,1,11,8.7,183,134,18,0,30,0
1,2,1,8,19,183,134,18,0,0,0
1,4,2,11,18.9,78,69,18,0,0,0
1,1,1,19,7.3,230,153,77,0,0,0
1,5,3,22,6.3,321,134,18,0,1267,0
1,4,2,11,15.9,84,69,18,0,0,0
1,4,2,11,18.4,183,69,18,0,0,0
1,1,1,19,8,218,153,77,0,0,0
1,2,2,22,1.8,420,134,560,0,56,0
1,10,2,25,18.5,71,88,18,0,0,0
1,4,2,11,13.1,183,69,18,0,0,0
1,4,2,11,12.5,53,69,18,0,0,0
1,3,3,37,7.5,321,134,710,0,0,0
1,4,2,11,10.7,90,69,18,0,0,0
1,4,2,11,12.7,77,69,18,0,0,0
1,4,2,11,13.1,53,69,18,0,0,0
1,4,2,11,16,183,69,18,0,0,0
1,4,2,11,8.6,81,69,18,0,0,0
1,2,2,24,9.3,321,134,560,0,0,0
1,1,1,19,7.8,337,153,77,0,0,0
1,2,2,28,15.1,420,134,396,0,57,0
1,2,2,33,11.3,321,134,560,0,0,0
1,4,1,11,6.3,183,134,18,0,30,0
1,4,2,11,16.3,183,69,18,0,0,0
1,5,1,16,58.3,80,82,18,0,60,0
1,4,1,11,6.5,183,134,18,0,30,0
1,3,3,37,7.7,321,134,710,0,0,0
1,4,2,11,19.7,103,69,18,0,0,0
1,1,1,7,12.6,149,134,53,0,0,0
1,5,1,16,51.6,81,82,18,0,60,0
1,1,1,12,13.8,217,153,72,0,0,0
1,4,2,11,8.1,94,69,18,0,0,0
1,1,1,7,9.2,168,134,53,0,0,0
1,2,2,24,12.6,321,134,528,0,57,0
1,4,2,11,10.7,81,69,18,0,0,0
1,3,3,101,9.6,420,134,322,0,0,0
1,10,2,26,8.1,63,88,18,0,25,0
1,4,2,11,8.1,183,69,18,0,0,0
1,4,1,11,6.7,183,134,18,0,30,0
1,4,1,11,6.9,183,134,18,0,30,0
1,4,2,11,13.3,183,69,18,0,0,0
1,2,2,32,9.1,420,134,428,0,0,0
1,2,1,8,27.6,183,134,18,0,0,0
1,4,2,12,6.3,108,69,18,0,17,0
1,4,1,11,4.8,183,134,18,0,30,0
1,2,1,9,50.5,86,69,18,0,56,0
1,1,1,7,8.9,187,134,53,0,0,0
1,2,1,8,19.2,183,134,18,0,0,0
1,3,3,30,7.1,321,153,330,0,0,0
1,4,2,11,14.1,88,69,18,0,0,0
1,4,1,11,4.2,183,134,18,0,30,0
1,5,1,16,83.1,77,82,18,0,60,0
1,4,1,11,6.6,183,134,18,0,30,0
1,2,2,20,4.6,321,134,260,0,57,0
1,1,1,24,7.4,227,134,1098,0,56,0
1,4,2,12,18,89,69,2931,0,0,0
1,1,1,19,6,276,153,77,0,0,0
1,4,2,12,13.8,77,69,2931,0,0,0
1,4,2,11,10.1,87,69,18,0,0,0
1,3,3,48,2.6,420,134,810,0,0,0
1,2,1,8,32.8,183,134,18,0,0,0
1,4,2,11,4,67,69,18,0,0,0
1,1,1,7,2.7,191,134,53,0,0,0
1,2,2,100,5.9,420,134,564,0,57,0
1,10,2,25,7.3,67,88,18,0,0,0
1,1,1,19,8.6,208,153,77,0,0,0
1,2,1,8,16.7,183,134,18,0,0,0
1,4,2,11,12.2,183,69,18,0,0,0
1,1,1,7,16.2,166,134,53,0,0,0
1,1,1,8,14,153,134,2950,0,0,0
1,1,1,7,17.3,157,134,53,0,0,0
1,3,3,53,4.9,321,134,354,0,0,0
1,4,2,12,12.9,183,69,1054,0,0,0
1,3,3,30,2.5,321,153,322,0,0,0
1,4,2,11,18,86,69,18,0,0,0
1,4,2,12,6.2,106,69,18,0,17,0
1,4,1,11,4.3,183,134,18,0,30,0
1,5,1,16,87.7,78,82,18,0,60,0
1,2,1,8,11.1,63,69,18,0,0,0
1,4,2,18,8.6,74,69,18,0,30,0
1,1,1,19,10.1,324,153,77,0,0,0
1,4,1,11,7.7,183,134,18,0,30,0
1,5,3,20,4.3,321,134,560,0,0,0
1,5,1,16,51.7,81,82,18,0,60,0
1,2,1,8,18.9,183,134,18,0,0,0
1,4,2,11,9,183,69,18,0,0,0
1,4,1,11,5.5,183,134,18,0,30,0
1,1,1,9,10.4,420,134,18,0,33,0
1,2,2,38,6.2,420,134,428,0,56,0
1,4,2,11,16,73,69,18,0,0,0
1,4,2,11,11.7,183,69,18,0,0,0
1,2,2,23,13.8,321,153,260,0,76,0
1,1,1,15,11.8,225,153,72,0,0,0
1,4,1,11,9.6,183,134,18,0,30,0
1,4,1,11,2.8,183,134,18,0,30,0
1,4,2,11,20.8,183,69,18,0,0,0
1,2,2,31,11.4,321,134,560,0,0,0
1,4,2,11,15,183,69,18,0,0,0
1,5,1,16,87.5,79,82,18,0,60,0
1,3,3,34,2.3,321,153,418,0,0,0
1,4,1,11,8.4,183,134,18,0,30,0
1,4,2,11,18.8,183,69,18,0,0,0
1,4,2,12,12.5,56,69,18,0,48,0
1,1,1,7,11.4,174,134,53,0,0,0
1,3,3,57,4.9,420,134,330,0,0,0
1,4,2,12,11.3,183,69,18,0,76,0
1,2,2,17,33.5,420,134,0,0,0,0
1,2,2,41,59.3,321,134,64,0,57,0
1,2,1,8,25.3,183,134,18,0,0,0
1,1,1,7,11.1,173,134,53,0,0,0
1,1,1,9,3.5,420,134,18,0,260,0
1,4,2,12,84.6,51,69,18,0,40,0
1,3,3,32,2,420,134,322,0,0,0
1,3,3,48,2.6,420,134,1038,0,0,0
1,2,2,25,3.8,420,134,606,0,0,0
1,4,2,11,10.8,183,69,18,0,0,0
1,3,3,33,2.3,420,134,322,0,0,0
1,3,3,47,1.7,420,134,810,0,0,0
1,4,2,11,12.5,183,69,18,0,0,0
1,5,1,16,83.4,78,82,18,0,60,0
1,4,2,11,20.9,76,69,18,0,0,0
1,3,3,94,39.6,321,134,1742,0,0,0
1,1,1,19,4.6,257,153,77,0,0,0
1,4,2,11,7.2,81,69,18,0,0,0
1,4,1,11,9.2,183,134,18,0,30,0
1,1,1,7,11,151,134,53,0,0,0
1,3,3,36,3.3,420,134,330,0,0,0
1,4,2,11,15.1,74,69,18,0,0,0
1,4,2,11,23.1,183,69,18,0,0,0
1,4,1,11,10.4,183,134,18,0,30,0
1,4,2,11,6.2,67,69,18,0,0,0
1,4,2,11,8.4,183,69,18,0,0,0
1,4,2,11,11.9,183,69,18,0,0,0
1,1,1,19,5.2,225,153,77,0,0,0
1,4,2,12,6.5,109,69,18,0,17,0
1,1,1,7,17.8,188,134,53,0,0,0
1,4,2,11,13,81,69,18,0,0,0
1,5,1,16,80.5,75,82,18,0,60,0
1,4,2,11,13.6,60,69,18,0,0,0
1,4,2,11,11.3,183,69,18,0,0,0
1,5,3,22,6.3,321,134,34,0,3605,0
1,4,2,11,12.8,183,69,18,0,0,0
1,4,2,11,7.7,183,69,18,0,0,0
1,4,2,11,10.5,84,69,18,0,0,0
1,4,1,11,5.4,183,134,18,0,30,0
1,4,1,11,8.8,183,134,18,0,30,0
1,4,2,11,9.3,183,69,18,0,0,0
1,3,3,18,6.6,420,134,0,0,0,0
1,4,1,11,6.6,183,134,18,0,30,0
1,2,2,12,6.8,420,134,0,0,0,0
1,2,1,8,23.9,183,134,18,0,0,0
1,2,1,8,21.6,70,69,18,0,0,0
1,3,3,41,3.7,321,134,346,0,0,0
1,1,1,8,25.7,420,134,18,0,42,0
1,4,2,12,12.4,80,69,2931,0,0,0
1,4,2,11,2.7,86,69,18,0,0,0
1,4,2,12,36.8,92,69,18,0,52,0
1,2,1,8,24.2,183,134,18,0,0,0
1,4,2,11,15.8,183,69,18,0,0,0
1,4,1,11,5.2,183,134,18,0,30,0
1,3,3,88,30.5,321,134,1734,0,0,0
1,4,2,11,38.7,183,69,18,0,0,0
1,5,1,16,65.2,77,82,18,0,60,0
1,2,1,8,25.7,183,134,18,0,0,0
1,2,2,75,6.1,420,134,76,0,0,0
1,1,1,7,8.9,190,134,53,0,0,0
1,4,2,11,15.4,81,69,18,0,0,0
1,2,1,8,36.8,88,69,18,0,0,0
1,4,2,11,9.6,58,69,18,0,0,0
1,4,1,11,6.6,183,134,18,0,30,0
1,4,2,11,13,183,69,18,0,0,0
1,2,2,67,25.8,321,134,560,0,56,0
1,4,2,11,3.5,67,69,18,0,0,0
1,4,2,11,20.3,183,69,18,0,0,0
1,4,1,11,6.4,183,134,18,0,30,0
1,1,1,8,7.6,200,134,2950,0,0,0
1,5,1,16,90.9,73,82,18,0,60,0
1,4,2,11,9,55,69,18,0,0,0
1,4,2,11,12.7,85,69,18,0,0,0
1,4,1,11,6.7,183,134,18,0,30,0
1,3,3,53,2.6,420,134,322,0,0,0
1,4,2,11,21.6,52,69,18,0,0,0
1,1,1,7,12.7,189,134,53,0,0,0
1,4,1,11,3.5,183,134,18,0,30,0
1,4,2,11,10,183,69,18,0,0,0
1,4,2,12,6.3,102,69,18,0,17,0
1,4,2,11,10.8,183,69,18,0,0,0
1,1,1,8,11,420,134,18,0,260,0
1,4,1,11,6.3,183,134,18,0,30,0
1,3,3,42,11,420,134,922,0,0,0
1,4,2,11,14.9,183,69,18,0,0,0
1,1,1,19,6.1,420,134,476,0,0,0
1,4,2,11,15.1,183,69,18,0,0,0
1,1,1,7,16.3,208,134,53,0,0,0
1,1,1,7,10.9,172,134,53,0,0,0
1,5,3,22,8.2,321,134,18,0,3613,0
1,4,2,11,22.1,68,69,18,0,0,0
1,4,2,11,14.8,89,69,18,0,0,0
1,1,1,19,6.9,263,153,77,0,0,0
1,1,1,7,9.6,222,134,53,0,0,0
1,4,2,11,15.9,50,69,18,0,0,0
1,1,1,7,13.4,155,134,53,0,0,0
1,4,2,11,15.4,183,69,18,0,0,0
1,1,1,7,15.9,201,134,53,0,0,0
1,1,1,8,26.8,420,134,18,0,4,0
1,2,1,8,20.1,183,134,18,0,0,0
1,2,1,8,39.5,183,134,18,0,0,0
1,2,1,8,18.7,64,69,18,0,0,0
1,1,1,7,49,155,134,53,0,0,0
1,2,2,12,7.3,420,134,0,0,0,0
1,1,1,9,11.6,420,134,18,0,33,0
1,4,2,11,11,183,69,18,0,0,0
1,1,1,19,8.2,235,153,77,0,0,0
1,5,3,24,20.2,321,134,48,0,190,0
1,4,2,11,13.3,51,69,18,0,0,0
1,4,2,11,15.7,183,69,18,0,0,0
1,1,1,7,22.6,153,134,53,0,0,0
1,4,2,11,22.5,183,69,18,0,0,0
1,4,2,12,7.2,108,69,18,0,17,0
1,5,3,24,22,321,134,48,0,190,0
1,1,1,12,17.8,178,153,53,0,0,0
1,1,1,7,6.3,200,134,53,0,0,0
1,1,1,14,2.9,420,134,64,0,0,0
1,5,3,24,21.9,321,134,48,0,190,0
1,3,3,30,3.2,321,134,330,0,0,0
1,4,1,11,3.9,183,134,18,0,30,0
1,4,2,11,13.9,183,69,18,0,0,0
1,4,2,11,15,82,69,18,0,0,0
1,3,3,129,3.2,420,134,322,0,0,0
1,1,1,7,29.4,162,134,53,0,0,0
1,1,1,7,6.3,203,134,53,0,0,0
1,1,1,7,11.7,185,134,53,0,0,0
1,4,1,11,4.8,183,134,18,0,30,0
1,3,3,39,7.3,420,134,330,0,0,0
1,4,2,11,12.8,183,69,18,0,0,0
1,4,2,12,11.3,183,69,18,0,61,0
1,4,2,12,19.7,103,69,18,0,52,0
1,4,1,11,4.4,183,134,18,0,30,0
1,5,1,16,50.4,77,82,18,0,60,0
1,2,1,8,23.6,183,134,18,0,0,0
1,5,1,16,81.6,81,82,18,0,60,0
1,5,3,24,20.3,321,134,48,0,190,0
1,1,1,7,12.3,193,134,53,0,0,0
1,3,3,38,5.3,321,134,1726,0,0,0
1,4,1,11,3.3,183,134,18,0,30,0
1,4,2,12,10.6,77,69,2931,0,0,0
1,3,3,31,1.9,420,134,982,0,0,0
1,4,2,11,16.9,183,69,18,0,0,0
1,1,1,7,11.2,203,134,53,0,0,0
1,3,3,57,2.2,321,134,322,0,0,0
1,1,1,8,8.7,420,134,18,0,14,0
1,4,1,11,4.7,183,134,18,0,30,0
1,2,1,8,26.9,183,134,18,0,0,0
1,2,2,14,27.8,420,134,0,0,0,0
1,1,1,7,9.4,194,134,53,0,0,0
1,4,2,11,14.2,59,69,18,0,0,0
1,4,2,11,12.7,183,69,18,0,0,0
1,5,3,23,4,321,134,18,0,4193,0
1,4,1,11,6.8,183,134,18,0,30,0
1,2,2,24,9.4,321,134,644,0,0,0
1,4,1,11,7.4,183,134,18,0,30,0
1,4,1,11,7.6,183,134,18,0,30,0
1,4,2,11,24.1,183,69,18,0,0,0
1,4,2,11,12.6,183,69,18,0,0,0
1,4,2,11,16.5,85,69,18,0,0,0
1,4,2,11,12.7,183,69,18,0,0,0
1,4,2,11,10.1,183,69,18,0,0,0
1,1,1,8,5.5,420,134,18,0,14,0
1,2,1,8,23.5,183,69,18,0,0,0
1,4,2,12,15.8,83,69,2931,0,0,0
1,4,2,11,16.4,88,69,18,0,0,0
1,2,1,8,20.9,183,134,18,0,0,0
1,2,2,30,6.3,420,134,528,0,57,0
1,4,2,11,17.6,183,69,18,0,0,0
1,2,1,9,26.2,183,69,18,0,72,0
1,5,3,21,3.7,321,134,48,0,14444,0
1,4,1,11,6.4,183,134,18,0,30,0
1,2,2,22,17,321,134,762,0,0,0
1,1,1,15,12.8,274,153,72,0,0,0
1,4,2,11,14.9,81,69,18,0,0,0
1,1,1,7,5.8,173,134,53,0,0,0
1,4,1,11,9.4,183,134,18,0,30,0
1,5,3,21,16.9,321,134,48,0,9239,0
1,4,2,11,14.1,84,69,18,0,0,0
1,4,2,11,10.3,79,69,18,0,0,0
1,4,2,12,5,94,69,18,0,17,0
1,4,2,11,7.3,183,69,18,0,0,0
1,5,3,21,24.1,321,134,48,0,9233,0
1,4,2,12,6.3,105,69,18,0,17,0
1,2,1,8,18.9,113,134,18,0,0,0
1,5,1,16,81.9,80,82,18,0,60,0
1,4,2,11,8.9,183,69,18,0,0,0
1,2,2,45,19,321,134,428,0,56,0
1,2,1,8,18.8,63,69,18,0,0,0
1,5,1,16,83,76,82,18,0,60,0
1,5,3,21,11.8,321,134,48,0,9239,0
1,2,1,8,24.9,183,134,18,0,0,0
1,1,1,7,10.7,197,134,53,0,0,0
1,1,1,7,3.3,208,134,53,0,0,0
1,2,1,9,53.9,75,69,18,0,56,0
1,5,3,23,23.6,321,134,48,0,2204,0
1,4,2,11,13.9,79,69,18,0,0,0
1,4,2,12,7,108,69,18,0,17,0
1,2,2,30,16.2,321,134,688,0,0,0
1,2,2,47,22.1,420,134,560,0,0,0
1,3,3,88,40.7,321,134,1730,0,0,0
1,4,2,11,18.6,66,69,18,0,0,0
1,1,1,19,8.3,232,153,77,0,0,0
1,2,2,21,3.4,321,153,880,0,0,0
1,4,2,11,22.8,183,69,18,0,0,0
1,1,1,7,5.9,202,134,53,0,0,0
1,4,1,11,8.4,183,134,18,0,30,0
1,4,2,11,8.9,70,69,18,0,0,0
1,4,2,11,10.7,83,69,18,0,0,0
1,4,2,11,12.7,76,69,18,0,0,0
1,1,1,7,2.1,186,134,53,0,0,0
1,4,2,11,15.1,183,69,18,0,0,0
1,2,1,8,7.3,89,69,18,0,0,0
1,4,2,11,30.6,183,69,18,0,0,0
1,4,2,11,5.7,183,69,18,0,0,0
1,4,2,11,56.8,79,69,18,0,0,0
1,1,1,7,4.9,223,134,53,0,0,0
1,4,1,11,4.2,183,134,18,0,30,0
1,5,3,23,4.8,321,134,18,0,7715,0
1,4,2,11,12.1,80,69,18,0,0,0
1,4,2,12,10.7,183,69,18,0,61,0
1,4,2,11,24.1,183,69,18,0,0,0
1,4,2,11,11.9,183,69,18,0,0,0
1,2,1,8,29,183,134,18,0,0,0
1,4,2,11,13.8,81,69,18,0,0,0
1,4,1,11,6.3,183,134,18,0,30,0
1,2,1,9,51.3,85,69,18,0,56,0
1,4,2,11,17.3,183,69,18,0,0,0
1,4,2,11,14.1,72,69,18,0,0,0
1,4,2,11,17.2,56,69,18,0,0,0
1,2,2,23,16.2,321,153,260,0,76,0
1,5,1,16,75.6,82,82,18,0,60,0
1,2,1,8,27.6,183,134,18,0,0,0
1,2,2,20,6,321,134,646,0,0,0
1,4,2,11,29.2,71,69,18,0,0,0
1,4,2,11,18.1,52,69,18,0,0,0
1,4,1,11,10.7,183,134,18,0,30,0
1,4,1,11,5.2,183,134,18,0,30,0
1,2,2,37,11.6,420,134,560,0,56,0
1,4,2,11,13.6,73,69,18,0,0,0
1,4,2,11,4,75,69,18,0,0,0
1,4,2,11,9.6,183,69,54,0,0,0
1,2,1,8,31.8,183,134,18,0,0,0
1,4,2,12,7.8,58,69,18,0,48,0
1,4,2,12,7.1,108,69,18,0,17,0
1,4,2,11,11.9,183,69,18,0,0,0
1,4,1,11,4.8,183,134,18,0,30,0
1,2,1,8,20.4,183,134,18,0,0,0
1,4,2,11,11.7,183,69,18,0,0,0
1,5,3,21,4.1,321,134,48,0,16344,0
1,2,2,56,20.4,420,134,396,0,57,0
1,2,1,8,22.2,183,134,18,0,0,0
1,1,1,7,3.9,192,134,53,0,0,0
1,4,2,11,10.9,183,69,18,0,0,0
1,5,1,16,55,77,82,18,0,60,0
1,1,1,7,10.3,184,134,123,0,0,0
1,4,1,11,5.1,183,134,18,0,30,0
1,2,1,8,16.6,65,69,18,0,0,0
1,4,1,11,8,183,134,18,0,30,0
1,4,2,11,12.1,91,69,18,0,0,0
1,4,2,12,9.2,183,69,18,0,61,0
1,3,3,98,13.3,420,134,842,0,0,0
1,4,2,11,10.9,183,69,18,0,0,0
1,2,1,8,22.1,183,134,18,0,0,0
1,3,3,53,6.1,321,134,354,0,0,0
1,4,2,11,7.8,183,69,18,0,0,0
1,2,2,26,1.7,420,134,528,0,57,0
1,2,2,30,26.3,321,134,696,0,0,0
1,4,2,11,18.1,183,69,18,0,0,0
1,4,2,11,4.1,61,69,18,0,0,0
1,4,2,11,11.6,183,69,18,0,0,0
1,5,3,21,7.3,321,134,34,0,4546,0
1,4,1,11,4.4,183,134,18,0,30,0
1,1,1,8,34.1,420,134,18,0,33,0
1,3,3,30,3.9,382,153,330,0,0,0
1,2,1,8,23.5,183,134,18,0,0,0
1,2,2,27,4.3,420,134,720,0,0,0
1,1,1,8,12.6,212,69,18,0,25,0
1,2,2,25,3.8,420,134,606,0,0,0
1,4,2,11,18.4,183,69,18,0,0,0
1,5,1,16,52,77,82,18,0,60,0
1,4,2,11,11.4,183,69,18,0,0,0
1,4,2,11,12.8,183,69,18,0,0,0
1,4,2,11,8.9,80,69,18,0,0,0
1,3,3,55,4.1,420,134,878,0,0,0
1,1,1,7,13,196,134,53,0,0,0
1,1,1,7,49,321,134,53,0,0,0
1,4,2,11,24.5,93,69,18,0,0,0
1,2,1,9,52.5,88,69,18,0,56,0
1,2,1,8,9,81,69,18,0,0,0
1,4,2,11,13.5,77,69,18,0,0,0
1,4,1,11,9.2,183,134,18,0,30,0
1,5,1,16,86.1,73,82,18,0,60,0
1,2,1,8,21.2,183,134,18,0,0,0
1,4,2,11,24.6,183,69,18,0,0,0
1,3,3,35,5.2,321,134,322,0,0,0
1,4,2,12,8.9,183,69,18,0,74,0
1,3,3,61,2.4,420,134,330,0,0,0
1,4,2,11,11.4,183,69,18,0,0,0
1,4,1,11,3,183,134,18,0,30,0
1,2,1,8,23.3,183,134,18,0,0,0
1,4,2,11,19.5,183,69,18,0,0,0
1,4,2,15,4.2,183,69,511,0,0,0
1,2,1,8,20.7,183,134,18,0,0,0
1,2,1,9,28.6,183,69,18,0,72,0
1,4,2,12,4.8,65,69,18,0,374,0
1,2,1,9,62.6,64,69,18,0,56,0
1,3,3,63,4.8,420,134,330,0,0,0
1,4,1,11,6.1,183,134,18,0,30,0
1,2,2,27,14.2,420,134,484,0,0,0
1,4,2,11,11.1,183,69,18,0,0,0
1,4,2,11,11,183,69,95,0,0,0
1,4,1,11,7.4,183,134,18,0,30,0
1,1,1,7,7.9,197,134,53,0,0,0
1,4,2,11,19.2,183,69,18,0,0,0
1,1,1,8,19.9,420,134,18,0,33,0
1,2,1,8,24,183,69,18,0,0,0
1,9,5,35,7,420,134,716,0,1358,1
1,4,1,12,15.5,89,134,2689,0,0,1
1,4,1,10,10.8,61,134,62,0,0,1
1,9,5,35,7,420,134,716,0,1382,1
1,4,1,10,8.1,84,134,62,0,0,1
0,4,2,11,95.6,183,69,18,0,0,1
1,3,3,28,0.4,420,134,330,0,0,1
1,4,1,10,32.8,73,134,392,0,0,1
1,11,3,33,32.1,321,134,2354,0,0,1
0,4,2,12,9.9,58,69,18,0,547,1
0,4,2,12,1.1,183,69,18,0,61,1
1,1,1,7,6.6,0,420,134,216,0,1
1,4,2,11,11.6,0,183,69,181,0,1
1,12,4,44,1.1,321,134,334,0,0,1
0,4,2,12,10.8,183,69,18,0,61,1
1,10,2,24,4.4,109,88,144,0,0,1
0,14,11,1266,1.5,7724,535,136113,3829,16146,1
1,4,2,12,10.1,183,69,18,0,61,1
1,4,2,12,6.7,183,69,18,0,61,1
0,13,4,427,1.7,321,134,2382,0,1625,1
1,4,1,10,5.5,74,134,62,0,0,1
1,4,1,10,7.3,71,134,368,0,0,1
1,4,1,10,12.4,73,134,116,0,0,1
1,1,1,7,3.8,0,157,134,216,0,1
1,4,1,10,12.4,61,134,18,0,0,1
1,12,4,44,4.4,321,134,1114,0,0,1
1,10,2,26,11.8,56,88,18,0,17,1
0,4,2,11,18.4,183,69,2348,0,0,1
1,9,5,30,13.9,0,321,134,1038,0,1
1,2,2,29,8.2,420,134,64,0,0,1
1,4,2,12,17,183,69,18,0,61,1
0,1,1,6,3.8,420,134,0,0,0,1
1,14,4,35,2.3,183,88,4850,0,0,1
0,4,2,12,1.1,183,69,18,0,61,1
1,4,2,12,7.9,183,69,18,0,61,1
0,3,3,36,7.1,420,134,330,0,0,1
0,10,2,26,3.1,51,88,489,0,0,1
1,4,1,10,15.4,87,134,146,0,0,1
0,3,3,41,5.7,420,134,890,0,0,1
1,3,3,30,6.3,321,153,0,0,0,1
1,4,2,11,13.2,81,69,3200,0,0,1
0,4,2,16,9,183,69,18,0,559,1
0,4,2,12,3.1,183,69,18,0,62,1
1,4,2,11,16.6,0,183,69,181,0,1
1,4,1,10,8.1,86,134,62,0,0,1
1,5,3,17,19.3,420,134,1250,0,0,1
1,1,1,19,17.2,252,153,77,0,0,1
1,4,2,11,10.4,69,69,18,0,0,1
0,4,2,12,10.9,183,69,18,0,61,1
1,1,1,6,7.9,133,134,0,0,0,1
0,1,1,19,13.6,189,153,77,0,0,1
1,1,1,18,11.1,174,153,0,0,0,1
1,6,4,34,6.5,321,134,2108,0,16482,1
1,4,2,11,5.9,54,69,18,0,0,1
1,4,2,11,4.6,72,69,18,0,0,1
0,1,1,7,7.1,144,134,53,0,0,1
0,4,2,12,7.7,183,69,18,0,61,1
0,4,2,11,18.3,183,69,18,0,0,1
0,3,3,40,3.9,420,134,330,0,0,1
1,4,2,11,12.6,0,183,69,181,0,1
1,2,2,35,8.3,420,134,1625,0,0,1
1,4,2,11,4,77,69,18,0,0,1
0,3,3,18,10.7,420,134,0,0,0,1
0,4,1,49,2.4,50,134,62,0,0,1
0,0,0,2,297.6,0,0,0,0,0,1
1,4,2,12,6.1,91,69,18,0,34,1
1,1,1,7,4.8,179,134,53,0,0,1
0,4,2,12,13.8,183,69,18,0,64,1
0,4,2,12,2.9,183,69,18,0,62,1
1,4,2,11,7.4,183,69,18,0,0,1
1,4,2,11,5.6,183,69,786,0,0,1
1,3,3,27,1,0,420,134,465,0,1
0,5,3,18,7.7,420,134,880,0,0,1
1,4,2,11,19.3,183,69,18,0,0,1
1,10,2,26,3.9,69,88,18,0,62,1
1,2,2,12,24.1,420,134,0,0,0,1
1,1,1,6,10.5,191,134,0,0,0,1
1,4,2,12,16.1,183,69,18,0,61,1
0,1,1,8,9.9,189,134,2950,0,0,1
1,10,2,25,2.6,71,88,18,0,0,1
1,4,2,11,11.1,183,69,18,0,0,1
1,4,2,12,6.5,65,69,413,0,0,1
1,6,4,30,0.8,321,134,1456,0,193,1
0,4,2,12,2.2,183,69,18,0,62,1
1,4,2,12,14.9,183,69,18,0,61,1
1,4,2,11,34.8,183,69,110,0,0,1
1,4,2,13,12.2,79,69,18,0,3004,1
1,3,3,29,1.9,420,134,330,0,0,1
1,4,1,10,21.9,96,134,146,0,0,1
0,1,1,19,13,257,153,77,0,0,1
0,4,2,12,13.2,183,69,18,0,61,1
0,1,1,14,8.9,261,153,0,0,0,1
1,4,1,11,9.1,66,134,18,0,454,1
1,5,3,17,2.8,420,134,1308,0,0,1
1,10,2,25,9.8,58,88,74,0,0,1
1,4,2,12,4.2,77,69,2931,0,0,1
0,0,0,2,2615.6,0,0,0,0,0,1
1,4,2,11,48.2,76,69,18,0,0,1
1,4,2,10,8.6,86,69,0,0,0,1
0,4,2,12,1.1,183,69,18,0,61,1
1,4,2,12,26,183,69,18,0,61,1
0,4,2,12,1.1,183,69,18,0,61,1
1,10,2,27,8.6,63,88,2843,0,0,1
1,4,2,11,7,183,69,18,0,0,1
1,4,2,12,7.2,0,183,69,181,0,1
1,4,1,10,20.7,75,134,116,0,0,1
0,3,3,39,5.7,420,134,322,0,0,1
1,2,2,16,3.1,321,134,822,0,0,1
1,4,2,10,9.7,60,69,0,0,0,1
0,4,2,12,1.1,183,69,18,0,61,1
0,10,2,26,3.3,42,88,489,0,0,1
1,4,2,11,9.8,65,69,18,0,0,1
1,1,1,8,32.1,147,134,53,0,51,1
1,4,2,11,4.9,183,69,18,0,0,1
0,10,2,32,6.9,67,88,489,0,559,1
1,4,2,13,2.1,183,69,31,0,22,1
1,10,2,25,1.1,32,88,18,0,0,1
1,4,2,12,2.1,0,183,69,181,0,1
1,4,2,11,23.9,183,69,302,0,0,1
1,4,2,12,10.8,183,69,18,0,61,1
1,11,2,27,15.5,63,88,18,0,548,1
1,4,2,11,159.5,183,69,18,0,0,1
1,1,1,7,125.4,0,94,134,216,0,1
0,4,2,12,2.3,183,69,18,0,62,1
1,4,2,12,3.6,0,183,69,181,0,1
1,4,2,11,18.9,183,69,18,0,0,1
1,4,1,10,7.7,68,134,62,0,0,1
1,4,2,12,16.6,183,69,18,0,61,1
1,1,1,7,4.5,205,134,53,0,0,1
1,8,4,23,9.7,183,69,18,0,301,1
0,2,2,19,32.8,321,134,412,0,56,1
0,1,1,14,2.1,262,153,0,0,0,1
0,1,1,7,9.6,186,134,53,0,0,1
1,1,1,7,15.1,225,134,53,0,0,1
1,10,2,25,13.6,42,88,18,0,0,1
1,1,1,7,23.2,213,134,53,0,0,1
1,10,2,26,31.4,54,88,18,0,61,1
1,8,2,20,21.1,76,88,18,0,0,1
1,4,1,10,8.1,77,134,62,0,0,1
0,4,2,11,105.7,183,69,54,0,0,1
0,59,58,1209,3.6,12145,12556,15768,11771,13916,1
1,4,2,11,20.9,80,69,18,0,0,1
1,4,2,12,17.7,0,183,69,181,0,1
0,4,2,11,7.7,69,69,18,0,0,1
1,4,1,10,8.9,71,134,368,0,0,1
1,5,3,17,22.8,0,420,134,5023,0,1
0,4,2,12,14.2,183,69,18,0,61,1
1,10,2,25,8.2,71,88,18,0,0,1
1,4,2,12,10.1,70,69,18,0,84,1
1,4,1,10,8,82,134,62,0,0,1
1,1,1,7,21.1,0,179,134,216,0,1
1,2,2,29,4.6,420,134,64,0,0,1
1,3,3,39,9.3,420,134,0,0,0,1
1,4,2,11,4.6,183,69,18,0,0,1
1,10,2,25,2.5,80,88,18,0,0,1
0,4,2,12,1.1,183,69,18,0,61,1
0,4,2,11,8.4,183,69,116,0,0,1
0,12,1,368,21.6,71,153,480,42,16146,1
1,4,2,12,7,183,69,18,0,61,1
1,4,2,11,6.4,183,69,18,0,0,1
1,9,3,36,1.5,321,153,330,0,0,1
0,4,2,12,6.1,183,69,18,0,61,1
1,11,2,28,13.6,79,88,2505,0,0,1
0,4,2,11,0.6,53,69,12849,0,0,1
1,4,2,11,35.4,58,69,18,0,0,1
1,3,3,38,2.8,420,134,0,0,0,1
1,4,2,11,1.2,50,69,18,0,0,1
1,6,4,30,9.7,321,134,410,0,0,1
1,1,1,6,7.9,183,134,0,0,0,1
1,1,1,15,7,191,153,72,0,0,1
1,3,3,32,19.9,0,321,134,1125,0,1
1,10,2,25,16.9,88,88,18,0,0,1
0,3,3,40,15.9,420,134,722,0,0,1
1,3,3,29,1.4,0,321,153,0,0,1
1,4,1,10,9,95,134,62,0,0,1
1,4,1,10,3.3,64,134,62,0,0,1
1,4,2,11,5.3,79,69,18,0,0,1
1,4,1,10,10.4,95,134,62,0,0,1
1,10,2,25,31.2,68,88,18,0,0,1
1,1,1,7,6,0,216,134,216,0,1
1,10,2,25,12.6,62,88,18,0,0,1
0,10,2,26,3.2,46,88,489,0,0,1
0,4,2,12,1.1,183,69,18,0,61,1
0,4,2,12,11.4,183,69,18,0,61,1
1,1,1,7,7,0,420,134,216,0,1
1,4,2,12,20.6,183,69,18,0,61,1
0,4,2,12,3.2,183,69,18,0,62,1
1,4,2,12,23.2,183,69,18,0,61,1
1,10,2,25,3.2,42,88,18,0,0,1
1,1,1,7,9.9,0,181,134,216,0,1
1,10,2,25,12.6,83,88,18,0,0,1
0,4,2,12,2.7,183,69,18,0,62,1
1,4,1,10,14.2,72,134,112,0,0,1
0,1,1,12,10.4,229,153,72,0,0,1
1,9,5,35,7,420,134,716,0,1358,1
0,1,1,6,2.6,164,134,0,0,0,1
1,1,1,7,136.3,120,134,18,0,0,1
1,5,3,17,4.7,420,134,906,0,0,1
0,1,1,7,5.7,214,134,53,0,0,1
1,4,2,11,11.6,74,69,13597,0,0,1
1,4,2,12,11.9,183,69,18,0,61,1
0,4,2,12,6.3,183,69,18,0,61,1
0,1,1,7,4.3,230,134,132,0,0,1
1,10,2,25,9.3,63,88,18,0,0,1
1,3,3,58,2.5,0,420,134,465,0,1
1,4,2,11,15.8,72,69,18,0,0,1
0,4,2,21,4.9,183,69,479,0,559,1
1,4,2,11,3.6,54,69,18,0,0,1
1,4,2,12,19.1,183,69,18,0,61,1
0,4,2,11,1,183,69,116,0,0,1
0,4,2,12,14.4,183,69,18,0,61,1
1,4,1,10,53.7,70,134,18,0,0,1
1,4,2,11,8.3,183,69,18,0,0,1
1,4,1,10,2.2,58,134,62,0,0,1
1,4,1,10,14.9,80,134,62,0,0,1
1,11,2,26,3.9,54,88,176,0,0,1
1,4,2,11,5.3,0,54,69,181,0,1
1,4,2,12,7.3,183,69,18,0,61,1
1,10,2,25,13.9,40,88,18,0,0,1
1,3,3,53,4.5,0,321,134,0,0,1
0,4,2,12,1.1,183,69,18,0,61,1
1,12,4,45,2.6,420,199,1795,0,0,1
1,4,2,11,11,183,69,18,0,0,1
1,3,3,34,4.9,420,134,0,0,0,1
0,5,3,140,2.2,27180,4529,3684,0,4,1
1,4,2,12,2.2,183,69,18,0,62,1
1,4,2,11,11.2,183,69,116,0,0,1
1,4,2,13,3.5,93,69,2931,0,47,1
1,1,1,7,20.1,0,147,134,366,0,1
1,4,2,12,7.3,100,69,18,0,37,1
0,1,1,19,5,214,153,77,0,0,1
1,11,2,26,5.9,43,88,176,0,0,1
0,7,1,355,0.5,69,134,480,42,16146,1
1,4,2,12,24.4,183,69,18,0,61,1
0,3,3,40,4.1,420,134,894,0,0,1
1,4,2,12,5.9,183,69,18,0,61,1
1,4,2,12,3.4,183,69,18,0,62,1
1,1,1,8,10.5,420,134,2931,0,0,1
1,3,3,33,4,0,420,134,0,0,1
1,4,2,11,6.8,183,69,1282,0,0,1
1,4,2,11,3.1,40,69,18,0,0,1
1,10,2,25,15.8,65,88,18,0,0,1
1,4,2,12,8.1,183,69,18,0,61,1
0,3,3,33,3.4,420,134,330,0,0,1
0,4,4,38,6.6,183,69,6916,17,43,1
0,4,2,11,3,75,69,12849,0,0,1
1,4,1,10,4.7,61,134,62,0,0,1
1,4,1,10,5.2,77,134,62,0,0,1
0,4,2,11,9.1,183,69,18,0,0,1
0,4,2,12,14.5,183,69,18,0,61,1
1,1,1,7,62.7,0,157,134,216,0,1
1,4,1,10,7.7,68,134,62,0,0,1
0,4,2,12,1.1,183,69,18,0,61,1
1,4,1,12,15.9,96,134,2413,0,0,1
1,8,4,39,12.9,183,69,2570,0,0,1
1,9,5,35,7,420,134,716,0,1358,1
1,4,2,12,6.1,65,69,18,0,264,1
1,4,1,10,3,59,134,62,0,0,1
1,4,1,10,16.7,80,134,368,0,0,1
0,4,2,12,5.5,183,69,18,0,61,1
0,4,2,12,1.1,183,69,18,0,61,1
1,8,4,25,15.8,0,94,69,1142,0,1
1,4,1,12,12.7,73,134,2359,0,0,1
1,4,2,11,12.8,183,69,18,0,0,1
1,4,2,12,14.6,183,69,18,0,61,1
1,4,2,10,7.5,57,69,0,0,0,1
0,4,2,12,12.5,183,69,18,0,61,1
1,4,2,12,9.7,0,183,69,181,0,1
1,4,2,11,7.1,183,69,18,0,0,1
1,4,2,12,23.6,67,69,18,0,520,1
1,4,2,11,45.8,56,69,18,0,0,1
1,4,2,12,3,183,69,18,0,62,1
1,1,1,6,2.7,162,134,0,0,0,1
0,4,2,12,4,53,69,489,0,0,1
1,10,2,25,5.9,82,88,18,0,0,1
1,1,1,6,10.2,170,134,0,0,0,1
1,4,2,12,9.7,183,69,18,0,61,1
1,1,1,6,14.4,0,158,134,0,0,1
1,10,2,25,31.9,64,88,18,0,0,1
1,3,3,38,4.6,0,420,134,0,0,1
0,4,2,11,14.2,183,69,18,0,0,1
0,3,3,41,5.1,420,134,438,0,0,1
0,4,2,12,1,183,69,18,0,61,1
0,4,2,12,1.1,183,69,18,0,61,1
1,4,2,12,9.2,183,69,18,0,61,1
0,4,2,12,1.1,183,69,18,0,61,1
1,4,1,10,3.6,60,134,368,0,0,1
1,10,2,25,13.7,51,88,18,0,0,1
0,4,2,12,1.1,183,69,18,0,61,1
0,4,2,12,12.4,183,69,18,0,61,1
0,4,2,11,12.2,183,69,18,0,0,1
0,4,2,11,16,183,69,116,0,0,1
1,4,1,10,5.1,65,134,1551,0,0,1
1,4,2,11,7.3,62,69,18,0,0,1
1,1,1,7,7.3,420,134,18,0,0,1
1,4,2,12,12.7,183,69,18,0,61,1
1,4,2,15,1.2,183,69,3007,0,0,1
1,4,2,11,14.6,0,183,69,181,0,1
1,4,1,10,18.6,75,134,116,0,0,1
0,1,1,15,9.8,249,153,72,0,0,1
0,4,2,12,13.3,183,69,18,0,61,1
1,4,2,12,4.8,183,69,18,0,61,1
0,1,1,6,8.9,194,134,0,0,0,1
1,4,2,12,11,183,69,18,0,62,1
1,4,2,13,2,183,69,31,0,22,1
0,3,3,43,18.3,420,134,322,0,0,1
0,4,2,11,8.7,67,69,18,0,0,1
1,4,2,12,3,183,69,18,0,62,1
1,10,2,25,28.2,49,88,718,0,0,1
0,4,2,12,2.3,183,69,18,0,62,1
1,4,1,10,4.5,71,134,148,0,0,1
1,10,2,25,58.7,44,88,44,0,0,1
1,4,2,10,23.7,68,69,0,0,0,1
1,3,3,27,1.7,321,153,0,0,0,1
1,3,3,34,23.4,0,321,134,1125,0,1
0,4,2,12,11.8,183,69,18,0,61,1
0,98,151,3066,0,27403,16917,16674,30130,18752,1
0,4,2,11,23.8,183,69,18,0,0,1
1,4,2,11,20.3,183,69,18,0,0,1
1,7,3,31,3,321,134,330,0,0,1
0,4,2,12,1,183,69,18,0,61,1
0,0,0,2,31.2,0,0,0,0,0,1
1,4,2,13,2.3,183,69,31,0,22,1
1,11,2,26,9.5,52,88,718,0,0,1
1,10,2,25,9.1,60,88,18,0,0,1
0,3,3,41,5.8,420,134,894,0,0,1
0,4,1,14,11.7,83,134,140,0,0,1
1,1,1,6,5.3,0,192,134,0,0,1
1,10,2,25,17.6,48,88,18,0,0,1
1,4,2,11,7.8,77,69,18,0,0,1
1,4,2,11,2.1,83,69,18,0,0,1
1,4,2,12,7.1,80,69,18,0,62,1
1,4,1,10,16.3,91,134,116,0,0,1
0,1,1,14,10.6,264,153,0,0,0,1
1,3,3,36,5.1,321,134,910,0,0,1
1,4,1,10,6.7,65,134,62,0,0,1
1,10,2,25,11.9,72,88,18,0,0,1
0,4,2,12,1.9,183,69,18,0,62,1
1,5,3,19,1,321,134,1002,0,0,1
1,2,1,9,8.7,70,69,18,0,71,1
0,1,1,14,9.7,264,153,0,0,0,1
1,1,1,6,6.4,180,134,0,0,0,1
1,4,2,11,5.4,109,69,148,0,0,1
1,11,3,36,3.9,420,134,18,0,1167,1
0,4,2,11,15.4,183,69,116,0,0,1
1,10,2,25,17.2,66,88,18,0,0,1
0,4,2,12,1.1,183,69,18,0,61,1
1,4,1,10,16.4,74,134,62,0,0,1
1,4,1,10,7.7,94,134,62,0,0,1
0,4,2,12,13.6,183,69,18,0,61,1
1,4,2,11,3.9,183,69,18,0,0,1
1,12,4,46,6.5,321,134,1406,0,0,1
1,4,1,10,5,77,134,62,0,0,1
0,4,2,12,1.1,183,69,18,0,61,1
1,1,1,19,3,250,153,77,0,0,1
1,4,2,12,14,183,69,18,0,61,1
1,10,2,26,32.5,73,88,2363,0,0,1
1,4,2,12,5.1,183,69,18,0,61,1
1,1,1,7,9.2,164,134,53,0,0,1
1,10,2,25,5.5,46,88,18,0,0,1
1,4,1,10,28.5,74,134,134,0,0,1
1,4,2,11,2.1,63,69,18,0,0,1
1,1,1,6,5.7,202,134,0,0,0,1
0,13,4,428,1.7,321,134,2382,0,1625,1
0,4,2,11,21.6,183,69,18,0,0,1
0,3,3,41,5,420,134,894,0,0,1
1,4,2,11,16.1,88,69,0,0,5,1
0,4,2,12,5,183,69,18,0,64,1
1,10,2,25,7.4,76,88,1314,0,0,1
0,1,1,52,2.9,185,134,1457,909,7481,1
1,10,2,26,5.5,96,88,2931,0,0,1
1,4,2,11,5.8,64,69,18,0,0,1
1,4,2,11,11,71,69,18,0,0,1
1,4,2,12,13.8,183,69,18,0,61,1
1,4,1,12,13.9,96,134,3041,0,0,1
1,4,2,12,9.8,78,69,18,0,70,1
1,3,3,27,0.4,420,134,0,0,0,1
1,4,1,10,6.2,84,134,62,0,0,1
0,4,2,12,1.1,183,69,18,0,61,1
1,4,2,12,25,183,69,18,0,61,1
1,1,1,19,6.4,177,153,77,0,0,1
1,1,1,6,31.2,223,134,0,0,0,1
0,4,2,12,1.1,183,69,18,0,61,1
0,4,2,12,26.9,183,69,18,0,64,1
0,4,2,12,1.1,183,69,18,0,61,1
0,10,2,26,2.8,46,88,489,0,0,1
1,4,1,10,31,69,134,18,0,0,1
0,4,2,11,9.1,71,69,18,0,0,1
1,1,1,6,16.7,181,134,0,0,0,1
1,4,1,10,4.2,57,134,146,0,0,1
0,4,2,11,5.7,183,69,2648,0,0,1
1,4,2,11,3.8,56,69,18,0,0,1
0,4,2,12,1.1,183,69,18,0,61,1
1,3,3,44,10.8,321,134,0,0,0,1
0,4,2,12,13.6,183,69,18,0,61,1
0,4,2,12,1.1,183,69,18,0,61,1
1,1,1,6,12.3,91,134,0,0,0,1
0,3,3,25,2.4,420,134,322,0,0,1
1,1,1,7,23.3,147,134,53,0,0,1
0,1,1,12,12.4,204,153,72,0,0,1
1,10,2,25,10.8,79,88,154,0,0,1
0,1,1,6,8.5,199,134,0,0,0,1
1,4,2,11,8.5,183,69,68,0,0,1
1,10,2,26,2.2,85,88,18,0,62,1
1,1,1,6,4.2,151,134,0,0,0,1
1,4,1,10,6.2,66,134,62,0,0,1
1,4,2,11,6.4,56,69,18,0,0,1
1,4,1,10,11,58,134,18,0,0,1
0,4,2,11,7,183,69,2348,0,0,1
0,4,2,12,1.1,183,69,18,0,61,1
1,4,2,11,8.2,91,69,44,0,0,1
1,4,1,10,11.8,76,134,62,0,0,1
1,4,2,11,23.1,183,69,18,0,0,1
1,4,2,12,12.1,183,69,18,0,61,1
0,4,2,12,1,183,69,18,0,61,1
0,4,2,11,10.7,183,69,18,0,0,1
0,2,2,30,3.4,420,134,618,0,0,1
1,4,2,11,6,81,69,18,0,0,1
1,4,2,12,13.7,183,69,18,0,61,1
1,12,4,43,7.8,321,134,330,0,0,1
1,1,1,7,6.9,159,134,53,0,0,1
1,4,2,11,15.6,183,69,18,0,0,1
1,4,2,12,6,57,69,18,0,61,1
1,4,1,10,10.4,60,134,62,0,0,1
1,4,2,11,15.3,183,69,18,0,0,1
1,3,3,48,3.8,420,134,0,0,0,1
1,1,1,6,9.8,190,134,0,0,0,1
0,4,2,12,24.9,183,69,18,0,61,1
0,4,2,12,1.1,183,69,18,0,61,1
1,4,2,13,2.2,183,69,31,0,22,1
1,4,2,12,3.6,183,69,18,0,62,1
1,4,2,11,21.6,183,69,18,0,0,1
1,4,2,12,6.2,183,69,18,0,61,1
1,4,2,12,10.9,183,69,18,0,61,1
1,4,2,12,12.7,0,183,69,181,0,1
1,4,2,12,16,183,69,18,0,61,1
1,10,2,24,13.3,72,88,686,0,0,1
0,4,2,11,6.1,183,69,2348,0,0,1
1,10,2,25,5.3,74,88,1080,0,0,1
0,4,2,12,12.7,183,69,18,0,61,1
0,4,2,12,14.2,183,69,18,0,61,1
1,4,2,11,8.7,183,69,54,0,0,1
0,4,2,12,5.2,183,69,18,0,62,1
1,1,1,7,10.5,0,163,134,398,0,1
1,4,1,10,7.8,91,134,62,0,0,1
0,1,1,19,12.4,225,153,77,0,0,1
1,1,1,19,5.9,0,303,153,240,0,1
1,4,1,12,17,73,134,2359,0,0,1
1,4,2,11,15.6,183,69,78,0,0,1
1,3,3,27,0.6,420,134,0,0,0,1
1,4,1,10,5.5,64,134,18,0,0,1
1,4,2,12,8.5,183,69,18,0,61,1
1,4,1,10,7.1,77,134,62,0,0,1
1,4,2,11,9.9,183,69,18,0,0,1
1,1,1,6,25,171,134,0,0,0,1
1,1,1,6,7.4,191,134,0,0,0,1
0,2,2,15,172.3,321,134,0,0,0,1
0,4,23,2159,0.7,4497,3244,3474,5202,7722,1
1,1,1,6,4.5,212,134,0,0,0,1
1,4,1,10,12.9,63,134,18,0,0,1
1,4,1,10,6.8,69,134,62,0,0,1
1,2,2,29,4.6,420,134,64,0,0,1
1,5,3,19,14.2,0,420,134,890,0,1
0,4,2,12,15.6,183,69,18,0,61,1
1,1,1,6,18.6,171,134,0,0,0,1
1,10,2,25,5.1,60,88,18,0,0,1
1,4,2,12,16.8,183,69,18,0,61,1
1,12,4,54,7.6,154,134,932,0,0,1
0,4,2,11,6.9,66,69,68,0,0,1
0,1,1,6,2.1,167,134,0,0,0,1
0,1,1,7,7,185,134,53,0,0,1
1,3,3,31,2.2,0,321,153,0,0,1
1,4,2,12,10,70,69,18,0,815,1
0,4,2,11,7,183,69,2348,0,0,1
1,4,2,12,4.7,183,69,18,0,61,1
1,4,1,10,7.6,93,134,572,0,0,1
1,4,2,12,17.4,183,69,18,0,61,1
1,1,1,7,0.5,151,134,0,0,0,1
1,10,2,25,14.8,56,88,18,0,0,1
1,4,2,12,16.9,183,69,18,0,61,1
1,4,2,11,17.7,183,69,116,0,0,1
0,1,1,6,2.3,184,134,0,0,0,1
1,1,1,19,2.7,0,173,153,240,0,1
1,4,2,11,40.8,62,69,18,0,0,1
1,1,1,6,10,183,134,0,0,0,1
0,4,2,12,1,183,69,18,0,61,1
1,1,1,7,1.9,420,134,12879,0,0,1
0,4,2,11,4.6,183,69,116,0,0,1
1,3,3,41,2.7,0,420,134,465,0,1
0,12,4,84,2,321,134,2382,0,0,1
1,4,2,11,13.2,59,69,370,0,0,1
1,4,2,11,5.6,183,69,116,0,0,1
1,4,2,11,10.6,65,69,18,0,0,1
1,10,2,25,10.8,79,88,218,0,0,1
0,10,2,26,3.7,40,88,489,0,0,1
1,4,1,10,11.7,81,134,62,0,0,1
1,4,2,11,8.8,88,69,18,0,0,1
0,4,2,12,1,183,69,18,0,61,1
1,1,1,7,7.9,0,420,134,216,0,1
0,4,2,12,4.1,183,69,18,0,61,1
0,6,4,24,38.9,420,134,884,0,0,1
1,4,2,11,7.7,80,69,18,0,0,1
1,4,2,11,27.2,0,183,69,181,0,1
1,4,1,10,5.8,63,134,62,0,0,1
1,4,2,11,21.7,73,69,18,0,0,1
1,5,3,21,12.9,321,134,990,0,0,1
1,4,2,11,13.4,89,69,18,0,0,1
1,4,2,10,7.2,183,69,0,0,0,1
1,10,2,26,12,68,88,18,0,111,1
1,1,1,7,5.3,217,134,53,0,0,1
0,3,3,19,10.4,420,134,0,0,0,1
1,1,1,28,7.5,420,134,1463,0,0,1
0,0,0,2,1063.4,0,0,0,0,0,1
1,10,2,25,6,53,88,18,0,0,1
1,4,1,10,7.8,90,134,62,0,0,1
0,4,2,12,13.9,183,69,18,0,61,1
1,11,3,32,5.5,420,134,24047,0,0,1
1,3,3,23,0.1,420,134,0,0,0,1
1,4,2,11,15.7,72,69,18,0,0,1
0,4,2,12,1.1,183,69,18,0,61,1
0,1,1,6,2.6,175,134,0,0,0,1
0,1,1,6,20.5,181,134,0,0,0,1
0,7,1,355,2.1,69,134,480,42,16146,1
1,4,1,10,16.7,98,134,18,0,0,1
0,4,2,11,5.2,183,69,116,0,0,1
0,4,2,12,11.4,183,69,18,0,61,1
0,3,3,40,3.7,420,134,894,0,0,1
1,4,1,10,9.6,80,134,146,0,0,1
0,3,3,32,7.6,420,134,842,0,0,1
1,4,2,12,15.8,183,69,18,0,61,1
0,1,1,6,8.8,203,134,0,0,0,1
1,3,3,27,0.5,420,134,0,0,0,1
1,1,1,7,8.6,0,153,134,216,0,1
1,2,2,15,15.7,420,134,470,0,33,1
1,6,1,16,6.5,53,153,18,0,0,1
1,1,1,7,3.8,0,180,134,216,0,1
0,4,2,12,5.1,183,69,18,0,61,1
1,10,2,25,5.9,49,88,18,0,0,1
1,4,2,12,5.2,0,183,69,3022,0,1
0,4,2,12,1,183,69,18,0,61,1
0,5,2,60,22.4,183,69,18,0,0,1
1,6,4,26,10.5,321,134,0,0,0,1
1,4,2,11,5.4,183,69,18,0,0,1
0,1,1,6,8,203,134,0,0,0,1
1,1,1,6,9.3,293,134,0,0,0,1
0,3,3,38,4.9,420,134,894,0,0,1
0,4,2,12,5.4,183,69,18,0,61,1
1,1,1,6,5.7,0,200,134,0,0,1
0,16,5,672,1.6,3240,5252,5404,2106,3254,1
1,3,3,44,2.9,420,134,0,0,0,1
1,1,1,18,5.3,339,153,0,0,0,1
1,4,2,11,9.9,55,69,18,0,0,1
0,4,2,11,7.1,183,69,2348,0,0,1
0,3,3,40,5.6,420,134,894,0,0,1
1,4,2,12,19,183,69,18,0,64,1
1,10,2,25,9.8,42,88,18,0,0,1
1,4,2,11,4.4,61,69,940,0,0,1
1,4,2,12,14.7,183,69,18,0,61,1
0,4,2,12,10,183,69,18,0,61,1
1,4,2,11,19.5,183,69,18,0,0,1
1,4,2,13,2.1,183,69,31,0,22,1
1,5,3,26,1.7,420,134,1235,0,13159,1
0,1,1,19,11.8,177,153,77,0,0,1
1,4,2,12,2.6,183,69,18,0,62,1
1,1,1,7,5.9,209,134,0,0,62,1
1,7,1,18,13.2,52,153,18,0,0,1
1,10,2,25,20.3,53,88,18,0,0,1
0,3,3,25,2.4,420,134,0,0,0,1
0,12,6,72,2.6,321,2126,8810,10017,4159,1
1,4,2,10,10.9,95,69,0,0,0,1
1,10,2,26,22,72,75,18,0,0,1
1,10,2,25,6.3,77,88,654,0,0,1
1,4,1,10,8.6,74,134,62,0,0,1
0,12,4,100,2.7,321,134,2382,0,0,1
0,3,3,41,3.8,420,134,438,0,0,1
0,3,3,40,3.1,420,134,918,0,0,1
0,4,2,11,18.3,183,69,18,0,0,1
1,4,1,10,19.5,81,134,256,0,0,1
1,1,1,7,9.3,160,134,0,0,63,1
1,4,1,10,3.7,58,134,1057,0,0,1
1,4,2,12,16.1,183,69,18,0,61,1
1,10,2,26,4.9,87,88,18,0,62,1
1,4,2,12,12.2,0,183,69,181,0,1
1,4,2,11,15.7,73,69,18,0,0,1
1,4,2,12,4.8,183,69,18,0,62,1
0,1,1,6,0,76,134,0,0,0,1
0,4,2,12,5.3,183,69,18,0,64,1
1,6,4,29,10.9,321,134,1400,0,0,1
1,10,2,25,9.1,66,88,18,0,0,1
0,21,20,384,13.1,183,129,10884,192,517,1
0,4,2,11,24.8,183,69,116,0,0,1
1,1,1,7,4.7,163,134,53,0,0,1
1,4,2,13,2.5,0,183,69,1835,0,1
1,2,1,9,5.9,49,69,133,0,0,1
1,10,2,25,7.9,54,88,92,0,0,1
1,4,2,12,24.9,183,69,18,0,61,1
1,1,1,9,15.5,420,134,18,0,33,1
0,4,2,12,1.1,183,69,18,0,61,1
1,3,3,27,4.7,336,153,0,0,0,1
1,4,1,10,9.1,68,134,62,0,0,1
1,4,1,10,10.7,85,134,62,0,0,1
1,4,1,10,8.6,72,134,368,0,0,1
1,10,2,25,5.2,63,88,18,0,0,1
1,4,2,11,9.6,89,69,18,0,0,1
0,4,2,12,11.3,183,69,18,0,61,1
1,10,2,25,8.8,42,88,18,0,0,1
1,4,1,10,1.9,52,134,162,0,0,1
0,4,2,11,1.7,50,69,18,0,0,1
1,10,2,25,15,52,88,18,0,0,1
1,10,2,25,13.3,74,88,18,0,0,1
0,4,2,12,10,183,69,18,0,61,1
1,4,1,10,10.8,74,134,62,0,0,1
1,1,1,7,16.3,0,191,134,216,0,1
1,4,2,11,5.6,0,183,69,181,0,1
0,4,2,12,14.7,183,69,18,0,61,1
1,1,1,6,5.2,163,134,0,0,0,1
1,4,1,10,6.8,82,134,62,0,0,1
0,1,1,6,2.4,420,134,0,0,0,1
1,4,1,10,12.4,79,134,18,0,0,1
1,10,2,26,6.7,55,88,18,0,64,1
1,5,3,18,9.4,420,134,1328,0,0,1
1,4,2,11,12.2,65,69,18,0,0,1
0,4,2,12,5.7,183,69,18,0,61,1
1,1,1,8,19.2,420,69,18,0,18,1
0,5,3,18,22.7,420,134,2064,0,0,1
1,5,3,22,4.6,420,134,1784,0,0,1
1,4,1,10,8.6,69,134,640,0,0,1
0,1,1,6,8,208,134,0,0,0,1
1,11,2,26,5.9,42,88,176,0,0,1
0,4,7,264,7.3,183,80,6592,4329,1745,1
1,10,2,25,8.7,59,88,18,0,0,1
1,1,1,18,3,266,153,0,0,0,1
0,1,1,11,6.4,321,134,344,0,0,1
1,4,2,12,8,183,69,18,0,61,1
0,4,2,12,10,183,69,18,0,61,1
1,3,3,27,0.3,420,134,0,0,0,1
1,4,2,11,18.8,183,69,18,0,0,1
1,4,2,11,18.2,183,69,18,0,0,1
1,4,1,10,22.7,77,134,62,0,0,1
0,4,2,11,8.6,65,69,18,0,0,1
0,4,2,12,29.7,183,69,18,0,61,1
0,1,1,7,9.6,213,134,53,0,0,1
1,1,1,7,4,0,192,134,216,0,1
0,4,2,12,1.1,183,69,18,0,61,1
1,4,2,12,16.6,183,69,18,0,61,1
1,4,2,12,10.5,183,69,18,0,61,1
1,4,2,12,14.7,183,69,18,0,62,1
0,4,2,12,1,183,69,18,0,61,1
1,1,1,7,1.5,139,134,53,0,0,1
1,10,2,25,23.5,63,88,18,0,0,1
0,1,1,6,9.4,203,134,0,0,0,1
1,4,2,11,4.4,0,183,69,181,0,1
0,4,2,12,12.5,183,69,18,0,61,1
1,4,1,10,4.2,74,134,62,0,0,1
1,12,4,46,3.2,321,134,414,0,0,1
1,10,2,26,22.1,50,88,18,0,52,1
1,1,1,7,8,420,134,53,0,0,1
1,10,2,24,11.9,53,88,686,0,0,1
1,4,2,12,14.9,183,69,18,0,61,1
1,4,2,11,7.2,183,69,18,0,0,1
1,4,1,10,5.8,74,134,368,0,0,1
1,1,1,6,20.5,211,134,0,0,0,1
1,10,2,26,10.1,68,88,18,0,61,1
1,4,1,10,8.7,76,134,62,0,0,1
1,10,2,25,12.8,71,88,18,0,0,1
0,4,2,12,1,183,69,18,0,61,1
1,3,3,40,2.3,0,420,134,470,0,1
0,4,2,12,3.4,183,69,18,0,62,1
1,4,2,11,2.9,48,69,18,0,0,1
1,10,2,26,0.4,46,88,2931,0,0,1
1,10,2,25,2.9,76,88,18,0,0,1
1,3,3,34,5.5,420,134,330,0,0,1
1,4,2,12,16.3,183,69,18,0,61,1
0,1,1,19,6.4,268,153,77,0,0,1
1,1,1,8,47.6,158,134,30,0,0,1
1,4,2,11,5.1,183,69,18,0,0,1
1,4,2,11,25.1,183,69,42,0,0,1
1,3,3,28,0.3,420,134,330,0,0,1
1,10,2,24,19.5,66,88,686,0,0,1
0,3,3,40,5.8,420,134,894,0,0,1
1,4,1,10,6,67,134,62,0,0,1
1,4,1,10,7.5,71,134,168,0,0,1
1,10,2,25,19.5,69,88,542,0,0,1
0,4,2,11,28.4,183,69,18,0,0,1
1,3,3,24,0.9,420,134,0,0,0,1
0,4,2,12,1.1,183,69,18,0,61,1
1,12,4,47,6.8,321,134,374,0,0,1
0,4,2,12,15.3,183,69,18,0,61,1
0,1,1,6,2.3,164,134,0,0,0,1
1,4,2,12,21.7,0,183,69,181,0,1
1,4,2,13,2.2,183,69,31,0,22,1
0,4,2,12,12.9,183,69,18,0,61,1
1,4,2,12,20.7,183,69,697,0,0,1
0,4,2,12,1.1,183,69,18,0,61,1
1,4,2,12,2.5,183,69,18,0,61,1
1,10,2,25,9.5,45,88,18,0,0,1
1,4,2,11,22.3,183,69,18,0,0,1
1,4,2,11,36,59,69,116,0,0,1
0,3,3,41,5.8,420,134,894,0,0,1
1,4,2,11,14.5,82,69,18,0,0,1
0,5,3,18,16.1,420,134,2064,0,0,1
0,21,23,451,0.2,224,72,357,32,77,1
1,1,1,7,36.5,89,134,53,0,0,1
0,1,1,6,3.8,149,134,0,0,0,1
1,1,1,7,0.5,120,134,53,0,0,1
0,4,2,11,32,183,69,18,0,0,1
1,4,1,10,8.5,91,134,62,0,0,1
1,4,2,12,24,88,69,18,0,61,1
1,1,1,27,6.1,236,134,0,0,0,1
1,1,1,7,15.5,211,134,53,0,0,1
1,4,1,10,3.7,53,134,62,0,0,1
0,4,2,12,1,183,69,18,0,61,1
1,10,2,25,12.1,54,88,18,0,0,1
1,4,2,11,14.6,85,69,18,0,0,1
1,4,1,11,15.2,73,134,2975,0,0,1
1,12,4,42,2.5,321,134,1114,0,0,1
1,1,1,19,0.5,140,153,77,0,0,1
0,1,1,6,1.6,164,134,0,0,0,1
1,4,1,10,11.7,98,134,62,0,0,1
1,4,1,11,9.6,95,134,457,0,0,1
1,3,3,34,1.8,420,134,330,0,0,1
1,10,2,25,3.8,69,88,18,0,0,1
1,4,2,11,5.5,51,69,18,0,0,1
1,3,3,17,3,420,134,0,0,0,1
1,4,1,10,19.3,86,134,62,0,0,1
1,4,2,11,13.2,67,69,18,0,0,1
0,2,2,24,19,321,134,778,0,0,1
1,4,1,10,4.2,58,134,18,0,0,1
1,5,3,17,0.7,420,134,1250,0,0,1
1,10,2,25,39.9,69,88,18,0,0,1
1,4,2,12,20.7,183,69,18,0,61,1
1,2,2,29,4.9,420,134,64,0,0,1
1,1,1,19,4,255,153,77,0,0,1
1,4,2,11,5.2,183,69,18,0,0,1
1,4,2,11,7.6,76,69,116,0,0,1
1,4,2,10,6.1,60,69,0,0,0,1
0,4,2,51,3.6,183,69,54,0,0,1
1,5,3,17,23.6,0,420,134,5023,0,1
0,4,2,12,13,183,69,18,0,61,1
1,8,4,23,8.9,183,69,302,0,0,1
1,4,2,12,7.2,0,183,69,181,0,1
1,4,2,11,5.9,0,60,69,181,0,1
0,4,1,10,0.7,84,134,116,0,0,1
1,8,4,22,23.9,183,69,5082,0,0,1
1,10,2,25,11.5,64,88,44,0,0,1
1,14,4,41,9.6,67,88,1898,0,0,1
1,3,3,27,0.5,420,134,0,0,0,1
1,10,2,26,7.1,71,88,2997,0,0,1
0,4,2,12,12.3,183,69,18,0,61,1
0,4,2,12,1.1,183,69,18,0,61,1
0,4,2,12,1.1,183,69,18,0,61,1
1,4,2,11,4.2,183,69,18,0,0,1
1,3,3,31,0.1,321,153,0,0,0,1
1,3,3,27,0.5,420,134,0,0,0,1
1,11,3,37,2,321,134,1210,0,0,1
1,5,3,17,3.7,420,134,458,0,0,1
1,4,2,11,7.6,183,69,18,0,0,1
1,4,2,11,7.7,90,69,18,0,0,1
1,4,1,10,10.8,74,134,62,0,0,1
1,4,2,12,12,183,69,18,0,61,1
1,12,4,50,0.6,198,134,1030,0,0,1
0,1,1,7,8,150,134,53,0,0,1
1,4,1,10,14.3,88,134,146,0,0,1
0,4,2,11,9.6,183,69,18,0,0,1
0,4,2,12,1.1,183,69,18,0,61,1
0,4,2,11,10.9,91,69,18,0,0,1
1,4,2,11,8.9,71,69,18,0,0,1
0,4,2,12,15.8,183,69,18,0,61,1
1,12,4,44,1.1,321,134,1158,0,0,1
1,4,1,10,38.8,87,134,116,0,0,1
1,4,2,11,13.8,70,69,270,0,0,1
1,4,2,11,11.4,74,69,18,0,0,1
1,1,1,7,14.6,420,69,0,0,18,1
0,3,3,33,6.5,321,134,906,0,0,1
1,1,1,7,7.1,0,420,134,216,0,1
1,4,2,12,16.7,183,69,18,0,61,1
1,10,2,25,8,68,88,84,0,0,1
0,1,1,6,8.5,191,134,0,0,0,1
1,4,1,10,6.5,71,134,18,0,0,1
0,4,2,12,13.1,183,69,18,0,61,1
1,3,3,27,0.1,0,420,134,465,0,1
1,4,2,11,6.3,80,69,18,0,0,1
1,4,2,12,7.2,60,69,18,0,61,1
0,1,1,6,2,177,134,0,0,0,1
1,4,1,10,8.8,82,134,62,0,0,1
0,4,2,12,22.3,183,69,18,0,61,1
0,4,2,12,1.1,183,69,18,0,61,1
0,4,2,12,5,183,69,18,0,61,1
0,4,2,12,13.9,183,69,18,0,61,1
1,10,2,24,7.2,66,88,686,0,0,1
0,4,2,12,1.1,183,69,18,0,61,1
1,8,2,21,7.9,60,88,18,0,0,1
1,1,1,7,12.4,215,134,53,0,0,1
1,4,2,11,4.7,183,69,18,0,0,1
1,1,1,29,7,420,134,0,0,0,1
1,3,3,25,0.1,420,134,0,0,0,1
0,4,2,12,1.1,183,69,18,0,61,1
0,4,2,11,13.8,183,69,18,0,0,1
1,10,2,26,31.5,42,88,18,0,61,1
1,1,1,6,10.2,142,134,0,0,0,1
1,10,2,26,10.2,72,88,939,0,0,1
1,4,2,12,32.1,183,69,18,0,61,1
0,4,2,12,0.1,183,69,18,0,64,1
0,4,2,12,5.7,183,69,18,0,61,1
0,10,8,1245,1.6,183,535,136113,726,16146,1
1,4,1,10,4.2,60,134,62,0,0,1
1,5,3,17,30.5,0,420,134,5023,0,1
1,4,2,12,7.7,183,69,18,0,61,1
1,4,1,10,7.1,70,134,62,0,0,1
1,4,2,11,3.2,42,69,18,0,0,1
1,10,2,26,3.4,67,88,1985,0,0,1
1,4,2,11,9.5,183,69,18,0,0,1
1,4,2,11,4.8,37,69,18,0,0,1
1,5,3,19,6.9,321,134,418,0,0,1
1,11,3,39,1.1,420,134,2159,140,0,1
1,4,2,11,9.3,69,69,857,0,0,1
0,1,1,6,6.3,205,134,0,0,0,1
1,1,1,7,8.6,217,134,53,0,0,1
1,4,1,10,22.7,66,134,18,0,0,1
0,15,18,449,5.3,9906,11234,6592,14932,7223,1
0,4,2,11,11.1,183,69,18,0,0,1
1,4,1,12,4.5,74,134,227,0,1675,1
0,10,2,25,1.5,45,88,18,0,0,1
1,4,2,11,14,63,69,118,0,0,1
1,3,3,25,0.1,420,134,0,0,0,1
0,4,2,12,5.7,183,69,1626,0,950,1
1,4,2,12,14.9,183,69,18,0,61,1
1,4,1,10,9.3,82,134,368,0,0,1
1,4,2,12,4.2,0,183,69,181,0,1
1,4,1,10,7.7,55,134,146,0,0,1
0,1,1,8,34.5,420,134,18,0,33,1
1,9,5,35,7,420,134,716,0,1358,1
1,4,2,11,11,0,183,69,181,0,1
0,7,2,41,27.2,3892,69,8147,5095,13581,1
1,4,2,12,4.8,183,69,18,0,62,1
1,4,1,10,3.8,49,134,62,0,0,1
1,10,2,25,22.2,52,88,18,0,0,1
1,4,1,10,9.2,73,134,62,0,0,1
0,14,7,992,0.1,9162,2132,9670,4396,5500,1
0,9,7,172,15.2,420,199,0,775,1244,1
0,3,3,41,4.8,420,134,438,0,0,1
1,1,1,27,14.6,420,134,0,0,0,1
0,56,63,1186,0,16578,14146,11950,25832,17139,1
1,3,3,30,1.3,420,134,330,0,0,1
0,4,2,11,6.6,183,69,2528,0,0,1
1,1,1,7,14.3,196,134,53,0,0,1
0,4,2,11,15.4,183,69,18,0,0,1
1,4,1,11,10.1,78,134,2975,0,0,1
0,3,3,39,2.4,420,134,322,0,0,1
1,1,1,6,7,210,134,0,0,0,1
0,4,2,12,1.1,183,69,18,0,61,1
1,1,1,6,5.1,185,134,0,0,0,1
1,6,4,25,2.6,420,134,4112,0,0,1
1,4,1,10,11.5,100,134,368,0,0,1
1,3,3,31,81,0,321,153,457,0,1
1,1,1,6,244.1,77,134,0,0,0,1
0,1,1,19,15.1,188,153,77,0,0,1
1,4,1,10,2.7,59,134,232,0,0,1
0,4,2,11,3.4,183,69,18,0,0,1
1,4,2,12,2.6,183,69,7239,0,0,1
1,4,2,13,12.8,65,69,18,0,3002,1
1,4,2,11,5,183,69,18,0,0,1
0,4,2,11,9.9,183,69,18,0,0,1
1,4,2,12,17.8,183,69,18,0,61,1
0,10,8,1245,1.6,183,535,136113,726,16146,1
0,4,2,12,10.6,183,69,18,0,61,1
1,10,2,24,15.9,75,88,0,0,0,1
1,4,1,10,4.9,63,134,62,0,0,1
1,4,2,12,28.6,183,69,18,0,61,1
1,4,1,10,10.7,62,134,62,0,0,1
1,4,2,11,2.7,47,69,1080,0,0,1
1,4,2,11,6.8,60,69,18,0,0,1
0,4,2,12,3.4,53,69,489,0,0,1
0,3,3,41,3.9,420,134,438,0,0,1
1,4,2,11,10,92,69,18,0,0,1
1,1,1,6,6,420,134,0,0,0,1
1,11,3,34,2.7,420,134,1150,0,0,1
0,1,1,76,4.8,185,134,53,0,586,1
1,4,2,11,2.8,75,69,18,0,0,1
0,4,2,11,7.5,183,69,3608,0,0,1
1,14,4,38,2.5,88,88,2778,0,0,1
0,4,2,11,6.5,183,69,2348,0,0,1
1,10,2,25,4.9,74,88,18,0,0,1
1,5,3,22,12.5,0,321,134,293,0,1
0,3,3,39,8,420,134,322,0,0,1
1,10,2,24,6.2,73,88,18,0,0,1
1,4,2,12,5.7,183,69,18,0,61,1
0,1,1,6,8.1,211,134,0,0,0,1
0,1,1,83,4.1,185,134,7014,293,14271,1
1,5,3,18,23,0,420,134,1884,0,1
1,4,1,10,7,104,134,62,0,0,1
1,4,2,11,2.8,46,69,18,0,0,1
1,4,2,12,5.7,83,69,18,0,40,1
0,3,3,40,2.9,420,134,918,0,0,1
0,4,2,12,17.1,183,69,18,0,61,1
0,4,2,12,1.1,183,69,18,0,61,1
1,4,1,10,5.6,55,134,62,0,0,1
0,4,2,11,7.8,65,69,18,0,0,1
1,1,1,6,15.4,134,134,0,0,0,1
0,4,2,12,11.2,183,69,18,0,61,1
0,3,3,42,5.6,420,134,970,0,0,1
1,12,4,54,0.8,420,134,708,0,0,1
0,4,2,12,12,183,69,18,0,61,1
