Is Benign(EOI)?,Number of DHT Markers,Number of DQT Markers,Total Number of Markers,Maximum size used in %,Make of file,Model of file,Max Marker Size for DHT(FFC4),Max Marker Size for DQT FFDB,Max Marker Size for APP1(FFE0),Max Marker Size for APP12(FFEF),Max Marker Size for COM(FFFE)
1,4,2,11,10.0,0,0,86.0,69.0,18.0,0.0,0.0
1,4,1,11,6.9,0,0,183.0,134.0,18.0,0.0,30.0
1,2,2,24,2.6,0,0,420.0,134.0,856.0,0.0,0.0
1,2,1,9,50.9,0,0,88.0,69.0,18.0,0.0,56.0
1,9,5,35,7.0,2,2,420.0,134.0,716.0,0.0,1358.0
1,4,1,12,15.5,0,0,89.0,134.0,2689.0,0.0,0.0
1,3,3,37,7.5,0,0,321.0,134.0,710.0,0.0,0.0
1,4,2,11,32.4,0,0,97.0,69.0,18.0,0.0,0.0
1,1,1,7,5.0,0,0,282.0,134.0,53.0,0.0,0.0
1,2,1,8,23.5,0,0,183.0,69.0,18.0,0.0,0.0
1,4,2,11,10.8,0,0,183.0,69.0,18.0,0.0,0.0
1,1,1,7,17.5,0,0,178.0,134.0,53.0,0.0,0.0
1,4,2,11,13.7,0,0,91.0,69.0,18.0,0.0,0.0
1,4,2,12,12.6,0,0,74.0,69.0,2931.0,0.0,0.0
1,4,1,10,10.8,0,0,61.0,134.0,62.0,0.0,0.0
1,4,1,11,7.8,0,0,183.0,134.0,18.0,0.0,30.0
1,9,5,35,7.0,2,2,420.0,134.0,716.0,0.0,1382.0
1,4,2,11,11.1,0,0,183.0,69.0,18.0,0.0,0.0
1,4,1,10,8.1,0,0,84.0,134.0,62.0,0.0,0.0
1,4,2,11,10.1,0,0,54.0,69.0,18.0,0.0,0.0
1,3,3,35,1.9,2,2,321.0,153.0,828.0,0.0,202.0
1,3,3,34,6.7,0,0,321.0,134.0,322.0,0.0,0.0
0,4,2,11,95.6,0,0,183.0,69.0,18.0,0.0,0.0
1,3,3,28,0.4,0,0,420.0,134.0,330.0,0.0,0.0
1,4,1,11,7.5,0,0,183.0,134.0,18.0,0.0,30.0
1,4,2,11,13.4,0,0,183.0,69.0,18.0,0.0,0.0
1,4,1,10,32.8,0,0,73.0,134.0,392.0,0.0,0.0
1,4,2,11,17.8,0,0,70.0,69.0,18.0,0.0,0.0
1,4,2,11,8.7,0,0,83.0,69.0,18.0,0.0,0.0
1,11,3,33,32.1,0,0,321.0,134.0,2354.0,0.0,0.0
0,4,2,12,9.9,0,0,58.0,69.0,18.0,0.0,547.0
1,4,2,12,10.7,0,0,183.0,69.0,18.0,0.0,61.0
1,2,1,8,18.9,0,0,183.0,134.0,18.0,0.0,0.0
1,4,2,11,15.2,0,0,82.0,69.0,18.0,0.0,0.0
0,4,2,12,1.1,0,0,183.0,69.0,18.0,0.0,61.0
1,4,2,11,15.3,0,0,79.0,69.0,18.0,0.0,0.0
1,10,2,25,6.1,0,0,70.0,88.0,18.0,0.0,0.0
1,4,2,11,28.1,0,0,183.0,69.0,18.0,0.0,0.0
1,4,1,11,4.6,0,0,183.0,134.0,18.0,0.0,30.0
1,1,1,7,6.6,1,1,420.0,134.0,216.0,0.0,0.0
1,5,3,20,4.9,0,0,321.0,134.0,560.0,0.0,0.0
1,2,2,58,14.1,0,0,420.0,134.0,858.0,0.0,0.0
1,4,2,11,11.6,1,1,183.0,69.0,181.0,0.0,0.0
1,12,4,44,1.1,0,0,321.0,134.0,334.0,0.0,0.0
1,1,1,8,6.5,0,0,420.0,134.0,18.0,0.0,14.0
0,4,2,12,10.8,0,0,183.0,69.0,18.0,0.0,61.0
1,4,2,11,21.4,0,0,183.0,69.0,18.0,0.0,0.0
1,5,3,22,6.0,0,0,321.0,134.0,18.0,0.0,4282.0
1,10,2,24,4.4,0,0,109.0,88.0,144.0,0.0,0.0
0,14,11,1266,1.5,0,0,7724.0,535.0,136113.0,3829.0,16146.0
1,4,2,12,10.1,0,0,183.0,69.0,18.0,0.0,61.0
1,4,2,11,14.7,0,0,51.0,69.0,18.0,0.0,0.0
1,4,2,12,6.7,0,0,183.0,69.0,18.0,0.0,61.0
0,13,4,427,1.7,0,0,321.0,134.0,2382.0,0.0,1625.0
1,1,1,7,13.4,0,0,175.0,134.0,53.0,0.0,0.0
1,4,1,10,5.5,0,0,74.0,134.0,62.0,0.0,0.0
1,4,1,10,7.3,0,0,71.0,134.0,368.0,0.0,0.0
1,5,1,16,59.0,0,0,78.0,82.0,18.0,0.0,60.0
1,1,1,8,10.9,0,0,185.0,134.0,2950.0,0.0,0.0
1,4,2,11,9.2,0,0,183.0,69.0,18.0,0.0,0.0
1,4,2,11,12.3,0,0,63.0,69.0,18.0,0.0,0.0
1,4,2,11,14.7,0,0,78.0,69.0,18.0,0.0,0.0
1,4,1,10,12.4,0,0,73.0,134.0,116.0,0.0,0.0
1,1,1,7,3.8,1,1,157.0,134.0,216.0,0.0,0.0
1,4,1,11,7.9,0,0,183.0,134.0,18.0,0.0,30.0
1,4,1,10,12.4,0,0,61.0,134.0,18.0,0.0,0.0
1,12,4,44,4.4,2,2,321.0,134.0,1114.0,0.0,0.0
1,1,1,7,4.4,0,0,174.0,134.0,53.0,0.0,0.0
1,4,2,11,11.3,0,0,183.0,69.0,18.0,0.0,0.0
1,10,2,26,11.8,0,0,56.0,88.0,18.0,0.0,17.0
0,4,2,11,18.4,2,2,183.0,69.0,2348.0,0.0,0.0
1,9,5,30,13.9,1,1,321.0,134.0,1038.0,0.0,0.0
1,2,2,27,6.1,0,0,420.0,134.0,428.0,0.0,0.0
1,2,2,29,8.2,0,0,420.0,134.0,64.0,0.0,0.0
1,4,2,12,17.0,0,0,183.0,69.0,18.0,0.0,61.0
1,4,1,11,6.5,0,0,183.0,134.0,18.0,0.0,30.0
1,4,2,11,12.3,0,0,68.0,69.0,18.0,0.0,0.0
0,1,1,6,3.8,0,0,420.0,134.0,0.0,0.0,0.0
1,1,1,17,11.6,0,0,420.0,134.0,344.0,0.0,0.0
1,14,4,35,2.3,2,2,183.0,88.0,4850.0,0.0,0.0
0,4,2,12,1.1,0,0,183.0,69.0,18.0,0.0,61.0
1,4,2,12,7.9,0,0,183.0,69.0,18.0,0.0,61.0
1,1,1,8,10.1,0,0,196.0,134.0,2950.0,0.0,0.0
0,3,3,36,7.1,0,0,420.0,134.0,330.0,0.0,0.0
1,5,3,21,5.0,0,0,321.0,134.0,48.0,0.0,29266.0
1,4,1,11,7.4,0,0,183.0,134.0,18.0,0.0,30.0
1,4,2,12,12.0,0,0,83.0,69.0,2931.0,0.0,0.0
1,1,1,17,8.0,0,0,420.0,134.0,344.0,0.0,0.0
1,2,1,9,55.3,0,0,83.0,69.0,18.0,0.0,56.0
1,1,1,7,5.6,0,0,195.0,134.0,53.0,0.0,0.0
1,4,2,12,6.3,0,0,106.0,69.0,18.0,0.0,17.0
1,4,2,11,12.4,0,0,183.0,69.0,18.0,0.0,0.0
1,5,1,16,83.4,0,0,79.0,82.0,18.0,0.0,60.0
1,3,3,30,9.1,0,0,321.0,153.0,330.0,0.0,0.0
0,10,2,26,3.1,0,0,51.0,88.0,489.0,0.0,0.0
1,4,2,12,14.6,0,0,90.0,69.0,18.0,0.0,40.0
1,10,2,25,9.3,0,0,87.0,88.0,18.0,0.0,0.0
1,4,1,10,15.4,0,0,87.0,134.0,146.0,0.0,0.0
0,3,3,41,5.7,2,2,420.0,134.0,890.0,0.0,0.0
1,3,3,30,6.3,0,0,321.0,153.0,0.0,0.0,0.0
1,4,2,11,13.2,0,0,81.0,69.0,3200.0,0.0,0.0
0,4,2,16,9.0,0,0,183.0,69.0,18.0,0.0,559.0
0,4,2,12,3.1,0,0,183.0,69.0,18.0,0.0,62.0
1,4,2,11,16.6,1,1,183.0,69.0,181.0,0.0,0.0
1,5,1,16,63.8,0,0,78.0,82.0,18.0,0.0,60.0
1,4,1,10,8.1,0,0,86.0,134.0,62.0,0.0,0.0
1,4,2,11,11.0,0,0,183.0,69.0,18.0,0.0,0.0
1,4,1,11,9.0,0,0,183.0,134.0,18.0,0.0,30.0
1,4,2,11,11.2,0,0,183.0,69.0,18.0,0.0,0.0
1,4,2,11,5.1,0,0,183.0,69.0,18.0,0.0,0.0
1,5,3,17,19.3,0,2,420.0,134.0,1250.0,0.0,0.0
1,1,1,8,16.7,0,0,420.0,134.0,18.0,0.0,33.0
1,1,1,19,17.2,0,0,252.0,153.0,77.0,0.0,0.0
1,5,3,21,5.0,0,0,321.0,134.0,48.0,0.0,16692.0
1,3,3,35,4.4,2,2,321.0,134.0,1694.0,0.0,0.0
1,4,2,11,10.4,0,0,69.0,69.0,18.0,0.0,0.0
1,4,2,11,11.0,0,0,183.0,69.0,18.0,0.0,0.0
0,4,2,12,10.9,0,0,183.0,69.0,18.0,0.0,61.0
1,2,1,8,28.1,0,0,183.0,134.0,18.0,0.0,0.0
1,3,3,32,2.4,2,2,420.0,134.0,922.0,0.0,0.0
1,1,1,6,7.9,0,0,133.0,134.0,0.0,0.0,0.0
0,1,1,19,13.6,0,0,189.0,153.0,77.0,0.0,0.0
1,4,2,11,9.5,0,0,59.0,69.0,18.0,0.0,0.0
1,1,1,18,11.1,0,0,174.0,153.0,0.0,0.0,0.0
1,4,2,11,19.8,0,0,183.0,69.0,18.0,0.0,0.0
1,4,1,11,7.0,0,0,183.0,134.0,18.0,0.0,30.0
1,4,1,11,5.5,0,0,183.0,134.0,18.0,0.0,30.0
1,4,2,11,13.9,0,0,75.0,69.0,18.0,0.0,0.0
1,4,2,11,17.4,0,0,73.0,69.0,18.0,0.0,0.0
1,6,4,34,6.5,0,0,321.0,134.0,2108.0,0.0,16482.0
1,4,2,11,5.9,0,0,54.0,69.0,18.0,0.0,0.0
1,4,2,11,4.6,0,0,72.0,69.0,18.0,0.0,0.0
0,1,1,7,7.1,0,0,144.0,134.0,53.0,0.0,0.0
1,3,3,30,3.5,0,0,321.0,153.0,330.0,0.0,0.0
1,4,1,11,5.8,0,0,183.0,134.0,18.0,0.0,30.0
0,4,2,12,7.7,0,0,183.0,69.0,18.0,0.0,61.0
0,4,2,11,18.3,0,0,183.0,69.0,18.0,0.0,0.0
1,4,2,11,14.2,0,0,74.0,69.0,18.0,0.0,0.0
1,1,1,8,12.9,0,0,196.0,134.0,2950.0,0.0,0.0
0,3,3,40,3.9,0,0,420.0,134.0,330.0,0.0,0.0
1,4,2,11,12.6,1,1,183.0,69.0,181.0,0.0,0.0
1,2,2,35,8.3,0,0,420.0,134.0,1625.0,0.0,0.0
1,4,2,11,4.0,0,0,77.0,69.0,18.0,0.0,0.0
1,4,2,11,21.0,0,0,88.0,69.0,18.0,0.0,0.0
1,1,1,7,3.7,0,0,232.0,134.0,53.0,0.0,0.0
1,1,1,7,9.3,0,0,153.0,134.0,53.0,0.0,0.0
0,3,3,18,10.7,2,2,420.0,134.0,0.0,0.0,0.0
1,4,1,11,5.4,0,0,183.0,134.0,18.0,0.0,30.0
1,1,1,15,12.4,0,0,255.0,153.0,72.0,0.0,0.0
1,4,2,11,11.2,0,0,183.0,69.0,18.0,0.0,0.0
1,2,2,57,20.8,0,0,321.0,134.0,64.0,0.0,57.0
0,4,1,49,2.4,0,0,50.0,134.0,62.0,0.0,0.0
1,4,2,11,10.3,0,0,55.0,69.0,18.0,0.0,0.0
1,1,1,15,9.9,0,0,275.0,153.0,72.0,0.0,0.0
1,4,2,11,20.8,0,0,89.0,69.0,18.0,0.0,0.0
1,2,2,12,10.7,2,2,420.0,199.0,0.0,0.0,0.0
0,0,0,2,11161.7,0,0,0.0,0.0,0.0,0.0,0.0
1,4,2,12,6.1,0,0,91.0,69.0,18.0,0.0,34.0
1,1,1,7,4.8,0,0,179.0,134.0,53.0,0.0,0.0
0,4,2,12,13.8,0,0,183.0,69.0,18.0,0.0,64.0
0,4,2,12,2.9,0,0,183.0,69.0,18.0,0.0,62.0
1,4,2,11,15.5,0,0,183.0,69.0,18.0,0.0,0.0
1,4,2,11,7.4,0,0,183.0,69.0,18.0,0.0,0.0
1,4,2,11,26.5,0,0,89.0,69.0,18.0,0.0,0.0
1,4,2,11,18.1,0,0,183.0,69.0,18.0,0.0,0.0
1,4,2,11,5.6,2,2,183.0,69.0,786.0,0.0,0.0
1,1,1,7,9.0,0,0,187.0,134.0,53.0,0.0,0.0
1,3,3,27,1.0,1,1,420.0,134.0,465.0,0.0,0.0
0,5,3,18,7.7,2,2,420.0,134.0,880.0,0.0,0.0
1,4,2,11,16.9,0,0,183.0,69.0,18.0,0.0,0.0
1,4,2,11,19.3,0,0,183.0,69.0,18.0,0.0,0.0
1,3,3,64,2.8,2,2,420.0,134.0,1038.0,0.0,0.0
1,4,2,11,16.5,0,0,183.0,69.0,18.0,0.0,0.0
1,4,2,11,22.0,0,0,79.0,69.0,18.0,0.0,0.0
1,2,2,39,3.4,0,0,420.0,134.0,528.0,0.0,57.0
1,4,2,11,17.0,0,0,86.0,69.0,18.0,0.0,0.0
1,4,1,11,6.0,0,0,183.0,134.0,18.0,0.0,30.0
1,10,2,26,3.9,0,0,69.0,88.0,18.0,0.0,62.0
1,2,2,12,24.1,0,0,420.0,134.0,0.0,0.0,0.0
1,1,1,15,9.5,0,0,205.0,153.0,72.0,0.0,0.0
1,1,1,6,10.5,0,0,191.0,134.0,0.0,0.0,0.0
1,4,2,12,16.1,0,0,183.0,69.0,18.0,0.0,61.0
0,1,1,8,9.9,0,0,189.0,134.0,2950.0,0.0,0.0
1,2,2,82,19.7,0,0,420.0,134.0,396.0,0.0,57.0
1,4,1,11,3.5,0,0,183.0,134.0,18.0,0.0,30.0
1,1,1,7,10.3,0,0,174.0,134.0,53.0,0.0,0.0
1,10,2,25,2.6,0,0,71.0,88.0,18.0,0.0,0.0
1,4,2,11,19.4,0,0,74.0,69.0,18.0,0.0,0.0
1,4,1,11,9.4,0,0,183.0,134.0,18.0,0.0,30.0
1,4,2,12,7.3,0,0,183.0,69.0,18.0,0.0,61.0
1,4,1,11,5.4,0,0,183.0,134.0,18.0,0.0,30.0
1,4,2,11,11.1,0,0,183.0,69.0,18.0,0.0,0.0
1,4,1,11,6.2,0,0,183.0,134.0,18.0,0.0,30.0
1,2,2,14,13.9,2,2,420.0,199.0,0.0,0.0,0.0
1,4,1,11,4.4,0,0,183.0,134.0,18.0,0.0,30.0
1,4,2,12,6.5,2,2,65.0,69.0,413.0,0.0,0.0
1,6,4,30,0.8,0,0,321.0,134.0,1456.0,0.0,193.0
0,4,2,12,2.2,0,0,183.0,69.0,18.0,0.0,62.0
1,4,2,12,14.9,0,0,183.0,69.0,18.0,0.0,61.0
1,2,1,8,18.9,0,0,64.0,69.0,18.0,0.0,0.0
1,4,2,11,11.1,0,0,77.0,69.0,18.0,0.0,0.0
1,4,2,11,34.8,0,0,183.0,69.0,110.0,0.0,0.0
1,4,2,13,12.2,0,0,79.0,69.0,18.0,0.0,3004.0
1,3,3,29,1.9,0,0,420.0,134.0,330.0,0.0,0.0
1,4,1,10,21.9,0,0,96.0,134.0,146.0,0.0,0.0
0,1,1,19,13.0,0,0,257.0,153.0,77.0,0.0,0.0
1,2,1,9,27.6,0,0,183.0,69.0,18.0,0.0,72.0
0,4,2,12,13.2,0,0,183.0,69.0,18.0,0.0,61.0
1,4,2,11,9.5,0,0,183.0,69.0,18.0,0.0,0.0
0,1,1,14,8.9,0,0,261.0,153.0,0.0,0.0,0.0
1,4,2,11,18.9,0,0,80.0,69.0,18.0,0.0,0.0
1,4,1,11,9.1,0,0,66.0,134.0,18.0,0.0,454.0
1,4,2,11,16.6,0,0,183.0,69.0,18.0,0.0,0.0
1,2,2,12,10.6,2,2,420.0,199.0,0.0,0.0,0.0
1,5,3,21,27.0,0,0,321.0,134.0,48.0,0.0,9195.0
1,5,3,17,2.8,0,0,420.0,134.0,1308.0,0.0,0.0
1,1,1,19,5.3,0,0,256.0,153.0,111.0,0.0,0.0
1,10,2,25,9.8,0,0,58.0,88.0,74.0,0.0,0.0
1,5,3,19,23.4,0,0,420.0,134.0,18.0,0.0,14.0
1,4,1,11,4.8,0,0,183.0,134.0,18.0,0.0,30.0
1,4,2,11,12.4,0,0,69.0,69.0,18.0,0.0,0.0
1,4,2,11,13.2,0,0,82.0,69.0,18.0,0.0,0.0
1,4,2,11,20.0,0,0,183.0,69.0,18.0,0.0,0.0
1,1,1,11,10.6,0,0,321.0,134.0,476.0,0.0,0.0
1,4,2,12,4.2,0,0,77.0,69.0,2931.0,0.0,0.0
1,5,3,23,24.8,0,0,321.0,134.0,48.0,0.0,2202.0
0,0,0,2,3963.5,0,0,0.0,0.0,0.0,0.0,0.0
1,4,2,11,6.1,0,0,73.0,69.0,18.0,0.0,0.0
1,4,2,11,15.2,0,0,79.0,69.0,18.0,0.0,0.0
1,1,1,15,8.1,0,0,218.0,153.0,72.0,0.0,0.0
1,4,2,11,14.3,0,0,183.0,69.0,18.0,0.0,0.0
1,4,2,11,48.2,0,0,76.0,69.0,18.0,0.0,0.0
1,4,2,10,8.6,0,0,86.0,69.0,0.0,0.0,0.0
1,5,1,16,54.4,0,0,82.0,82.0,18.0,0.0,60.0
0,4,2,12,1.1,0,0,183.0,69.0,18.0,0.0,61.0
1,4,2,12,26.0,0,0,183.0,69.0,18.0,0.0,61.0
0,4,2,12,1.1,0,0,183.0,69.0,18.0,0.0,61.0
1,1,1,7,2.8,0,0,216.0,134.0,53.0,0.0,0.0
1,1,1,9,7.9,0,0,420.0,134.0,18.0,0.0,33.0
1,2,1,8,18.5,0,0,183.0,134.0,18.0,0.0,0.0
1,10,2,27,8.6,0,0,63.0,88.0,2843.0,0.0,0.0
1,4,2,11,7.0,0,0,183.0,69.0,18.0,0.0,0.0
1,2,1,8,21.8,0,0,183.0,134.0,18.0,0.0,0.0
1,4,2,11,14.8,0,0,183.0,69.0,18.0,0.0,0.0
1,3,3,77,3.5,2,2,420.0,134.0,1066.0,0.0,0.0
1,1,1,8,11.0,0,0,188.0,134.0,2950.0,0.0,0.0
1,4,2,12,7.2,1,1,183.0,69.0,181.0,0.0,61.0
1,5,1,16,74.3,0,0,79.0,82.0,18.0,0.0,60.0
1,5,3,21,16.6,0,0,321.0,134.0,48.0,0.0,9195.0
1,1,1,8,8.6,0,0,187.0,134.0,2950.0,0.0,0.0
1,4,1,10,20.7,0,0,75.0,134.0,116.0,0.0,0.0
1,1,1,19,5.8,0,0,337.0,153.0,77.0,0.0,0.0
1,4,2,11,18.8,0,0,183.0,69.0,18.0,0.0,0.0
0,3,3,39,5.7,0,0,420.0,134.0,322.0,0.0,0.0
1,2,2,16,3.1,0,0,321.0,134.0,822.0,0.0,0.0
1,4,2,10,9.7,0,0,60.0,69.0,0.0,0.0,0.0
0,4,2,12,1.1,0,0,183.0,69.0,18.0,0.0,61.0
1,4,1,11,4.7,0,0,183.0,134.0,18.0,0.0,30.0
1,2,2,27,13.6,0,0,321.0,134.0,560.0,0.0,0.0
1,1,1,7,12.4,0,0,166.0,134.0,53.0,0.0,0.0
0,10,2,26,3.3,0,0,42.0,88.0,489.0,0.0,0.0
1,5,3,20,3.1,0,0,321.0,134.0,560.0,0.0,0.0
1,4,2,11,9.8,0,0,65.0,69.0,18.0,0.0,0.0
1,2,1,8,21.4,0,0,183.0,134.0,18.0,0.0,0.0
1,5,1,16,64.2,0,0,77.0,82.0,18.0,0.0,60.0
1,1,1,8,32.1,0,0,147.0,134.0,53.0,0.0,51.0
1,3,3,35,4.6,2,2,321.0,134.0,1726.0,0.0,0.0
1,4,2,11,4.9,0,0,183.0,69.0,18.0,0.0,0.0
0,10,2,32,6.9,0,0,67.0,88.0,489.0,0.0,559.0
1,1,1,7,6.6,0,0,175.0,134.0,53.0,0.0,0.0
1,3,3,31,1.9,0,0,420.0,134.0,330.0,0.0,0.0
1,4,2,11,10.6,0,0,55.0,69.0,18.0,0.0,0.0
1,4,2,13,2.1,0,0,183.0,69.0,31.0,0.0,22.0
1,4,2,11,23.5,0,0,101.0,69.0,18.0,0.0,0.0
1,4,2,11,28.8,0,0,183.0,69.0,18.0,0.0,0.0
1,3,3,34,2.2,0,0,321.0,153.0,418.0,0.0,0.0
1,10,2,25,1.1,0,0,32.0,88.0,18.0,0.0,0.0
1,2,2,82,19.1,0,0,420.0,134.0,396.0,0.0,57.0
1,4,2,11,17.6,0,0,183.0,69.0,18.0,0.0,0.0
1,5,3,22,5.0,0,0,321.0,134.0,34.0,0.0,8023.0
1,4,2,11,9.2,0,0,80.0,69.0,18.0,0.0,0.0
1,10,2,25,6.6,0,0,64.0,88.0,18.0,0.0,0.0
1,4,2,11,18.0,0,0,84.0,69.0,18.0,0.0,0.0
1,5,1,16,78.9,0,0,82.0,82.0,18.0,0.0,60.0
1,4,2,12,2.1,1,1,183.0,69.0,181.0,0.0,62.0
1,4,2,11,21.3,0,0,183.0,69.0,18.0,0.0,0.0
1,4,2,11,23.9,0,0,183.0,69.0,302.0,0.0,0.0
1,1,1,7,5.8,0,0,236.0,134.0,53.0,0.0,0.0
1,4,2,12,10.8,0,0,183.0,69.0,18.0,0.0,61.0
1,3,3,33,3.1,0,0,420.0,134.0,322.0,0.0,0.0
1,4,2,11,19.4,0,0,72.0,69.0,18.0,0.0,0.0
1,2,1,8,24.7,0,0,183.0,134.0,18.0,0.0,0.0
1,4,2,11,14.7,0,0,183.0,69.0,18.0,0.0,0.0
1,4,2,11,12.6,0,0,183.0,69.0,18.0,0.0,0.0
1,2,1,8,15.8,0,0,66.0,69.0,18.0,0.0,0.0
1,4,1,10,1.5,0,0,183.0,134.0,18.0,0.0,0.0
1,2,1,8,17.5,0,0,183.0,134.0,18.0,0.0,0.0
1,2,1,8,23.9,0,0,183.0,134.0,18.0,0.0,0.0
1,4,2,11,16.5,0,0,76.0,69.0,18.0,0.0,0.0
1,4,2,11,9.1,0,0,88.0,69.0,18.0,0.0,0.0
1,4,2,11,26.7,0,0,83.0,69.0,18.0,0.0,0.0
1,11,2,27,15.5,0,0,63.0,88.0,18.0,0.0,548.0
1,1,1,7,10.1,0,0,152.0,134.0,53.0,0.0,0.0
1,4,2,11,159.5,0,0,183.0,69.0,18.0,0.0,0.0
1,4,2,11,21.1,0,0,86.0,69.0,18.0,0.0,0.0
1,5,3,24,33.1,0,0,321.0,134.0,48.0,0.0,190.0
1,1,1,7,125.4,1,1,94.0,134.0,216.0,0.0,0.0
1,4,1,11,4.9,0,0,183.0,134.0,18.0,0.0,30.0
1,4,2,11,15.7,0,0,52.0,69.0,18.0,0.0,0.0
1,5,1,16,61.5,0,0,77.0,82.0,18.0,0.0,60.0
0,4,2,12,2.3,0,0,183.0,69.0,18.0,0.0,62.0
1,2,2,31,7.3,0,0,420.0,134.0,714.0,0.0,0.0
1,4,2,11,15.8,0,0,76.0,69.0,18.0,0.0,0.0
1,4,2,12,3.6,1,1,183.0,69.0,181.0,0.0,61.0
1,4,2,11,18.9,0,0,183.0,69.0,18.0,0.0,0.0
1,2,2,29,7.9,0,0,420.0,134.0,880.0,0.0,0.0
1,4,1,10,7.7,0,0,68.0,134.0,62.0,0.0,0.0
1,4,1,11,4.8,0,0,183.0,134.0,18.0,0.0,30.0
1,3,3,40,3.2,2,2,420.0,134.0,1098.0,0.0,0.0
1,4,2,12,16.6,0,0,183.0,69.0,18.0,0.0,61.0
1,1,1,7,4.5,0,0,205.0,134.0,53.0,0.0,0.0
1,8,4,23,9.7,0,0,183.0,69.0,18.0,0.0,301.0
1,1,1,7,7.5,0,0,129.0,134.0,53.0,0.0,0.0
1,4,2,11,14.0,0,0,76.0,69.0,18.0,0.0,0.0
0,2,2,19,32.8,0,0,321.0,134.0,412.0,0.0,56.0
1,1,1,7,18.0,0,0,176.0,134.0,53.0,0.0,0.0
1,3,3,30,6.8,0,0,321.0,153.0,322.0,0.0,0.0
1,4,2,11,56.4,0,0,78.0,69.0,18.0,0.0,0.0
0,1,1,14,2.1,0,0,262.0,153.0,0.0,0.0,0.0
1,4,2,11,17.5,0,0,89.0,69.0,18.0,0.0,0.0
1,5,3,24,21.9,0,0,321.0,134.0,48.0,0.0,190.0
1,3,3,44,9.1,0,0,420.0,134.0,322.0,0.0,4726.0
1,4,1,11,4.6,0,0,183.0,134.0,18.0,0.0,30.0
1,4,2,11,11.5,0,0,183.0,69.0,18.0,0.0,0.0
1,3,3,37,4.8,0,0,420.0,134.0,330.0,0.0,0.0
1,5,1,16,65.1,0,0,76.0,82.0,18.0,0.0,60.0
1,4,1,11,3.7,0,0,183.0,134.0,18.0,0.0,30.0
1,2,1,8,22.1,0,0,183.0,134.0,18.0,0.0,0.0
1,2,1,8,20.0,0,0,183.0,134.0,18.0,0.0,0.0
1,4,2,11,21.8,0,0,78.0,69.0,18.0,0.0,0.0
0,1,1,7,9.6,0,0,186.0,134.0,53.0,0.0,0.0
1,1,1,7,15.1,0,0,225.0,134.0,53.0,0.0,0.0
1,5,3,21,2.3,0,0,321.0,134.0,2931.0,0.0,0.0
1,10,2,25,13.6,0,0,42.0,88.0,18.0,0.0,0.0
1,4,2,11,7.5,0,0,95.0,69.0,18.0,0.0,0.0
1,4,1,11,6.7,0,0,183.0,134.0,18.0,0.0,30.0
1,1,1,7,23.2,0,0,213.0,134.0,53.0,0.0,0.0
1,10,2,26,31.4,0,0,54.0,88.0,18.0,0.0,61.0
1,4,2,11,11.1,0,0,183.0,69.0,18.0,0.0,0.0
1,1,1,8,9.0,0,0,420.0,134.0,18.0,0.0,14.0
1,5,3,21,15.2,0,0,321.0,134.0,48.0,0.0,9195.0
1,8,2,20,21.1,0,0,76.0,88.0,18.0,0.0,0.0
1,4,2,11,28.2,0,0,183.0,69.0,18.0,0.0,0.0
1,1,1,7,7.3,0,0,175.0,134.0,69.0,0.0,0.0
1,4,1,10,8.1,0,0,77.0,134.0,62.0,0.0,0.0
1,2,1,8,20.2,0,0,183.0,134.0,18.0,0.0,0.0
0,4,2,11,105.7,0,0,183.0,69.0,54.0,0.0,0.0
1,2,2,43,5.5,0,0,420.0,134.0,560.0,0.0,56.0
1,4,2,11,20.1,0,0,68.0,69.0,18.0,0.0,0.0
1,4,2,11,19.3,0,0,183.0,69.0,18.0,0.0,0.0
1,2,2,27,12.2,0,0,321.0,134.0,560.0,0.0,0.0
1,1,1,7,14.6,0,0,198.0,134.0,53.0,0.0,0.0
1,1,1,7,16.8,0,0,420.0,134.0,18.0,0.0,0.0
0,59,58,1209,3.6,0,0,12145.0,12556.0,15768.0,11771.0,13916.0
1,4,2,11,21.7,0,0,72.0,69.0,18.0,0.0,0.0
1,3,3,37,6.3,0,0,321.0,134.0,710.0,0.0,0.0
1,4,2,11,20.9,0,0,80.0,69.0,18.0,0.0,0.0
1,4,2,12,17.7,1,1,183.0,69.0,181.0,0.0,61.0
0,4,2,11,7.7,0,0,69.0,69.0,18.0,0.0,0.0
1,2,1,9,50.0,0,0,91.0,69.0,18.0,0.0,56.0
1,4,1,10,8.9,0,0,71.0,134.0,368.0,0.0,0.0
1,5,3,17,22.8,1,1,420.0,134.0,5023.0,0.0,0.0
0,4,2,12,14.2,0,0,183.0,69.0,18.0,0.0,61.0
1,10,2,25,8.2,0,0,71.0,88.0,18.0,0.0,0.0
1,4,2,12,10.1,0,0,70.0,69.0,18.0,0.0,84.0
1,4,1,10,8.0,0,0,82.0,134.0,62.0,0.0,0.0
1,1,1,7,21.1,1,1,179.0,134.0,216.0,0.0,0.0
1,1,1,7,13.3,0,0,153.0,134.0,53.0,0.0,0.0
1,1,1,7,12.3,0,0,198.0,134.0,53.0,0.0,0.0
1,4,2,11,18.3,0,0,78.0,69.0,18.0,0.0,0.0
1,2,2,29,4.6,0,0,420.0,134.0,64.0,0.0,0.0
1,4,2,11,15.3,0,0,58.0,69.0,18.0,0.0,0.0
1,3,3,39,9.3,0,0,420.0,134.0,0.0,0.0,0.0
1,1,1,7,2.7,0,0,274.0,134.0,53.0,0.0,0.0
1,4,2,11,12.2,0,0,183.0,69.0,18.0,0.0,0.0
1,1,1,9,11.9,0,0,420.0,134.0,18.0,0.0,33.0
1,2,1,8,25.5,0,0,183.0,134.0,18.0,0.0,0.0
1,4,2,11,8.0,0,0,70.0,69.0,18.0,0.0,0.0
1,4,2,11,4.6,0,0,183.0,69.0,18.0,0.0,0.0
1,10,2,25,2.5,0,0,80.0,88.0,18.0,0.0,0.0
1,4,2,11,11.4,0,0,183.0,69.0,18.0,0.0,0.0
0,4,2,12,1.1,0,0,183.0,69.0,18.0,0.0,61.0
0,4,2,11,8.4,0,0,183.0,69.0,116.0,0.0,0.0
1,5,3,22,4.0,0,0,321.0,134.0,18.0,0.0,1259.0
0,12,1,368,21.6,0,0,71.0,153.0,480.0,42.0,16146.0
1,1,1,7,13.2,0,0,198.0,134.0,53.0,0.0,0.0
1,4,2,12,7.0,0,0,183.0,69.0,18.0,0.0,61.0
1,4,1,11,7.8,0,0,183.0,134.0,18.0,0.0,30.0
1,4,2,11,8.1,0,0,72.0,69.0,18.0,0.0,0.0
1,4,2,11,6.4,0,0,183.0,69.0,18.0,0.0,0.0
1,2,1,8,19.3,0,0,183.0,134.0,18.0,0.0,0.0
1,9,3,36,1.5,0,0,321.0,153.0,330.0,0.0,0.0
1,4,2,11,15.0,0,0,83.0,69.0,18.0,0.0,0.0
1,2,2,22,2.1,0,0,420.0,134.0,560.0,0.0,56.0
1,4,2,12,2.2,0,0,114.0,69.0,18.0,0.0,57.0
0,4,2,12,6.1,0,0,183.0,69.0,18.0,0.0,61.0
1,4,2,11,4.8,0,0,183.0,69.0,18.0,0.0,0.0
1,11,2,28,13.6,0,0,79.0,88.0,2505.0,0.0,0.0
0,4,2,11,0.6,0,0,53.0,69.0,12849.0,0.0,0.0
1,4,2,11,35.4,0,0,58.0,69.0,18.0,0.0,0.0
1,2,2,12,14.9,2,2,420.0,199.0,0.0,0.0,0.0
1,3,3,38,2.8,0,0,420.0,134.0,0.0,0.0,0.0
1,4,2,11,1.2,0,0,50.0,69.0,18.0,0.0,0.0
1,3,3,37,7.0,0,0,321.0,134.0,710.0,0.0,0.0
1,6,4,30,9.7,0,0,321.0,134.0,410.0,0.0,0.0
1,4,2,11,14.5,0,0,86.0,69.0,18.0,0.0,0.0
1,4,1,11,5.2,0,0,183.0,134.0,18.0,0.0,30.0
1,5,1,16,51.4,0,0,80.0,82.0,18.0,0.0,60.0
1,1,1,6,7.9,0,0,183.0,134.0,0.0,0.0,0.0
1,1,1,15,7.0,0,0,191.0,153.0,72.0,0.0,0.0
1,4,2,11,15.5,0,0,86.0,69.0,18.0,0.0,0.0
1,4,1,11,3.9,0,0,183.0,134.0,18.0,0.0,30.0
1,1,1,19,4.7,0,0,232.0,153.0,77.0,0.0,0.0
1,4,1,11,5.7,0,0,183.0,134.0,18.0,0.0,30.0
1,3,3,32,19.9,1,1,321.0,134.0,1125.0,0.0,0.0
1,10,2,25,16.9,0,0,88.0,88.0,18.0,0.0,0.0
1,5,1,16,80.6,0,0,81.0,82.0,18.0,0.0,60.0
1,4,2,11,12.7,0,0,75.0,69.0,18.0,0.0,0.0
1,4,2,11,10.4,0,0,183.0,69.0,18.0,0.0,0.0
1,1,1,8,19.9,0,0,420.0,134.0,18.0,0.0,4.0
1,4,1,11,3.5,0,0,183.0,134.0,18.0,0.0,30.0
0,3,3,40,15.9,2,2,420.0,134.0,722.0,0.0,0.0
1,3,3,29,1.4,1,1,321.0,153.0,0.0,0.0,0.0
1,4,1,10,9.0,0,0,95.0,134.0,62.0,0.0,0.0
1,4,1,10,3.3,0,0,64.0,134.0,62.0,0.0,0.0
1,4,2,11,5.3,0,0,79.0,69.0,18.0,0.0,0.0
1,4,1,10,10.4,0,0,95.0,134.0,62.0,0.0,0.0
1,1,1,19,6.2,0,0,235.0,153.0,77.0,0.0,0.0
1,10,2,25,31.2,0,0,68.0,88.0,18.0,0.0,0.0
1,1,1,7,6.9,0,0,252.0,134.0,53.0,0.0,0.0
1,2,1,8,17.3,0,0,61.0,69.0,18.0,0.0,0.0
1,1,1,15,32.3,0,0,205.0,153.0,72.0,0.0,0.0
1,1,1,7,6.0,1,1,216.0,134.0,216.0,0.0,0.0
1,10,2,25,12.6,0,0,62.0,88.0,18.0,0.0,0.0
0,10,2,26,3.2,0,0,46.0,88.0,489.0,0.0,0.0
0,4,2,12,1.1,0,0,183.0,69.0,18.0,0.0,61.0
1,2,1,8,20.2,0,0,183.0,134.0,18.0,0.0,0.0
0,4,2,12,11.4,0,0,183.0,69.0,18.0,0.0,61.0
1,1,1,7,7.0,1,1,420.0,134.0,216.0,0.0,0.0
1,4,2,12,20.6,0,0,183.0,69.0,18.0,0.0,61.0
0,4,2,12,3.2,0,0,183.0,69.0,18.0,0.0,62.0
1,2,2,49,11.0,0,0,420.0,134.0,560.0,0.0,56.0
1,4,1,11,6.3,0,0,183.0,134.0,18.0,0.0,30.0
1,4,2,12,23.2,0,0,183.0,69.0,18.0,0.0,61.0
1,10,2,25,3.2,0,0,42.0,88.0,18.0,0.0,0.0
1,1,1,7,3.9,0,0,175.0,134.0,53.0,0.0,0.0
1,1,1,7,4.4,0,0,173.0,134.0,53.0,0.0,0.0
1,1,1,9,10.7,0,0,420.0,134.0,18.0,0.0,33.0
1,4,2,12,23.0,0,0,87.0,69.0,18.0,0.0,52.0
1,2,2,37,5.7,0,0,420.0,134.0,950.0,0.0,0.0
1,3,3,69,2.4,0,0,321.0,134.0,346.0,0.0,0.0
1,1,1,7,9.9,1,1,181.0,134.0,216.0,0.0,0.0
1,10,2,25,12.6,0,0,83.0,88.0,18.0,0.0,0.0
1,4,2,11,23.0,0,0,183.0,69.0,18.0,0.0,0.0
1,1,1,8,13.8,0,0,420.0,134.0,18.0,0.0,33.0
1,4,2,12,6.3,0,0,106.0,69.0,18.0,0.0,17.0
0,4,2,12,2.7,0,0,183.0,69.0,18.0,0.0,62.0
1,1,1,7,17.2,0,0,210.0,134.0,53.0,0.0,0.0
1,4,2,12,13.7,0,0,79.0,69.0,2931.0,0.0,0.0
1,4,1,11,8.9,0,0,183.0,134.0,18.0,0.0,30.0
1,4,1,11,6.3,0,0,183.0,134.0,18.0,0.0,30.0
1,4,1,10,14.2,0,0,72.0,134.0,112.0,0.0,0.0
1,4,2,11,13.0,0,0,53.0,69.0,18.0,0.0,0.0
0,1,1,12,10.4,0,0,229.0,153.0,72.0,0.0,0.0
1,4,2,12,4.9,0,0,97.0,69.0,18.0,0.0,17.0
1,9,5,35,7.0,2,2,420.0,134.0,716.0,0.0,1358.0
0,1,1,6,2.6,0,0,164.0,134.0,0.0,0.0,0.0
1,1,1,7,136.3,0,0,120.0,134.0,18.0,0.0,0.0
1,4,2,11,3.4,0,0,183.0,69.0,18.0,0.0,0.0
1,5,3,17,4.7,2,2,420.0,134.0,906.0,0.0,0.0
1,4,2,11,10.7,0,0,74.0,69.0,18.0,0.0,0.0
1,4,2,11,13.2,0,0,183.0,69.0,18.0,0.0,0.0
0,1,1,7,5.7,0,0,214.0,134.0,53.0,0.0,0.0
1,4,2,11,11.6,0,0,74.0,69.0,13597.0,0.0,0.0
1,4,2,11,10.0,0,0,183.0,69.0,18.0,0.0,0.0
1,4,2,11,9.6,0,0,183.0,69.0,54.0,0.0,0.0
1,4,2,12,11.9,0,0,183.0,69.0,18.0,0.0,61.0
0,4,2,12,6.3,0,0,183.0,69.0,18.0,0.0,61.0
0,1,1,7,4.3,0,0,230.0,134.0,132.0,0.0,0.0
1,10,2,25,9.3,0,0,63.0,88.0,18.0,0.0,0.0
1,2,1,8,18.4,0,0,62.0,69.0,18.0,0.0,0.0
1,3,3,58,2.5,1,1,420.0,134.0,465.0,0.0,0.0
1,4,2,11,15.8,0,0,72.0,69.0,18.0,0.0,0.0
1,3,3,48,1.9,2,2,321.0,134.0,834.0,0.0,0.0
1,4,2,11,12.0,0,0,183.0,69.0,18.0,0.0,0.0
1,10,2,25,9.5,0,0,72.0,88.0,18.0,0.0,0.0
1,1,1,8,11.2,0,0,420.0,134.0,18.0,0.0,33.0
0,4,2,21,4.9,0,0,183.0,69.0,479.0,0.0,559.0
1,5,3,21,3.7,2,2,321.0,134.0,48.0,0.0,14312.0
1,4,2,11,16.4,0,0,73.0,69.0,18.0,0.0,0.0
1,4,2,11,3.6,0,0,54.0,69.0,18.0,0.0,0.0
1,4,2,12,19.1,0,0,183.0,69.0,18.0,0.0,61.0
1,4,2,11,15.6,0,0,183.0,69.0,18.0,0.0,0.0
1,1,1,8,18.4,0,0,420.0,134.0,18.0,0.0,4.0
1,4,2,11,14.5,0,0,49.0,69.0,18.0,0.0,0.0
1,1,1,19,10.4,0,0,223.0,153.0,93.0,0.0,0.0
1,4,2,11,23.0,0,0,76.0,69.0,18.0,0.0,0.0
0,4,2,11,1.0,0,0,183.0,69.0,116.0,0.0,0.0
1,4,2,11,13.1,0,0,91.0,69.0,18.0,0.0,0.0
0,4,2,12,14.4,0,0,183.0,69.0,18.0,0.0,61.0
1,4,1,10,53.7,0,0,70.0,134.0,18.0,0.0,0.0
1,5,3,21,2.5,0,0,321.0,134.0,2931.0,0.0,0.0
1,4,2,11,8.3,0,0,183.0,69.0,18.0,0.0,0.0
1,4,1,10,2.2,0,0,58.0,134.0,62.0,0.0,0.0
1,4,2,11,16.5,0,0,183.0,69.0,18.0,0.0,0.0
1,4,1,10,14.9,0,0,80.0,134.0,62.0,0.0,0.0
1,4,1,11,9.0,0,0,183.0,134.0,18.0,0.0,30.0
1,4,2,11,7.4,0,0,79.0,69.0,18.0,0.0,0.0
1,4,2,11,3.7,0,0,77.0,69.0,18.0,0.0,0.0
1,11,2,26,3.9,0,0,54.0,88.0,176.0,0.0,0.0
1,4,2,11,5.3,1,1,54.0,69.0,181.0,0.0,0.0
1,4,2,12,7.3,0,0,183.0,69.0,18.0,0.0,61.0
1,10,2,25,13.9,0,0,40.0,88.0,18.0,0.0,0.0
1,4,2,13,13.8,0,0,80.0,69.0,2931.0,0.0,0.0
1,3,3,53,4.5,1,1,321.0,134.0,0.0,0.0,0.0
1,4,2,11,12.1,0,0,183.0,69.0,18.0,0.0,0.0
0,4,2,12,1.1,0,0,183.0,69.0,18.0,0.0,61.0
1,12,4,45,2.6,2,2,420.0,199.0,1795.0,0.0,0.0
1,2,1,8,19.8,0,0,183.0,134.0,18.0,0.0,0.0
1,4,1,11,3.6,0,0,183.0,134.0,18.0,0.0,30.0
1,4,2,11,8.6,0,0,87.0,69.0,18.0,0.0,0.0
1,4,2,11,11.0,0,0,183.0,69.0,18.0,0.0,0.0
1,2,2,42,15.3,0,0,420.0,134.0,396.0,0.0,57.0
1,2,1,8,4.6,0,0,69.0,69.0,18.0,0.0,0.0
1,3,3,34,4.9,0,0,420.0,134.0,0.0,0.0,0.0
0,5,3,140,2.2,0,0,27180.0,4529.0,3684.0,0.0,4.0
1,1,1,15,9.8,0,0,261.0,153.0,642.0,0.0,0.0
1,4,2,12,2.2,0,0,183.0,69.0,18.0,0.0,62.0
1,2,1,8,18.1,0,0,183.0,134.0,18.0,0.0,0.0
1,5,3,22,2.4,2,2,420.0,134.0,957.0,0.0,0.0
1,4,2,11,11.2,0,0,183.0,69.0,116.0,0.0,0.0
1,4,1,11,9.9,0,0,183.0,134.0,18.0,0.0,30.0
1,2,2,29,4.7,0,0,420.0,134.0,606.0,0.0,0.0
1,4,2,13,3.5,0,0,93.0,69.0,2931.0,0.0,47.0
1,3,3,30,1.4,0,0,420.0,134.0,330.0,0.0,0.0
1,1,1,7,20.1,1,1,147.0,134.0,366.0,0.0,0.0
1,4,2,12,7.3,0,0,100.0,69.0,18.0,0.0,37.0
1,4,2,11,21.3,0,0,83.0,69.0,18.0,0.0,0.0
1,4,2,11,10.3,0,0,87.0,69.0,18.0,0.0,0.0
1,1,1,7,4.7,0,0,183.0,134.0,53.0,0.0,0.0
0,1,1,19,5.0,0,0,214.0,153.0,77.0,0.0,0.0
1,4,2,12,25.7,0,0,64.0,69.0,2931.0,0.0,0.0
1,5,1,16,56.8,0,0,78.0,82.0,18.0,0.0,60.0
1,10,2,25,4.7,0,0,95.0,88.0,18.0,0.0,0.0
1,4,2,12,9.2,0,0,183.0,69.0,18.0,0.0,61.0
1,4,2,11,145.5,0,0,61.0,69.0,18.0,0.0,0.0
1,11,2,26,5.9,0,0,43.0,88.0,176.0,0.0,0.0
1,4,2,12,5.0,0,0,92.0,69.0,18.0,0.0,17.0
1,4,2,12,6.2,0,0,103.0,69.0,18.0,0.0,17.0
0,7,1,355,0.5,0,0,69.0,134.0,480.0,42.0,16146.0
1,4,2,12,24.4,0,0,183.0,69.0,18.0,0.0,61.0
1,2,2,27,12.6,0,0,321.0,134.0,560.0,0.0,0.0
1,4,2,11,13.6,0,0,183.0,69.0,18.0,0.0,0.0
1,4,2,11,12.9,0,0,81.0,69.0,18.0,0.0,0.0
1,4,2,12,6.3,0,0,104.0,69.0,18.0,0.0,17.0
1,2,1,8,8.6,0,0,183.0,69.0,18.0,0.0,0.0
0,3,3,40,4.1,2,2,420.0,134.0,894.0,0.0,0.0
1,4,2,12,3.1,0,0,183.0,69.0,18.0,0.0,91.0
1,2,2,34,16.9,0,0,321.0,134.0,390.0,0.0,57.0
1,4,2,12,5.9,0,0,183.0,69.0,18.0,0.0,61.0
1,4,2,12,3.4,0,0,183.0,69.0,18.0,0.0,62.0
1,1,1,8,10.5,0,0,420.0,134.0,2931.0,0.0,0.0
1,2,1,8,22.6,0,0,183.0,134.0,18.0,0.0,0.0
1,4,2,11,11.9,0,0,54.0,69.0,18.0,0.0,0.0
1,3,3,33,4.0,1,1,420.0,134.0,0.0,0.0,0.0
1,4,2,11,6.8,2,2,183.0,69.0,1282.0,0.0,0.0
1,2,2,47,14.8,0,0,321.0,134.0,64.0,0.0,57.0
1,4,2,11,3.1,0,0,40.0,69.0,18.0,0.0,0.0
1,1,1,19,5.4,0,0,254.0,153.0,77.0,0.0,0.0
1,4,2,11,13.0,0,0,183.0,69.0,18.0,0.0,0.0
1,10,2,25,15.8,0,0,65.0,88.0,18.0,0.0,0.0
1,4,2,12,8.1,0,0,183.0,69.0,18.0,0.0,61.0
0,3,3,33,3.4,0,0,420.0,134.0,330.0,0.0,0.0
1,4,2,11,10.0,0,0,79.0,69.0,18.0,0.0,0.0
0,4,4,38,6.6,2,2,183.0,69.0,6916.0,17.0,43.0
1,3,3,62,30.9,2,2,321.0,134.0,1714.0,0.0,0.0
0,4,2,11,3.0,0,0,75.0,69.0,12849.0,0.0,0.0
1,5,1,16,86.0,0,0,75.0,82.0,18.0,0.0,60.0
1,5,3,21,14.7,0,0,321.0,134.0,48.0,0.0,9233.0
1,4,1,10,4.7,0,0,61.0,134.0,62.0,0.0,0.0
1,4,1,10,5.2,0,0,77.0,134.0,62.0,0.0,0.0
1,4,2,12,16.1,0,0,83.0,69.0,2931.0,0.0,0.0
1,4,2,11,188.7,0,0,68.0,69.0,18.0,0.0,0.0
1,2,2,100,3.4,0,0,420.0,134.0,564.0,0.0,57.0
0,4,2,11,9.1,0,0,183.0,69.0,18.0,0.0,0.0
0,4,2,12,14.5,0,0,183.0,69.0,18.0,0.0,61.0
1,4,1,11,3.5,0,0,183.0,134.0,18.0,0.0,30.0
1,5,3,21,3.0,0,0,321.0,134.0,2931.0,0.0,0.0
1,4,2,11,32.2,0,0,61.0,69.0,18.0,0.0,0.0
1,1,1,7,62.7,1,1,157.0,134.0,216.0,0.0,0.0
1,4,2,12,5.0,0,0,90.0,69.0,18.0,0.0,17.0
1,4,1,10,7.7,0,0,68.0,134.0,62.0,0.0,0.0
1,4,2,11,10.4,0,0,84.0,69.0,18.0,0.0,0.0
0,4,2,12,1.1,0,0,183.0,69.0,18.0,0.0,61.0
1,4,2,11,13.0,0,0,87.0,69.0,18.0,0.0,0.0
1,4,2,11,15.7,0,0,183.0,69.0,18.0,0.0,0.0
1,2,1,8,23.7,0,0,183.0,69.0,18.0,0.0,0.0
1,4,1,12,15.9,0,0,96.0,134.0,2413.0,0.0,0.0
1,3,3,41,6.7,0,0,420.0,134.0,322.0,0.0,0.0
1,1,1,8,10.6,0,0,420.0,134.0,18.0,0.0,48.0
1,4,2,12,7.6,0,0,183.0,69.0,18.0,0.0,61.0
1,8,4,39,12.9,2,2,183.0,69.0,2570.0,0.0,0.0
1,1,1,19,7.2,0,0,243.0,153.0,77.0,0.0,0.0
1,5,1,16,86.4,0,0,75.0,82.0,18.0,0.0,60.0
1,9,5,35,7.0,2,2,420.0,134.0,716.0,0.0,1358.0
1,4,2,12,6.1,0,0,65.0,69.0,18.0,0.0,264.0
1,4,1,10,3.0,0,0,59.0,134.0,62.0,0.0,0.0
1,4,2,11,21.1,0,0,183.0,69.0,18.0,0.0,0.0
1,4,1,10,16.7,0,0,80.0,134.0,368.0,0.0,0.0
1,4,2,11,14.7,0,0,183.0,69.0,18.0,0.0,0.0
0,4,2,12,5.5,0,0,183.0,69.0,18.0,0.0,61.0
1,4,2,11,19.9,0,0,71.0,69.0,18.0,0.0,0.0
0,4,2,12,1.1,0,0,183.0,69.0,18.0,0.0,61.0
1,4,2,11,17.1,0,0,73.0,69.0,18.0,0.0,0.0
1,8,4,25,15.8,1,1,94.0,69.0,1142.0,0.0,0.0
1,4,2,11,40.8,0,0,77.0,69.0,18.0,0.0,0.0
1,4,1,11,4.1,0,0,183.0,134.0,18.0,0.0,30.0
1,2,2,20,7.4,0,0,321.0,134.0,560.0,0.0,0.0
1,4,1,12,12.7,0,0,73.0,134.0,2359.0,0.0,0.0
1,2,1,8,19.9,0,0,183.0,134.0,18.0,0.0,0.0
1,2,1,8,33.4,0,0,183.0,69.0,18.0,0.0,0.0
1,1,1,7,14.9,0,0,189.0,134.0,53.0,0.0,0.0
1,4,2,11,13.6,0,0,183.0,69.0,18.0,0.0,0.0
1,2,2,44,6.6,0,0,321.0,134.0,602.0,0.0,0.0
1,4,2,11,12.8,0,0,183.0,69.0,18.0,0.0,0.0
1,4,2,12,14.6,0,0,183.0,69.0,18.0,0.0,61.0
1,4,2,10,7.5,0,0,57.0,69.0,0.0,0.0,0.0
0,4,2,12,12.5,0,0,183.0,69.0,18.0,0.0,61.0
1,4,2,11,27.8,0,0,183.0,69.0,18.0,0.0,0.0
1,2,1,8,22.3,0,0,183.0,69.0,18.0,0.0,0.0
1,4,2,12,9.7,1,1,183.0,69.0,181.0,0.0,61.0
1,4,2,11,7.1,0,0,183.0,69.0,18.0,0.0,0.0
1,4,2,11,22.4,0,0,183.0,69.0,18.0,0.0,0.0
1,1,1,7,8.3,0,0,191.0,134.0,53.0,0.0,0.0
1,4,2,11,15.1,0,0,183.0,69.0,18.0,0.0,0.0
1,4,2,11,16.1,0,0,74.0,69.0,18.0,0.0,0.0
1,4,2,12,23.6,0,0,67.0,69.0,18.0,0.0,520.0
1,4,2,11,45.8,0,0,56.0,69.0,18.0,0.0,0.0
1,4,2,11,8.5,2,2,183.0,69.0,1960.0,0.0,0.0
1,4,2,12,3.0,0,0,183.0,69.0,18.0,0.0,62.0
1,1,1,8,15.8,0,0,420.0,134.0,18.0,0.0,33.0
1,1,1,6,2.7,0,0,162.0,134.0,0.0,0.0,0.0
1,4,1,11,10.1,0,0,183.0,134.0,18.0,0.0,30.0
1,5,1,16,80.2,0,0,84.0,82.0,18.0,0.0,60.0
1,2,1,8,20.2,0,0,183.0,134.0,18.0,0.0,0.0
1,4,2,13,13.3,0,0,84.0,69.0,18.0,0.0,2953.0
1,4,2,12,11.1,0,0,183.0,69.0,18.0,0.0,61.0
0,4,2,12,4.0,0,0,53.0,69.0,489.0,0.0,0.0
1,4,2,11,16.1,0,0,82.0,69.0,18.0,0.0,0.0
1,10,2,25,5.9,0,0,82.0,88.0,18.0,0.0,0.0
1,4,2,11,19.6,0,0,66.0,69.0,18.0,0.0,0.0
1,1,1,6,10.2,0,0,170.0,134.0,0.0,0.0,0.0
1,4,2,12,9.7,0,0,183.0,69.0,18.0,0.0,61.0
1,2,1,8,22.1,0,0,183.0,134.0,18.0,0.0,0.0
1,2,2,31,10.4,0,0,321.0,134.0,560.0,0.0,0.0
1,4,1,11,7.2,0,0,183.0,134.0,18.0,0.0,30.0
1,1,1,6,14.4,1,1,158.0,134.0,0.0,0.0,0.0
1,4,2,11,17.7,0,0,77.0,69.0,18.0,0.0,0.0
1,4,2,12,10.9,0,0,183.0,69.0,18.0,0.0,61.0
1,10,2,25,31.9,0,0,64.0,88.0,18.0,0.0,0.0
1,4,2,11,16.4,0,0,92.0,69.0,18.0,0.0,0.0
1,3,3,38,4.6,1,1,420.0,134.0,0.0,0.0,0.0
0,4,2,11,14.2,0,0,183.0,69.0,18.0,0.0,0.0
1,3,3,30,6.3,0,0,321.0,153.0,322.0,0.0,0.0
1,5,3,23,4.8,0,0,321.0,134.0,18.0,0.0,6538.0
1,1,1,7,8.0,0,0,134.0,134.0,53.0,0.0,0.0
0,3,3,41,5.1,0,0,420.0,134.0,438.0,0.0,0.0
1,2,1,8,19.7,0,0,183.0,134.0,18.0,0.0,0.0
0,4,2,12,1.0,0,0,183.0,69.0,18.0,0.0,61.0
1,4,2,11,14.6,0,0,53.0,69.0,18.0,0.0,0.0
1,2,1,8,16.5,0,0,183.0,134.0,18.0,0.0,0.0
1,10,2,25,8.1,0,0,72.0,88.0,18.0,0.0,0.0
0,4,2,12,1.1,0,0,183.0,69.0,18.0,0.0,61.0
1,4,2,12,20.0,0,0,99.0,69.0,18.0,0.0,52.0
1,4,2,12,9.2,0,0,183.0,69.0,18.0,0.0,61.0
0,4,2,12,1.1,0,0,183.0,69.0,18.0,0.0,61.0
1,4,2,11,19.6,0,0,96.0,69.0,18.0,0.0,0.0
1,4,1,10,3.6,0,0,60.0,134.0,368.0,0.0,0.0
1,10,2,25,13.7,0,0,51.0,88.0,18.0,0.0,0.0
1,4,2,11,22.2,0,0,183.0,69.0,18.0,0.0,0.0
0,4,2,12,1.1,0,0,183.0,69.0,18.0,0.0,61.0
1,1,1,7,6.2,0,0,184.0,134.0,195.0,0.0,0.0
1,4,1,10,3.3,0,0,183.0,134.0,18.0,0.0,0.0
1,1,1,7,20.6,0,0,150.0,134.0,53.0,0.0,0.0
1,2,1,8,33.5,0,0,183.0,134.0,18.0,0.0,0.0
0,4,2,12,12.4,0,0,183.0,69.0,18.0,0.0,61.0
0,4,2,11,12.2,0,0,183.0,69.0,18.0,0.0,0.0
1,4,2,11,21.5,0,0,183.0,69.0,18.0,0.0,0.0
0,4,2,11,16.0,0,0,183.0,69.0,116.0,0.0,0.0
1,2,1,9,14.9,0,0,183.0,69.0,18.0,0.0,72.0
1,3,3,37,8.9,0,0,321.0,134.0,710.0,0.0,0.0
1,1,1,7,16.2,0,0,166.0,134.0,53.0,0.0,0.0
1,5,1,16,87.2,0,0,76.0,82.0,18.0,0.0,60.0
1,4,1,11,7.8,0,0,183.0,134.0,18.0,0.0,30.0
1,4,1,10,5.1,0,0,65.0,134.0,1551.0,0.0,0.0
1,1,1,7,6.4,0,0,178.0,134.0,53.0,0.0,0.0
1,3,3,28,5.1,2,2,420.0,153.0,2293.0,0.0,0.0
1,5,3,20,5.3,0,0,321.0,134.0,560.0,0.0,0.0
1,4,2,11,7.3,0,0,62.0,69.0,18.0,0.0,0.0
1,1,1,7,7.3,0,0,420.0,134.0,18.0,0.0,0.0
1,4,2,11,14.0,0,0,183.0,69.0,18.0,0.0,0.0
1,4,2,12,12.7,0,0,183.0,69.0,18.0,0.0,61.0
1,4,2,15,1.2,0,0,183.0,69.0,3007.0,0.0,0.0
1,4,2,11,14.6,1,1,183.0,69.0,181.0,0.0,0.0
1,3,3,40,4.8,2,2,420.0,134.0,778.0,0.0,0.0
1,4,2,11,12.4,0,0,87.0,69.0,18.0,0.0,0.0
1,4,1,10,18.6,0,0,75.0,134.0,116.0,0.0,0.0
0,1,1,15,9.8,0,0,249.0,153.0,72.0,0.0,0.0
0,4,2,12,13.3,0,0,183.0,69.0,18.0,0.0,61.0
1,4,2,11,10.2,0,0,81.0,69.0,18.0,0.0,0.0
1,4,2,11,9.8,0,0,83.0,69.0,18.0,0.0,0.0
1,4,2,11,17.7,0,0,183.0,69.0,18.0,0.0,0.0
1,4,2,12,4.8,0,0,183.0,69.0,18.0,0.0,61.0
0,1,1,6,8.9,0,0,194.0,134.0,0.0,0.0,0.0
1,4,2,12,11.0,0,0,183.0,69.0,18.0,0.0,62.0
1,4,2,13,2.0,0,0,183.0,69.0,31.0,0.0,22.0
1,4,2,11,14.5,0,0,183.0,69.0,18.0,0.0,0.0
1,1,1,7,18.9,0,0,170.0,134.0,53.0,0.0,0.0
0,3,3,43,18.3,0,0,420.0,134.0,322.0,0.0,0.0
1,4,2,11,3.2,0,0,183.0,69.0,18.0,0.0,0.0
0,4,2,11,8.7,0,0,67.0,69.0,18.0,0.0,0.0
1,4,2,11,24.0,0,0,183.0,69.0,18.0,0.0,0.0
1,4,2,12,3.0,0,0,183.0,69.0,18.0,0.0,62.0
1,4,2,11,8.7,0,0,62.0,69.0,18.0,0.0,0.0
1,10,2,25,28.2,0,0,49.0,88.0,718.0,0.0,0.0
1,4,2,11,14.5,0,0,183.0,69.0,18.0,0.0,0.0
1,4,1,11,3.4,0,0,183.0,134.0,18.0,0.0,30.0
1,4,2,11,13.5,0,0,94.0,69.0,18.0,0.0,0.0
1,4,2,12,3.8,0,0,109.0,69.0,18.0,0.0,168.0
1,5,1,16,86.4,0,0,73.0,82.0,18.0,0.0,60.0
0,4,2,12,2.3,0,0,183.0,69.0,18.0,0.0,62.0
1,4,1,10,4.5,0,0,71.0,134.0,148.0,0.0,0.0
1,10,2,25,58.7,0,0,44.0,88.0,44.0,0.0,0.0
1,4,2,10,23.7,0,0,68.0,69.0,0.0,0.0,0.0
1,3,3,27,1.7,0,0,321.0,153.0,0.0,0.0,0.0
1,3,3,34,23.4,1,1,321.0,134.0,1125.0,0.0,0.0
1,5,3,20,3.8,0,0,321.0,134.0,560.0,0.0,0.0
0,4,2,12,11.8,0,0,183.0,69.0,18.0,0.0,61.0
0,98,151,3066,0.0,0,0,27403.0,16917.0,16674.0,30130.0,18752.0
0,4,2,11,23.8,0,0,183.0,69.0,18.0,0.0,0.0
1,2,1,8,19.1,0,0,183.0,134.0,18.0,0.0,0.0
1,4,2,11,20.3,0,0,183.0,69.0,18.0,0.0,0.0
1,7,3,31,3.0,0,0,321.0,134.0,330.0,0.0,0.0
1,1,1,7,7.1,0,0,420.0,134.0,53.0,0.0,0.0
1,4,1,11,6.8,0,0,183.0,134.0,18.0,0.0,30.0
0,4,2,12,1.0,0,0,183.0,69.0,18.0,0.0,61.0
1,5,1,16,82.4,0,0,80.0,82.0,18.0,0.0,60.0
0,0,0,2,1235.8,0,0,0.0,0.0,0.0,0.0,0.0
1,1,1,16,6.7,0,0,420.0,134.0,344.0,0.0,0.0
1,4,2,13,2.3,0,0,183.0,69.0,31.0,0.0,22.0
1,11,2,26,9.5,0,0,52.0,88.0,718.0,0.0,0.0
1,10,2,25,9.1,0,0,60.0,88.0,18.0,0.0,0.0
1,4,1,11,9.4,0,0,183.0,134.0,18.0,0.0,30.0
1,4,2,11,4.3,0,0,82.0,69.0,18.0,0.0,0.0
1,4,2,14,9.1,2,2,183.0,69.0,449.0,0.0,0.0
0,3,3,41,5.8,2,2,420.0,134.0,894.0,0.0,0.0
0,4,1,14,11.7,0,0,83.0,134.0,140.0,0.0,0.0
1,2,1,8,15.4,0,0,61.0,69.0,18.0,0.0,0.0
1,4,2,11,13.2,0,0,73.0,69.0,18.0,0.0,0.0
1,1,1,7,7.9,0,0,173.0,134.0,53.0,0.0,0.0
1,4,2,11,15.1,0,0,75.0,69.0,18.0,0.0,0.0
1,5,3,24,22.0,0,0,321.0,134.0,48.0,0.0,190.0
1,4,2,11,16.7,0,0,183.0,69.0,18.0,0.0,0.0
1,1,1,6,5.3,1,1,192.0,134.0,0.0,0.0,0.0
1,10,2,25,17.6,0,0,48.0,88.0,18.0,0.0,0.0
1,4,2,11,12.7,0,0,183.0,69.0,18.0,0.0,0.0
1,4,2,11,7.8,0,0,77.0,69.0,18.0,0.0,0.0
1,2,2,41,61.8,0,0,321.0,134.0,64.0,0.0,57.0
1,4,1,11,9.6,0,0,183.0,134.0,18.0,0.0,30.0
1,2,2,69,13.1,0,0,420.0,134.0,428.0,0.0,56.0
1,4,2,11,10.9,0,0,57.0,69.0,18.0,0.0,0.0
1,4,1,10,3.4,0,0,183.0,134.0,18.0,0.0,0.0
1,1,1,19,4.8,0,0,234.0,153.0,77.0,0.0,0.0
1,4,2,11,2.1,0,0,83.0,69.0,18.0,0.0,0.0
1,4,2,12,7.1,0,0,80.0,69.0,18.0,0.0,62.0
1,4,1,10,16.3,0,0,91.0,134.0,116.0,0.0,0.0
1,4,2,11,20.1,0,0,102.0,69.0,18.0,0.0,0.0
0,1,1,14,10.6,0,0,264.0,153.0,0.0,0.0,0.0
1,4,2,11,8.3,0,0,183.0,69.0,18.0,0.0,0.0
1,3,3,36,5.1,2,2,321.0,134.0,910.0,0.0,0.0
1,4,2,11,14.8,0,0,81.0,69.0,18.0,0.0,0.0
1,4,1,10,6.7,0,0,65.0,134.0,62.0,0.0,0.0
1,10,2,25,11.9,0,0,72.0,88.0,18.0,0.0,0.0
1,1,1,8,15.7,0,0,420.0,134.0,18.0,0.0,33.0
0,4,2,12,1.9,0,0,183.0,69.0,18.0,0.0,62.0
1,1,1,61,11.7,0,0,420.0,134.0,510.0,0.0,0.0
1,5,3,19,1.0,2,2,321.0,134.0,1002.0,0.0,0.0
1,2,1,9,8.7,0,0,70.0,69.0,18.0,0.0,71.0
0,1,1,14,9.7,0,0,264.0,153.0,0.0,0.0,0.0
1,4,2,11,12.1,0,0,183.0,69.0,18.0,0.0,0.0
1,4,2,12,16.3,0,0,183.0,69.0,18.0,0.0,72.0
1,1,1,6,6.4,0,0,180.0,134.0,0.0,0.0,0.0
1,1,1,61,10.8,0,0,420.0,134.0,510.0,0.0,0.0
1,4,2,11,5.4,0,0,109.0,69.0,148.0,0.0,0.0
1,11,3,36,3.9,2,2,420.0,134.0,18.0,0.0,1167.0
1,3,3,37,8.2,0,0,321.0,134.0,710.0,0.0,0.0
0,4,2,11,15.4,0,0,183.0,69.0,116.0,0.0,0.0
1,4,1,11,4.5,0,0,183.0,134.0,18.0,0.0,30.0
1,1,1,7,10.1,0,0,420.0,134.0,53.0,0.0,0.0
1,4,2,11,15.6,0,0,70.0,69.0,18.0,0.0,0.0
1,4,2,12,13.2,0,0,83.0,69.0,2931.0,0.0,0.0
1,4,2,11,12.3,0,0,73.0,69.0,18.0,0.0,0.0
1,2,1,8,18.9,0,0,183.0,134.0,18.0,0.0,0.0
1,2,2,15,7.0,2,2,420.0,134.0,18.0,0.0,14.0
1,2,2,35,34.1,0,0,321.0,134.0,64.0,0.0,57.0
1,1,1,7,4.1,0,0,175.0,134.0,53.0,0.0,0.0
1,2,1,8,18.0,0,0,183.0,134.0,18.0,0.0,0.0
1,3,3,30,3.8,2,2,420.0,134.0,806.0,0.0,0.0
1,10,2,25,17.2,0,0,66.0,88.0,18.0,0.0,0.0
0,4,2,12,1.1,0,0,183.0,69.0,18.0,0.0,61.0
1,4,2,11,28.1,0,0,81.0,69.0,18.0,0.0,0.0
1,4,1,10,16.4,0,0,74.0,134.0,62.0,0.0,0.0
1,4,2,11,32.8,0,0,183.0,69.0,18.0,0.0,0.0
1,4,2,11,19.1,0,0,83.0,69.0,18.0,0.0,0.0
1,4,2,12,18.0,0,0,59.0,69.0,18.0,0.0,48.0
1,4,1,10,7.7,0,0,94.0,134.0,62.0,0.0,0.0
1,4,2,11,8.7,0,0,75.0,69.0,18.0,0.0,0.0
1,4,2,11,10.9,0,0,183.0,69.0,18.0,0.0,0.0
1,4,2,11,16.4,0,0,51.0,69.0,18.0,0.0,0.0
1,2,1,8,23.2,0,0,183.0,134.0,18.0,0.0,0.0
0,0,0,0,0.0,0,0,0.0,0.0,0.0,0.0,0.0
0,4,2,12,13.6,0,0,183.0,69.0,18.0,0.0,61.0
1,4,2,11,3.9,0,0,183.0,69.0,18.0,0.0,0.0
1,4,2,11,12.7,0,0,183.0,69.0,18.0,0.0,0.0
1,12,4,46,6.5,2,2,321.0,134.0,1406.0,0.0,0.0
1,4,1,10,5.0,0,0,77.0,134.0,62.0,0.0,0.0
0,4,2,12,1.1,0,0,183.0,69.0,18.0,0.0,61.0
1,1,1,19,3.0,0,0,250.0,153.0,77.0,0.0,0.0
1,4,2,11,17.8,0,0,183.0,69.0,18.0,0.0,0.0
1,4,2,12,14.0,0,0,183.0,69.0,18.0,0.0,61.0
1,4,2,11,17.7,0,0,183.0,69.0,18.0,0.0,0.0
1,4,2,12,15.1,0,0,82.0,69.0,2931.0,0.0,0.0
1,4,2,12,6.2,0,0,109.0,69.0,18.0,0.0,17.0
1,2,2,47,27.3,0,0,321.0,134.0,64.0,0.0,57.0
1,5,1,16,53.0,0,0,80.0,82.0,18.0,0.0,60.0
1,1,1,7,7.8,0,0,171.0,134.0,53.0,0.0,0.0
1,2,2,31,8.3,0,0,420.0,134.0,560.0,0.0,56.0
1,4,1,11,5.0,0,0,183.0,134.0,18.0,0.0,30.0
1,10,2,26,32.5,0,0,73.0,88.0,2363.0,0.0,0.0
1,4,2,12,5.1,0,0,183.0,69.0,18.0,0.0,61.0
1,10,2,25,4.7,0,0,88.0,88.0,18.0,0.0,0.0
1,2,2,29,16.1,0,0,420.0,134.0,428.0,0.0,0.0
1,1,1,7,9.2,0,0,164.0,134.0,53.0,0.0,0.0
1,10,2,25,5.5,0,0,46.0,88.0,18.0,0.0,0.0
1,4,1,10,28.5,0,0,74.0,134.0,134.0,0.0,0.0
1,4,2,11,2.1,0,0,63.0,69.0,18.0,0.0,0.0
1,2,1,8,35.6,0,0,183.0,69.0,18.0,0.0,0.0
1,1,1,6,5.7,0,0,202.0,134.0,0.0,0.0,0.0
1,4,2,11,13.0,0,0,183.0,69.0,18.0,0.0,0.0
0,13,4,428,1.7,0,0,321.0,134.0,2382.0,0.0,1625.0
1,4,2,11,15.7,0,0,183.0,69.0,18.0,0.0,0.0
1,5,3,24,20.1,0,0,321.0,134.0,48.0,0.0,190.0
0,4,2,11,21.6,0,0,183.0,69.0,18.0,0.0,0.0
1,1,1,6,13.3,0,0,142.0,134.0,0.0,0.0,0.0
1,4,2,11,16.3,0,0,183.0,69.0,18.0,0.0,0.0
0,3,3,41,5.0,2,2,420.0,134.0,894.0,0.0,0.0
1,4,2,11,33.0,0,0,62.0,69.0,18.0,0.0,0.0
1,4,2,11,16.1,0,0,88.0,69.0,0.0,0.0,5.0
0,4,2,12,5.0,0,0,183.0,69.0,18.0,0.0,64.0
1,2,1,8,14.2,0,0,183.0,69.0,18.0,0.0,0.0
1,10,2,25,7.4,2,2,76.0,88.0,1314.0,0.0,0.0
0,1,1,52,2.9,0,0,185.0,134.0,1457.0,909.0,7481.0
1,4,2,11,15.4,0,0,183.0,69.0,18.0,0.0,0.0
1,10,2,26,5.5,0,0,96.0,88.0,2931.0,0.0,0.0
1,4,1,10,1.5,0,0,183.0,134.0,18.0,0.0,0.0
1,4,2,11,8.9,0,0,183.0,69.0,18.0,0.0,0.0
1,5,3,23,18.6,0,0,321.0,134.0,48.0,0.0,2204.0
1,2,2,35,7.9,0,0,420.0,134.0,428.0,0.0,0.0
1,4,2,11,5.8,0,0,64.0,69.0,18.0,0.0,0.0
1,4,2,11,11.0,0,0,71.0,69.0,18.0,0.0,0.0
1,5,3,24,22.0,0,0,321.0,134.0,48.0,0.0,190.0
1,2,1,8,25.0,0,0,74.0,69.0,18.0,0.0,0.0
1,3,3,71,10.7,2,2,420.0,199.0,1372.0,0.0,0.0
1,4,2,12,13.8,0,0,183.0,69.0,18.0,0.0,61.0
1,4,1,11,8.9,0,0,183.0,134.0,18.0,0.0,30.0
1,4,1,12,13.9,0,0,96.0,134.0,3041.0,0.0,0.0
1,3,3,34,1.9,2,2,420.0,134.0,1022.0,0.0,0.0
1,4,2,11,12.3,0,0,75.0,69.0,18.0,0.0,0.0
1,4,2,11,12.2,0,0,183.0,69.0,18.0,0.0,0.0
1,4,2,12,9.8,0,0,78.0,69.0,18.0,0.0,70.0
1,2,2,23,21.4,0,0,420.0,134.0,396.0,0.0,57.0
1,1,1,8,7.3,0,0,420.0,134.0,18.0,0.0,14.0
1,2,2,31,5.8,0,0,420.0,134.0,560.0,0.0,56.0
1,3,3,36,4.6,0,0,420.0,134.0,330.0,0.0,0.0
1,3,3,52,5.5,0,0,420.0,134.0,330.0,0.0,0.0
1,3,3,27,0.4,0,0,420.0,134.0,0.0,0.0,0.0
1,10,2,25,12.5,0,0,74.0,88.0,18.0,0.0,0.0
1,4,1,11,4.6,0,0,183.0,134.0,18.0,0.0,30.0
1,4,2,11,12.2,0,0,183.0,69.0,18.0,0.0,0.0
1,4,1,10,6.2,0,0,84.0,134.0,62.0,0.0,0.0
1,4,2,11,7.8,0,0,183.0,69.0,18.0,0.0,0.0
0,4,2,12,1.1,0,0,183.0,69.0,18.0,0.0,61.0
1,5,3,23,22.0,0,0,321.0,134.0,48.0,0.0,2204.0
1,3,3,35,5.0,2,2,321.0,134.0,1634.0,0.0,0.0
1,5,1,16,82.3,0,0,76.0,82.0,18.0,0.0,60.0
1,4,1,11,6.0,0,0,183.0,134.0,18.0,0.0,30.0
1,1,1,9,13.9,0,0,420.0,134.0,18.0,0.0,33.0
1,3,3,31,10.3,2,2,321.0,153.0,830.0,0.0,0.0
1,4,2,12,25.0,0,0,183.0,69.0,18.0,0.0,61.0
1,1,1,19,6.4,0,0,177.0,153.0,77.0,0.0,0.0
1,1,1,6,31.2,0,0,223.0,134.0,0.0,0.0,0.0
0,4,2,12,1.1,0,0,183.0,69.0,18.0,0.0,61.0
0,4,2,12,26.9,0,0,183.0,69.0,18.0,0.0,64.0
1,2,1,8,25.8,0,0,183.0,69.0,18.0,0.0,0.0
1,2,1,8,21.6,0,0,183.0,134.0,18.0,0.0,0.0
1,5,3,24,28.7,0,0,321.0,134.0,48.0,0.0,190.0
1,1,1,7,3.6,0,0,229.0,134.0,53.0,0.0,0.0
0,4,2,12,1.1,0,0,183.0,69.0,18.0,0.0,61.0
1,4,2,11,16.0,0,0,79.0,69.0,18.0,0.0,0.0
1,4,2,11,25.3,0,0,183.0,69.0,18.0,0.0,0.0
0,10,2,26,2.8,0,0,46.0,88.0,489.0,0.0,0.0
1,4,1,10,31.0,0,0,69.0,134.0,18.0,0.0,0.0
0,4,2,11,9.1,0,0,71.0,69.0,18.0,0.0,0.0
1,1,1,6,16.7,0,0,181.0,134.0,0.0,0.0,0.0
1,4,2,11,26.3,0,0,183.0,69.0,18.0,0.0,0.0
1,1,1,7,5.4,0,0,205.0,134.0,53.0,0.0,0.0
1,4,1,10,4.2,0,0,57.0,134.0,146.0,0.0,0.0
0,4,2,11,5.7,2,2,183.0,69.0,2648.0,0.0,0.0
1,4,2,11,8.3,0,0,183.0,69.0,18.0,0.0,0.0
1,4,2,11,3.8,0,0,56.0,69.0,18.0,0.0,0.0
0,4,2,12,1.1,0,0,183.0,69.0,18.0,0.0,61.0
1,1,1,19,9.6,0,0,232.0,153.0,77.0,0.0,0.0
1,4,2,11,11.4,0,0,55.0,69.0,18.0,0.0,0.0
1,4,1,11,10.0,0,0,183.0,134.0,18.0,0.0,30.0
1,3,3,44,10.8,0,0,321.0,134.0,0.0,0.0,0.0
1,4,2,12,6.5,0,0,108.0,69.0,18.0,0.0,17.0
1,4,2,11,11.6,0,0,183.0,69.0,18.0,0.0,0.0
1,4,2,12,26.2,0,0,62.0,69.0,18.0,0.0,25.0
1,4,2,11,18.1,0,0,49.0,69.0,18.0,0.0,0.0
1,4,2,11,19.2,0,0,66.0,69.0,18.0,0.0,0.0
1,1,1,7,10.9,0,0,189.0,134.0,53.0,0.0,0.0
1,4,2,11,11.9,0,0,90.0,69.0,18.0,0.0,0.0
1,5,3,24,20.1,0,0,321.0,134.0,48.0,0.0,190.0
1,4,2,11,13.2,0,0,79.0,69.0,18.0,0.0,0.0
1,4,2,11,12.4,0,0,183.0,69.0,18.0,0.0,0.0
1,3,3,30,6.4,0,0,321.0,134.0,330.0,0.0,0.0
1,1,1,7,9.8,0,0,222.0,134.0,53.0,0.0,0.0
1,4,2,11,13.0,0,0,66.0,69.0,18.0,0.0,0.0
0,4,2,12,13.6,0,0,183.0,69.0,18.0,0.0,61.0
1,4,2,11,14.7,0,0,183.0,69.0,18.0,0.0,0.0
1,4,2,11,11.8,0,0,183.0,69.0,18.0,0.0,0.0
1,5,3,21,24.1,0,0,321.0,134.0,48.0,0.0,9195.0
0,4,2,12,1.1,0,0,183.0,69.0,18.0,0.0,61.0
1,4,2,11,6.3,0,0,98.0,69.0,18.0,0.0,0.0
1,1,1,6,12.3,0,0,91.0,134.0,0.0,0.0,0.0
0,3,3,25,2.4,0,0,420.0,134.0,322.0,0.0,0.0
1,1,1,7,23.3,0,0,147.0,134.0,53.0,0.0,0.0
0,1,1,12,12.4,0,0,204.0,153.0,72.0,0.0,0.0
1,2,2,66,2.4,0,0,420.0,134.0,602.0,0.0,56.0
1,10,2,25,10.8,0,0,79.0,88.0,154.0,0.0,0.0
0,1,1,6,8.5,0,0,199.0,134.0,0.0,0.0,0.0
1,2,1,8,15.4,0,0,183.0,134.0,18.0,0.0,0.0
1,4,2,11,8.5,0,0,183.0,69.0,68.0,0.0,0.0
1,10,2,26,2.2,0,0,85.0,88.0,18.0,0.0,62.0
1,1,1,25,4.0,0,0,420.0,134.0,476.0,0.0,0.0
1,2,2,23,9.9,0,0,420.0,134.0,396.0,0.0,57.0
1,1,1,6,4.2,0,0,151.0,134.0,0.0,0.0,0.0
1,5,1,16,83.0,0,0,82.0,82.0,18.0,0.0,60.0
1,4,1,10,6.2,0,0,66.0,134.0,62.0,0.0,0.0
1,4,2,11,6.4,0,0,56.0,69.0,18.0,0.0,0.0
1,2,1,8,15.3,0,0,62.0,69.0,18.0,0.0,0.0
1,4,2,12,5.0,0,0,90.0,69.0,18.0,0.0,17.0
1,4,2,11,13.8,0,0,84.0,69.0,18.0,0.0,0.0
1,4,2,11,12.2,0,0,183.0,69.0,18.0,0.0,0.0
1,2,1,9,48.8,0,0,87.0,69.0,18.0,0.0,56.0
1,4,2,11,10.6,0,0,75.0,69.0,18.0,0.0,0.0
1,1,1,7,11.0,0,0,183.0,134.0,53.0,0.0,0.0
1,4,1,10,11.0,0,0,58.0,134.0,18.0,0.0,0.0
1,1,1,19,9.9,0,0,287.0,153.0,77.0,0.0,0.0
1,4,2,11,15.7,0,0,183.0,69.0,18.0,0.0,0.0
1,1,1,7,4.6,0,0,171.0,134.0,53.0,0.0,0.0
1,4,2,11,14.7,0,0,183.0,69.0,18.0,0.0,0.0
1,3,3,35,2.1,0,0,321.0,153.0,330.0,0.0,0.0
1,1,1,12,11.3,0,0,189.0,153.0,72.0,0.0,0.0
1,4,2,12,10.1,0,0,82.0,69.0,2931.0,0.0,0.0
1,1,1,7,11.6,0,0,192.0,134.0,53.0,0.0,0.0
1,4,2,11,10.6,0,0,183.0,69.0,18.0,0.0,0.0
0,4,2,11,7.0,2,2,183.0,69.0,2348.0,0.0,0.0
0,4,2,12,1.1,0,0,183.0,69.0,18.0,0.0,61.0
1,4,1,11,7.2,0,0,183.0,134.0,18.0,0.0,30.0
1,1,1,9,9.3,0,0,420.0,134.0,18.0,0.0,33.0
1,5,1,16,81.5,0,0,79.0,82.0,18.0,0.0,60.0
1,4,2,11,8.2,0,0,91.0,69.0,44.0,0.0,0.0
1,5,1,16,77.2,0,0,81.0,82.0,18.0,0.0,60.0
1,3,3,33,3.9,0,0,420.0,134.0,330.0,0.0,0.0
1,4,1,10,11.8,0,0,76.0,134.0,62.0,0.0,0.0
1,4,2,11,23.1,0,0,183.0,69.0,18.0,0.0,0.0
1,4,2,12,12.1,0,0,183.0,69.0,18.0,0.0,61.0
1,4,2,11,12.2,0,0,183.0,69.0,18.0,0.0,0.0
1,4,1,11,3.3,0,0,183.0,134.0,18.0,0.0,30.0
0,4,2,12,1.0,0,0,183.0,69.0,18.0,0.0,61.0
1,1,1,17,6.6,0,0,420.0,134.0,344.0,0.0,0.0
1,4,2,11,13.6,0,0,183.0,69.0,18.0,0.0,0.0
0,4,2,11,10.7,0,0,183.0,69.0,18.0,0.0,0.0
0,2,2,30,3.4,0,0,420.0,134.0,618.0,0.0,0.0
1,4,2,11,6.0,0,0,81.0,69.0,18.0,0.0,0.0
1,4,1,11,6.2,0,0,183.0,134.0,18.0,0.0,30.0
1,4,2,12,13.7,0,0,183.0,69.0,18.0,0.0,61.0
1,4,2,11,18.6,0,0,52.0,69.0,18.0,0.0,0.0
1,12,4,43,7.8,0,0,321.0,134.0,330.0,0.0,0.0
1,1,1,7,6.9,0,0,159.0,134.0,53.0,0.0,0.0
1,4,2,11,15.6,0,0,183.0,69.0,18.0,0.0,0.0
1,4,1,11,8.6,0,0,183.0,134.0,18.0,0.0,30.0
1,4,2,12,6.0,0,0,57.0,69.0,18.0,0.0,61.0
1,4,2,11,14.3,0,0,87.0,69.0,18.0,0.0,0.0
1,4,1,10,10.4,0,0,60.0,134.0,62.0,0.0,0.0
1,3,3,46,1.5,2,2,420.0,134.0,810.0,0.0,0.0
1,4,2,11,15.3,0,0,183.0,69.0,18.0,0.0,0.0
1,3,3,48,3.8,0,0,420.0,134.0,0.0,0.0,0.0
1,1,1,6,9.8,0,0,190.0,134.0,0.0,0.0,0.0
0,4,2,12,24.9,0,0,183.0,69.0,18.0,0.0,61.0
1,3,3,35,5.7,2,2,321.0,134.0,1694.0,0.0,0.0
0,4,2,12,1.1,0,0,183.0,69.0,18.0,0.0,61.0
1,4,2,11,5.7,0,0,81.0,69.0,18.0,0.0,0.0
1,4,2,13,2.2,0,0,183.0,69.0,31.0,0.0,22.0
1,3,3,59,25.4,2,2,321.0,134.0,828.0,0.0,202.0
1,4,2,12,6.8,0,0,107.0,69.0,18.0,0.0,17.0
1,1,1,7,17.7,0,0,158.0,134.0,53.0,0.0,0.0
1,2,1,9,27.3,0,0,183.0,69.0,18.0,0.0,72.0
1,4,2,12,3.6,0,0,183.0,69.0,18.0,0.0,62.0
1,4,2,11,21.6,0,0,183.0,69.0,18.0,0.0,0.0
1,1,1,7,21.4,0,0,174.0,134.0,53.0,0.0,0.0
1,1,1,7,10.8,0,0,200.0,134.0,53.0,0.0,0.0
1,4,2,12,6.2,0,0,183.0,69.0,18.0,0.0,61.0
1,1,1,7,3.3,0,0,249.0,134.0,53.0,0.0,0.0
1,4,2,11,3.8,0,0,69.0,69.0,18.0,0.0,0.0
1,4,2,12,10.9,0,0,183.0,69.0,18.0,0.0,61.0
1,2,2,64,3.2,0,0,420.0,134.0,1038.0,0.0,0.0
1,4,2,12,12.7,1,1,183.0,69.0,181.0,0.0,61.0
1,2,2,12,10.6,2,2,420.0,199.0,0.0,0.0,0.0
1,4,2,12,16.0,0,0,183.0,69.0,18.0,0.0,61.0
1,4,1,11,7.1,0,0,183.0,134.0,18.0,0.0,30.0
1,10,2,24,13.3,0,0,72.0,88.0,686.0,0.0,0.0
1,5,3,20,3.5,0,0,321.0,134.0,560.0,0.0,0.0
1,1,1,19,3.4,0,0,271.0,153.0,77.0,0.0,0.0
0,4,2,11,6.1,2,2,183.0,69.0,2348.0,0.0,0.0
1,10,2,25,5.3,0,2,74.0,88.0,1080.0,0.0,0.0
1,5,1,16,57.6,0,0,77.0,82.0,18.0,0.0,60.0
0,4,2,12,12.7,0,0,183.0,69.0,18.0,0.0,61.0
0,4,2,12,14.2,0,0,183.0,69.0,18.0,0.0,61.0
1,4,2,11,2.5,0,0,115.0,69.0,18.0,0.0,0.0
1,4,2,11,8.7,0,0,183.0,69.0,54.0,0.0,0.0
0,4,2,12,5.2,0,0,183.0,69.0,18.0,0.0,62.0
1,4,2,11,9.4,0,0,183.0,69.0,18.0,0.0,0.0
1,4,2,11,20.4,0,0,183.0,69.0,18.0,0.0,0.0
1,4,2,11,13.6,0,0,183.0,69.0,18.0,0.0,0.0
1,1,1,7,9.5,0,0,176.0,134.0,53.0,0.0,0.0
1,3,3,31,1.8,0,0,420.0,134.0,330.0,0.0,0.0
1,1,1,7,10.5,1,1,163.0,134.0,398.0,0.0,0.0
1,2,2,31,15.7,0,0,321.0,134.0,560.0,0.0,0.0
1,4,1,10,7.8,0,0,91.0,134.0,62.0,0.0,0.0
0,1,1,19,12.4,0,0,225.0,153.0,77.0,0.0,0.0
1,5,3,24,21.7,0,0,321.0,134.0,48.0,0.0,190.0
1,1,1,19,5.9,1,1,303.0,153.0,240.0,0.0,0.0
1,4,2,11,5.7,0,0,183.0,69.0,18.0,0.0,0.0
1,4,1,12,17.0,0,0,73.0,134.0,2359.0,0.0,0.0
1,2,1,8,21.7,0,0,183.0,134.0,18.0,0.0,0.0
1,4,2,12,12.1,0,0,86.0,69.0,18.0,0.0,40.0
1,1,1,7,11.0,0,0,180.0,134.0,53.0,0.0,0.0
1,4,2,11,5.8,0,0,183.0,69.0,18.0,0.0,0.0
1,4,1,11,9.8,0,0,183.0,134.0,18.0,0.0,30.0
1,3,3,48,4.7,0,0,321.0,134.0,330.0,0.0,0.0
1,1,1,9,11.2,0,0,420.0,134.0,18.0,0.0,33.0
1,2,2,35,5.2,0,0,420.0,134.0,428.0,0.0,56.0
1,4,2,11,13.8,0,0,76.0,69.0,18.0,0.0,0.0
1,2,1,8,20.9,0,0,183.0,134.0,18.0,0.0,0.0
1,4,2,12,26.3,0,0,98.0,69.0,18.0,0.0,52.0
1,4,2,12,27.6,0,0,93.0,69.0,18.0,0.0,52.0
1,4,2,12,10.5,0,0,183.0,69.0,18.0,0.0,61.0
1,4,2,11,15.6,0,0,183.0,69.0,78.0,0.0,0.0
1,1,1,7,6.9,0,0,162.0,134.0,53.0,0.0,0.0
1,3,3,27,0.6,0,0,420.0,134.0,0.0,0.0,0.0
1,2,1,8,22.7,0,0,183.0,134.0,18.0,0.0,0.0
1,4,1,10,5.5,0,0,64.0,134.0,18.0,0.0,0.0
1,1,1,13,24.7,0,0,321.0,134.0,34.0,0.0,0.0
1,4,2,12,8.5,0,0,183.0,69.0,18.0,0.0,61.0
1,4,1,10,7.1,0,0,77.0,134.0,62.0,0.0,0.0
1,4,2,11,9.9,0,0,183.0,69.0,18.0,0.0,0.0
1,1,1,6,25.0,0,0,171.0,134.0,0.0,0.0,0.0
1,1,1,7,8.4,0,0,145.0,134.0,53.0,0.0,0.0
1,4,2,11,16.1,0,0,183.0,69.0,18.0,0.0,0.0
1,1,1,6,7.4,0,0,191.0,134.0,0.0,0.0,0.0
0,2,2,15,172.3,0,0,321.0,134.0,0.0,0.0,0.0
0,4,23,2159,0.7,0,0,4497.0,3244.0,3474.0,5202.0,7722.0
1,1,1,6,4.5,0,0,212.0,134.0,0.0,0.0,0.0
1,4,1,10,12.9,0,0,63.0,134.0,18.0,0.0,0.0
1,4,2,11,18.8,0,0,183.0,69.0,18.0,0.0,0.0
1,4,2,11,16.0,0,0,82.0,69.0,18.0,0.0,0.0
1,4,1,10,6.8,0,0,69.0,134.0,62.0,0.0,0.0
1,4,2,11,9.7,0,0,77.0,69.0,18.0,0.0,0.0
1,4,2,11,17.4,0,0,183.0,69.0,18.0,0.0,0.0
1,2,2,29,4.6,0,0,420.0,134.0,64.0,0.0,0.0
1,5,3,19,14.2,1,1,420.0,134.0,890.0,0.0,2098.0
1,3,3,32,3.1,0,0,420.0,134.0,330.0,0.0,0.0
1,1,1,7,14.8,0,0,145.0,134.0,53.0,0.0,0.0
1,4,2,11,16.1,0,0,183.0,69.0,18.0,0.0,0.0
1,1,1,8,6.5,0,0,420.0,134.0,18.0,0.0,14.0
0,4,2,12,15.6,0,0,183.0,69.0,18.0,0.0,61.0
1,1,1,6,18.6,0,0,171.0,134.0,0.0,0.0,0.0
1,10,2,25,5.1,0,0,60.0,88.0,18.0,0.0,0.0
1,4,2,11,9.7,0,0,183.0,69.0,18.0,0.0,0.0
1,6,7,373,13.6,2,2,420.0,199.0,0.0,24.0,2053.0
1,4,2,12,16.8,0,0,183.0,69.0,18.0,0.0,61.0
1,12,4,54,7.6,2,2,154.0,134.0,932.0,0.0,0.0
0,4,2,11,6.9,0,0,66.0,69.0,68.0,0.0,0.0
0,1,1,6,2.1,0,0,167.0,134.0,0.0,0.0,0.0
1,4,2,11,6.3,0,0,183.0,69.0,18.0,0.0,0.0
1,4,2,11,14.9,0,0,59.0,69.0,18.0,0.0,0.0
1,2,1,8,19.5,0,0,183.0,134.0,18.0,0.0,0.0
1,2,1,8,25.5,0,0,183.0,134.0,18.0,0.0,0.0
0,1,1,7,7.0,0,0,185.0,134.0,53.0,0.0,0.0
1,4,1,11,7.8,0,0,183.0,134.0,18.0,0.0,30.0
1,3,3,31,2.2,1,1,321.0,153.0,0.0,0.0,0.0
1,4,2,12,10.0,0,0,70.0,69.0,18.0,0.0,815.0
0,4,2,11,7.0,2,2,183.0,69.0,2348.0,0.0,0.0
1,4,2,11,10.6,0,0,73.0,69.0,18.0,0.0,0.0
1,4,2,12,4.7,0,0,183.0,69.0,18.0,0.0,61.0
1,3,3,57,4.9,0,0,420.0,134.0,330.0,0.0,0.0
1,4,2,11,14.7,0,0,80.0,69.0,18.0,0.0,0.0
1,4,2,11,4.6,0,0,75.0,69.0,18.0,0.0,0.0
1,4,1,10,7.6,0,0,93.0,134.0,572.0,0.0,0.0
1,1,1,7,15.8,0,0,174.0,134.0,53.0,0.0,0.0
1,4,2,12,17.4,0,0,183.0,69.0,18.0,0.0,61.0
1,4,2,11,10.9,0,0,80.0,69.0,18.0,0.0,0.0
1,1,1,7,10.8,0,0,179.0,134.0,53.0,0.0,0.0
1,1,1,7,9.6,0,0,172.0,134.0,53.0,0.0,0.0
1,1,1,7,0.5,0,0,151.0,134.0,0.0,0.0,0.0
1,4,2,11,17.7,0,0,73.0,69.0,18.0,0.0,0.0
1,10,2,25,14.8,0,0,56.0,88.0,18.0,0.0,0.0
1,4,2,12,16.9,0,0,183.0,69.0,18.0,0.0,61.0
1,4,2,11,15.1,0,0,79.0,69.0,18.0,0.0,0.0
1,4,2,11,18.5,0,0,183.0,69.0,18.0,0.0,0.0
1,4,2,12,11.5,0,0,77.0,69.0,2931.0,0.0,0.0
1,4,2,11,17.7,0,0,183.0,69.0,116.0,0.0,0.0
1,2,2,53,27.5,0,0,321.0,134.0,64.0,0.0,57.0
1,4,2,11,7.7,0,0,183.0,69.0,18.0,0.0,0.0
1,4,2,18,10.5,0,0,69.0,69.0,18.0,0.0,30.0
0,1,1,6,2.3,0,0,184.0,134.0,0.0,0.0,0.0
1,3,3,85,7.1,0,0,420.0,134.0,322.0,0.0,0.0
1,1,1,19,2.7,1,1,173.0,153.0,240.0,0.0,0.0
1,4,2,11,10.4,0,0,56.0,69.0,18.0,0.0,0.0
1,1,1,9,12.4,0,0,420.0,134.0,18.0,0.0,33.0
1,4,2,11,40.8,0,0,62.0,69.0,18.0,0.0,0.0
1,4,2,11,17.5,0,0,53.0,69.0,18.0,0.0,0.0
1,4,2,11,24.5,0,0,183.0,69.0,18.0,0.0,0.0
1,1,1,6,10.0,0,0,183.0,134.0,0.0,0.0,0.0
1,4,2,12,6.4,0,0,108.0,69.0,18.0,0.0,17.0
1,4,2,11,11.0,0,0,89.0,69.0,18.0,0.0,0.0
0,4,2,12,1.0,0,0,183.0,69.0,18.0,0.0,61.0
1,1,1,7,1.9,0,0,420.0,134.0,12879.0,0.0,0.0
1,1,1,7,3.5,0,0,420.0,134.0,53.0,0.0,0.0
1,2,2,13,12.5,0,0,420.0,134.0,352.0,0.0,0.0
1,5,3,24,22.1,0,0,321.0,134.0,48.0,0.0,190.0
1,5,1,16,51.5,0,0,82.0,82.0,18.0,0.0,60.0
0,4,2,11,4.6,0,0,183.0,69.0,116.0,0.0,0.0
1,4,2,11,19.5,0,0,183.0,69.0,18.0,0.0,0.0
1,1,1,19,10.4,0,0,224.0,153.0,77.0,0.0,0.0
1,3,3,41,2.7,1,1,420.0,134.0,465.0,0.0,0.0
0,12,4,84,2.0,0,0,321.0,134.0,2382.0,0.0,0.0
1,5,1,16,77.3,0,0,75.0,82.0,18.0,0.0,60.0
1,2,2,22,16.5,0,0,420.0,134.0,744.0,0.0,0.0
1,4,2,11,13.2,0,0,59.0,69.0,370.0,0.0,0.0
1,4,2,11,5.6,0,0,183.0,69.0,116.0,0.0,0.0
1,4,2,11,15.8,0,0,183.0,69.0,18.0,0.0,0.0
1,4,2,11,10.6,0,0,65.0,69.0,18.0,0.0,0.0
1,10,2,25,10.8,0,0,79.0,88.0,218.0,0.0,0.0
1,4,2,11,1.7,0,0,183.0,69.0,18.0,0.0,0.0
0,10,2,26,3.7,0,0,40.0,88.0,489.0,0.0,0.0
1,4,1,10,11.7,0,0,81.0,134.0,62.0,0.0,0.0
1,4,2,11,8.8,0,0,88.0,69.0,18.0,0.0,0.0
0,4,2,12,1.0,0,0,183.0,69.0,18.0,0.0,61.0
1,5,1,16,82.4,0,0,75.0,82.0,18.0,0.0,60.0
1,1,1,7,7.9,1,1,420.0,134.0,216.0,0.0,0.0
1,4,2,11,30.3,0,0,183.0,69.0,18.0,0.0,0.0
0,4,2,12,4.1,0,0,183.0,69.0,18.0,0.0,61.0
1,1,1,7,7.8,0,0,190.0,134.0,53.0,0.0,0.0
0,6,4,24,38.9,2,2,420.0,134.0,884.0,0.0,0.0
1,4,2,12,6.2,0,0,108.0,69.0,18.0,0.0,17.0
1,1,1,7,5.2,0,0,203.0,134.0,53.0,0.0,0.0
1,1,1,36,5.1,0,0,213.0,134.0,422.0,0.0,56.0
1,4,2,11,10.0,0,0,55.0,69.0,18.0,0.0,0.0
1,4,2,11,7.7,0,0,80.0,69.0,18.0,0.0,0.0
1,4,2,11,27.2,1,1,183.0,69.0,181.0,0.0,0.0
1,4,2,11,3.5,0,0,75.0,69.0,18.0,0.0,0.0
1,4,1,10,5.8,0,0,63.0,134.0,62.0,0.0,0.0
1,2,2,89,19.3,0,0,321.0,134.0,390.0,0.0,57.0
1,4,2,11,21.7,0,0,73.0,69.0,18.0,0.0,0.0
1,5,3,21,12.9,2,2,321.0,134.0,990.0,0.0,0.0
1,3,3,33,3.0,0,0,420.0,134.0,338.0,0.0,0.0
1,1,1,7,8.0,0,0,181.0,134.0,53.0,0.0,0.0
1,4,2,11,13.4,0,0,89.0,69.0,18.0,0.0,0.0
1,2,2,26,9.0,0,0,420.0,134.0,396.0,0.0,57.0
1,4,2,10,7.2,2,2,183.0,69.0,0.0,0.0,0.0
1,2,1,8,19.4,0,0,65.0,69.0,18.0,0.0,0.0
1,4,2,11,12.5,0,0,183.0,69.0,18.0,0.0,0.0
1,10,2,26,12.0,0,0,68.0,88.0,18.0,0.0,111.0
1,4,1,11,4.4,0,0,183.0,134.0,18.0,0.0,30.0
1,1,1,7,5.3,0,0,217.0,134.0,53.0,0.0,0.0
0,3,3,19,10.4,2,2,420.0,134.0,0.0,0.0,0.0
1,4,2,12,4.2,0,0,112.0,69.0,18.0,0.0,155.0
1,1,1,28,7.5,0,0,420.0,134.0,1463.0,0.0,0.0
0,0,0,2,1063.4,0,0,0.0,0.0,0.0,0.0,0.0
1,4,2,11,14.0,0,0,83.0,69.0,18.0,0.0,0.0
1,10,2,25,6.0,0,0,53.0,88.0,18.0,0.0,0.0
1,4,2,11,17.3,0,0,183.0,69.0,18.0,0.0,0.0
1,4,1,10,7.8,0,0,90.0,134.0,62.0,0.0,0.0
1,4,2,11,13.3,0,0,183.0,69.0,18.0,0.0,0.0
1,4,2,11,24.1,0,0,78.0,69.0,18.0,0.0,0.0
0,4,2,12,13.9,0,0,183.0,69.0,18.0,0.0,61.0
1,1,1,7,10.2,0,0,209.0,134.0,53.0,0.0,0.0
1,4,1,11,4.3,0,0,183.0,134.0,18.0,0.0,30.0
1,11,3,32,5.5,2,2,420.0,134.0,24047.0,0.0,0.0
1,4,2,11,18.7,0,0,84.0,69.0,18.0,0.0,0.0
1,3,3,23,0.1,0,0,420.0,134.0,0.0,0.0,0.0
1,4,2,11,15.7,0,0,72.0,69.0,18.0,0.0,0.0
1,1,1,19,4.6,0,0,268.0,153.0,77.0,0.0,0.0
0,4,2,12,1.1,0,0,183.0,69.0,18.0,0.0,61.0
1,3,3,45,9.0,0,0,321.0,134.0,322.0,0.0,0.0
1,1,1,7,6.4,0,0,168.0,134.0,53.0,0.0,0.0
1,4,2,12,75.8,0,0,105.0,69.0,18.0,0.0,52.0
1,4,2,11,16.7,0,0,183.0,69.0,18.0,0.0,0.0
0,1,1,6,2.6,0,0,175.0,134.0,0.0,0.0,0.0
0,1,1,6,20.5,0,0,181.0,134.0,0.0,0.0,0.0
1,1,1,8,10.1,0,0,204.0,134.0,2950.0,0.0,0.0
0,7,1,355,2.1,0,0,69.0,134.0,480.0,42.0,16146.0
1,1,1,8,34.0,0,0,420.0,134.0,18.0,0.0,4.0
1,4,1,10,16.7,0,0,98.0,134.0,18.0,0.0,0.0
0,4,2,11,5.2,0,0,183.0,69.0,116.0,0.0,0.0
0,4,2,12,11.4,0,0,183.0,69.0,18.0,0.0,61.0
1,4,2,11,11.7,0,0,75.0,69.0,18.0,0.0,0.0
1,4,2,12,6.3,0,0,107.0,69.0,18.0,0.0,17.0
1,4,2,12,6.7,0,0,108.0,69.0,18.0,0.0,17.0
0,3,3,40,3.7,2,2,420.0,134.0,894.0,0.0,0.0
1,4,1,10,9.6,0,0,80.0,134.0,146.0,0.0,0.0
0,3,3,32,7.6,2,2,420.0,134.0,842.0,0.0,0.0
1,4,2,12,15.8,0,0,183.0,69.0,18.0,0.0,61.0
1,4,2,11,10.2,0,0,183.0,69.0,18.0,0.0,0.0
0,1,1,6,8.8,0,0,203.0,134.0,0.0,0.0,0.0
1,2,1,9,26.9,0,0,183.0,69.0,18.0,0.0,72.0
1,3,3,27,0.5,0,0,420.0,134.0,0.0,0.0,0.0
1,1,1,7,8.6,1,1,153.0,134.0,216.0,0.0,0.0
1,2,1,8,9.9,0,0,89.0,69.0,18.0,0.0,0.0
1,2,2,15,15.7,0,0,420.0,134.0,470.0,0.0,33.0
1,6,1,16,6.5,0,0,53.0,153.0,18.0,0.0,0.0
1,2,2,22,7.4,0,0,321.0,153.0,428.0,0.0,0.0
1,4,1,11,7.1,0,0,183.0,134.0,18.0,0.0,30.0
1,1,1,7,3.8,1,1,180.0,134.0,216.0,0.0,0.0
1,4,2,11,16.3,0,0,183.0,69.0,18.0,0.0,0.0
0,4,2,12,5.1,0,0,183.0,69.0,18.0,0.0,61.0
1,4,2,11,12.6,0,0,183.0,69.0,18.0,0.0,0.0
1,4,2,11,9.4,0,0,183.0,69.0,18.0,0.0,0.0
1,10,2,25,5.9,0,0,49.0,88.0,18.0,0.0,0.0
1,4,2,12,5.2,1,1,183.0,69.0,3022.0,0.0,0.0
0,4,2,12,1.0,0,0,183.0,69.0,18.0,0.0,61.0
1,1,1,7,10.5,0,0,200.0,134.0,53.0,0.0,0.0
1,4,2,11,13.9,0,0,183.0,69.0,18.0,0.0,0.0
0,5,2,60,22.4,0,0,183.0,69.0,18.0,0.0,0.0
1,1,1,7,7.6,0,0,177.0,134.0,53.0,0.0,0.0
1,2,2,28,17.6,0,0,321.0,134.0,688.0,0.0,0.0
1,6,4,26,10.5,0,0,321.0,134.0,0.0,0.0,0.0
1,4,2,11,5.4,0,0,183.0,69.0,18.0,0.0,0.0
1,2,1,8,53.7,0,0,183.0,69.0,18.0,0.0,0.0
0,1,1,6,8.0,0,0,203.0,134.0,0.0,0.0,0.0
1,4,2,11,16.8,0,0,80.0,69.0,18.0,0.0,0.0
1,5,1,16,79.3,0,0,83.0,82.0,18.0,0.0,60.0
1,1,1,6,9.3,0,0,293.0,134.0,0.0,0.0,0.0
0,3,3,38,4.9,2,2,420.0,134.0,894.0,0.0,0.0
1,4,2,12,9.8,0,0,183.0,69.0,18.0,0.0,61.0
1,2,2,17,6.5,0,0,321.0,134.0,884.0,0.0,0.0
1,4,2,11,9.7,0,0,76.0,69.0,18.0,0.0,0.0
0,4,2,12,5.4,0,0,183.0,69.0,18.0,0.0,61.0
1,2,2,12,10.6,2,2,420.0,199.0,0.0,0.0,0.0
1,1,1,6,5.7,1,1,200.0,134.0,0.0,0.0,0.0
1,4,2,11,13.2,0,0,183.0,69.0,18.0,0.0,0.0
1,4,2,11,14.9,0,0,183.0,69.0,18.0,0.0,0.0
0,16,5,672,1.6,0,0,3240.0,5252.0,5404.0,2106.0,3254.0
1,3,3,44,2.9,2,2,420.0,134.0,0.0,0.0,0.0
1,1,1,8,5.6,0,0,420.0,134.0,18.0,0.0,4.0
1,4,2,12,10.3,0,0,183.0,69.0,18.0,0.0,61.0
1,1,1,18,5.3,0,0,339.0,153.0,0.0,0.0,0.0
1,5,3,22,5.6,0,0,321.0,134.0,18.0,0.0,1118.0
1,4,2,11,15.6,0,0,86.0,69.0,18.0,0.0,0.0
1,4,2,11,9.9,0,0,55.0,69.0,18.0,0.0,0.0
1,4,2,11,14.7,0,0,72.0,69.0,18.0,0.0,0.0
0,4,2,11,7.1,2,2,183.0,69.0,2348.0,0.0,0.0
1,1,1,7,10.1,0,0,136.0,134.0,53.0,0.0,0.0
1,9,4,24,13.0,2,2,183.0,69.0,0.0,0.0,0.0
0,3,3,40,5.6,2,2,420.0,134.0,894.0,0.0,0.0
1,4,2,12,19.0,0,0,183.0,69.0,18.0,0.0,64.0
1,2,1,8,22.4,0,0,183.0,134.0,18.0,0.0,0.0
1,1,1,9,12.9,0,0,420.0,134.0,18.0,0.0,33.0
1,4,1,11,5.0,0,0,183.0,134.0,18.0,0.0,30.0
1,10,2,25,9.8,0,0,42.0,88.0,18.0,0.0,0.0
1,4,2,11,20.4,0,0,76.0,69.0,18.0,0.0,0.0
1,4,2,11,17.3,0,0,183.0,69.0,18.0,0.0,0.0
1,4,2,12,15.5,0,0,84.0,69.0,2931.0,0.0,0.0
1,4,2,11,29.2,0,0,86.0,69.0,18.0,0.0,0.0
1,2,2,48,3.4,0,0,321.0,134.0,662.0,0.0,0.0
1,4,2,11,16.3,0,0,183.0,69.0,18.0,0.0,0.0
1,4,2,11,4.4,0,0,61.0,69.0,940.0,0.0,0.0
1,4,2,12,14.7,0,0,183.0,69.0,18.0,0.0,61.0
1,5,3,24,28.5,0,0,321.0,134.0,48.0,0.0,190.0
1,4,2,11,13.4,0,0,183.0,69.0,18.0,0.0,0.0
1,4,2,11,10.9,0,0,183.0,69.0,18.0,0.0,0.0
1,1,1,8,26.2,0,0,148.0,134.0,53.0,0.0,0.0
1,3,3,45,3.9,0,0,420.0,134.0,330.0,0.0,0.0
1,4,2,11,12.6,0,0,183.0,69.0,18.0,0.0,0.0
1,1,1,7,12.6,0,0,420.0,134.0,53.0,0.0,0.0
1,2,1,8,16.5,0,0,183.0,134.0,18.0,0.0,0.0
1,5,3,24,21.8,0,0,321.0,134.0,48.0,0.0,190.0
0,4,2,12,10.0,0,0,183.0,69.0,18.0,0.0,61.0
1,4,2,11,12.2,0,0,78.0,69.0,18.0,0.0,0.0
1,4,2,11,19.5,0,0,183.0,69.0,18.0,0.0,0.0
1,5,3,20,5.4,0,0,321.0,134.0,560.0,0.0,0.0
1,4,2,11,10.2,0,0,53.0,69.0,18.0,0.0,0.0
1,4,2,13,2.1,0,0,183.0,69.0,31.0,0.0,22.0
1,5,3,26,1.7,2,2,420.0,134.0,1235.0,0.0,13159.0
1,1,1,8,20.3,0,0,186.0,134.0,2950.0,0.0,0.0
1,4,2,11,21.0,0,0,55.0,69.0,18.0,0.0,0.0
1,2,2,31,21.6,0,0,321.0,134.0,64.0,0.0,57.0
0,1,1,19,11.8,0,0,177.0,153.0,77.0,0.0,0.0
1,4,2,12,12.3,0,0,85.0,69.0,2931.0,0.0,0.0
1,3,3,30,5.5,0,0,321.0,153.0,322.0,0.0,0.0
1,4,2,11,13.6,0,0,55.0,69.0,18.0,0.0,0.0
1,1,1,19,6.2,0,0,270.0,153.0,77.0,0.0,0.0
1,3,3,38,5.3,0,0,420.0,134.0,330.0,0.0,0.0
1,4,2,11,18.7,0,0,82.0,69.0,18.0,0.0,0.0
1,4,2,12,2.6,0,0,183.0,69.0,18.0,0.0,62.0
1,1,1,7,5.9,0,0,209.0,134.0,0.0,0.0,62.0
1,4,1,11,8.1,0,0,183.0,134.0,18.0,0.0,30.0
1,7,1,18,13.2,0,0,52.0,153.0,18.0,0.0,0.0
1,10,2,25,20.3,0,0,53.0,88.0,18.0,0.0,0.0
1,4,2,11,16.8,0,0,79.0,69.0,18.0,0.0,0.0
1,4,1,11,5.4,0,0,183.0,134.0,18.0,0.0,30.0
1,4,2,12,6.3,0,0,106.0,69.0,18.0,0.0,17.0
1,2,1,8,19.5,0,0,183.0,134.0,18.0,0.0,0.0
1,4,2,11,11.7,0,0,78.0,69.0,18.0,0.0,0.0
0,3,3,25,2.4,0,0,420.0,134.0,0.0,0.0,0.0
1,4,1,11,5.9,0,0,183.0,134.0,18.0,0.0,30.0
1,4,2,11,10.2,0,0,58.0,69.0,18.0,0.0,0.0
1,4,2,13,10.6,0,0,88.0,69.0,18.0,0.0,2953.0
1,2,2,24,9.5,0,0,420.0,134.0,428.0,0.0,56.0
0,12,6,72,2.6,0,0,321.0,2126.0,8810.0,10017.0,4159.0
1,4,2,10,10.9,0,0,95.0,69.0,0.0,0.0,0.0
1,2,1,8,22.4,0,0,183.0,134.0,18.0,0.0,0.0
1,4,1,11,8.7,0,0,183.0,134.0,18.0,0.0,30.0
1,10,2,26,22.0,0,0,72.0,75.0,18.0,0.0,0.0
1,2,1,8,19.0,0,0,183.0,134.0,18.0,0.0,0.0
1,4,2,11,18.9,0,0,78.0,69.0,18.0,0.0,0.0
1,10,2,25,6.3,2,2,77.0,88.0,654.0,0.0,0.0
1,1,1,19,7.3,0,0,230.0,153.0,77.0,0.0,0.0
1,5,3,22,6.3,0,0,321.0,134.0,18.0,0.0,1267.0
1,4,2,11,15.9,0,0,84.0,69.0,18.0,0.0,0.0
1,4,2,11,18.4,0,0,183.0,69.0,18.0,0.0,0.0
1,4,1,10,8.6,0,0,74.0,134.0,62.0,0.0,0.0
0,12,4,100,2.7,0,0,321.0,134.0,2382.0,0.0,0.0
1,1,1,19,8.0,0,0,218.0,153.0,77.0,0.0,0.0
1,2,2,22,1.8,0,0,420.0,134.0,560.0,0.0,56.0
1,10,2,25,18.5,0,0,71.0,88.0,18.0,0.0,0.0
0,3,3,41,3.8,0,0,420.0,134.0,438.0,0.0,0.0
0,3,3,40,3.1,2,2,420.0,134.0,918.0,0.0,0.0
0,4,2,11,18.3,0,0,183.0,69.0,18.0,0.0,0.0
1,4,2,11,13.1,0,0,183.0,69.0,18.0,0.0,0.0
1,4,1,10,19.5,0,0,81.0,134.0,256.0,0.0,0.0
1,4,2,11,12.5,0,0,53.0,69.0,18.0,0.0,0.0
1,3,3,37,7.5,0,0,321.0,134.0,710.0,0.0,0.0
1,4,2,11,10.7,0,0,90.0,69.0,18.0,0.0,0.0
1,1,1,7,9.3,0,0,160.0,134.0,0.0,0.0,63.0
1,4,2,11,12.7,0,0,77.0,69.0,18.0,0.0,0.0
1,4,1,10,3.7,0,0,58.0,134.0,1057.0,0.0,0.0
1,4,2,12,16.1,0,0,183.0,69.0,18.0,0.0,61.0
1,10,2,26,4.9,0,0,87.0,88.0,18.0,0.0,62.0
1,4,2,12,12.2,1,1,183.0,69.0,181.0,0.0,61.0
1,4,2,11,15.7,0,0,73.0,69.0,18.0,0.0,0.0
1,4,2,11,13.1,0,0,53.0,69.0,18.0,0.0,0.0
1,4,2,11,16.0,0,0,183.0,69.0,18.0,0.0,0.0
1,4,2,12,4.8,0,0,183.0,69.0,18.0,0.0,62.0
0,1,1,6,0.0,0,0,76.0,134.0,0.0,0.0,0.0
0,4,2,12,5.3,0,0,183.0,69.0,18.0,0.0,64.0
1,4,2,11,8.6,0,0,81.0,69.0,18.0,0.0,0.0
1,2,2,24,9.3,0,0,321.0,134.0,560.0,0.0,0.0
1,1,1,19,7.8,0,0,337.0,153.0,77.0,0.0,0.0
1,2,2,28,15.1,0,0,420.0,134.0,396.0,0.0,57.0
1,2,2,33,11.3,0,0,321.0,134.0,560.0,0.0,0.0
1,4,1,11,6.3,0,0,183.0,134.0,18.0,0.0,30.0
1,6,4,29,10.9,0,0,321.0,134.0,1400.0,0.0,0.0
1,4,2,11,16.3,0,0,183.0,69.0,18.0,0.0,0.0
1,10,2,25,9.1,0,0,66.0,88.0,18.0,0.0,0.0
1,5,1,16,58.3,0,0,80.0,82.0,18.0,0.0,60.0
1,4,1,11,6.5,0,0,183.0,134.0,18.0,0.0,30.0
1,3,3,37,7.7,0,0,321.0,134.0,710.0,0.0,0.0
1,4,2,11,19.7,0,0,103.0,69.0,18.0,0.0,0.0
1,1,1,7,12.6,0,0,149.0,134.0,53.0,0.0,0.0
1,5,1,16,51.6,0,0,81.0,82.0,18.0,0.0,60.0
1,1,1,12,13.8,0,0,217.0,153.0,72.0,0.0,0.0
0,21,20,384,13.1,2,2,183.0,129.0,10884.0,192.0,517.0
1,4,2,11,8.1,0,0,94.0,69.0,18.0,0.0,0.0
0,4,2,11,24.8,0,0,183.0,69.0,116.0,0.0,0.0
1,1,1,7,9.2,0,0,168.0,134.0,53.0,0.0,0.0
1,2,2,24,12.6,0,0,321.0,134.0,528.0,0.0,57.0
1,4,2,11,10.7,0,0,81.0,69.0,18.0,0.0,0.0
1,1,1,7,4.7,0,0,163.0,134.0,53.0,0.0,0.0
1,4,2,13,2.5,1,1,183.0,69.0,1835.0,0.0,0.0
1,3,3,101,9.6,0,0,420.0,134.0,322.0,0.0,0.0
1,2,1,9,5.9,2,2,49.0,69.0,133.0,0.0,0.0
1,10,2,25,7.9,0,0,54.0,88.0,92.0,0.0,0.0
1,10,2,26,8.1,0,0,63.0,88.0,18.0,0.0,25.0
1,4,2,12,24.9,0,0,183.0,69.0,18.0,0.0,61.0
1,4,2,11,8.1,0,0,183.0,69.0,18.0,0.0,0.0
1,4,1,11,6.7,0,0,183.0,134.0,18.0,0.0,30.0
1,1,1,9,15.5,0,0,420.0,134.0,18.0,0.0,33.0
1,4,1,11,6.9,0,0,183.0,134.0,18.0,0.0,30.0
1,4,2,11,13.3,0,0,183.0,69.0,18.0,0.0,0.0
0,4,2,12,1.1,0,0,183.0,69.0,18.0,0.0,61.0
1,3,3,27,4.7,0,0,336.0,153.0,0.0,0.0,0.0
1,2,2,32,9.1,0,0,420.0,134.0,428.0,0.0,0.0
1,4,1,10,9.1,0,0,68.0,134.0,62.0,0.0,0.0
1,2,1,8,27.6,0,0,183.0,134.0,18.0,0.0,0.0
1,4,1,10,10.7,0,0,85.0,134.0,62.0,0.0,0.0
1,4,1,10,8.6,0,0,72.0,134.0,368.0,0.0,0.0
1,10,2,25,5.2,0,0,63.0,88.0,18.0,0.0,0.0
1,4,2,12,6.3,0,0,108.0,69.0,18.0,0.0,17.0
1,4,2,11,9.6,0,0,89.0,69.0,18.0,0.0,0.0
1,4,1,11,4.8,0,0,183.0,134.0,18.0,0.0,30.0
1,2,1,9,50.5,0,0,86.0,69.0,18.0,0.0,56.0
1,1,1,7,8.9,0,0,187.0,134.0,53.0,0.0,0.0
1,2,1,8,19.2,0,0,183.0,134.0,18.0,0.0,0.0
1,3,3,30,7.1,0,0,321.0,153.0,330.0,0.0,0.0
0,4,2,12,11.3,0,0,183.0,69.0,18.0,0.0,61.0
1,10,2,25,8.8,0,0,42.0,88.0,18.0,0.0,0.0
1,4,2,11,14.1,0,0,88.0,69.0,18.0,0.0,0.0
1,4,1,10,1.9,0,0,52.0,134.0,162.0,0.0,0.0
0,4,2,11,1.7,0,0,50.0,69.0,18.0,0.0,0.0
1,4,1,11,4.2,0,0,183.0,134.0,18.0,0.0,30.0
1,5,1,16,83.1,0,0,77.0,82.0,18.0,0.0,60.0
1,4,1,11,6.6,0,0,183.0,134.0,18.0,0.0,30.0
1,10,2,25,15.0,0,0,52.0,88.0,18.0,0.0,0.0
1,2,2,20,4.6,0,0,321.0,134.0,260.0,0.0,57.0
1,1,1,24,7.4,0,0,227.0,134.0,1098.0,0.0,56.0
1,10,2,25,13.3,0,0,74.0,88.0,18.0,0.0,0.0
0,4,2,12,10.0,0,0,183.0,69.0,18.0,0.0,61.0
1,4,2,12,18.0,0,0,89.0,69.0,2931.0,0.0,0.0
1,4,1,10,10.8,0,0,74.0,134.0,62.0,0.0,0.0
1,1,1,7,16.3,1,1,191.0,134.0,216.0,0.0,0.0
1,4,2,11,5.6,1,1,183.0,69.0,181.0,0.0,0.0
1,1,1,19,6.0,0,0,276.0,153.0,77.0,0.0,0.0
1,4,2,12,13.8,0,0,77.0,69.0,2931.0,0.0,0.0
1,4,2,11,10.1,0,0,87.0,69.0,18.0,0.0,0.0
0,4,2,12,14.7,0,0,183.0,69.0,18.0,0.0,61.0
1,1,1,6,5.2,0,0,163.0,134.0,0.0,0.0,0.0
1,3,3,48,2.6,2,2,420.0,134.0,810.0,0.0,0.0
1,4,1,10,6.8,0,0,82.0,134.0,62.0,0.0,0.0
1,2,1,8,32.8,0,0,183.0,134.0,18.0,0.0,0.0
0,1,1,6,2.4,0,0,420.0,134.0,0.0,0.0,0.0
1,4,2,11,4.0,0,0,67.0,69.0,18.0,0.0,0.0
1,1,1,7,2.7,0,0,191.0,134.0,53.0,0.0,0.0
1,2,2,100,5.9,0,0,420.0,134.0,564.0,0.0,57.0
1,10,2,25,7.3,0,0,67.0,88.0,18.0,0.0,0.0
1,1,1,19,8.6,0,0,208.0,153.0,77.0,0.0,0.0
1,4,1,10,12.4,0,0,79.0,134.0,18.0,0.0,0.0
1,2,1,8,16.7,0,0,183.0,134.0,18.0,0.0,0.0
1,4,2,11,12.2,0,0,183.0,69.0,18.0,0.0,0.0
1,1,1,7,16.2,0,0,166.0,134.0,53.0,0.0,0.0
1,1,1,8,14.0,0,0,153.0,134.0,2950.0,0.0,0.0
1,1,1,7,17.3,0,0,157.0,134.0,53.0,0.0,0.0
1,3,3,53,4.9,0,0,321.0,134.0,354.0,0.0,0.0
1,4,2,12,12.9,2,2,183.0,69.0,1054.0,0.0,0.0
1,3,3,30,2.5,0,0,321.0,153.0,322.0,0.0,0.0
1,10,2,26,6.7,0,0,55.0,88.0,18.0,0.0,64.0
1,4,2,11,18.0,0,0,86.0,69.0,18.0,0.0,0.0
1,5,3,18,9.4,2,2,420.0,134.0,1328.0,0.0,0.0
1,4,2,11,12.2,0,0,65.0,69.0,18.0,0.0,0.0
1,4,2,12,6.2,0,0,106.0,69.0,18.0,0.0,17.0
1,4,1,11,4.3,0,0,183.0,134.0,18.0,0.0,30.0
1,5,1,16,87.7,0,0,78.0,82.0,18.0,0.0,60.0
0,4,2,12,5.7,0,0,183.0,69.0,18.0,0.0,61.0
1,1,1,8,19.2,0,0,420.0,69.0,18.0,0.0,18.0
0,5,3,18,22.7,2,2,420.0,134.0,2064.0,0.0,0.0
1,5,3,22,4.6,2,2,420.0,134.0,1784.0,0.0,0.0
1,2,1,8,11.1,0,0,63.0,69.0,18.0,0.0,0.0
1,4,1,10,8.6,0,0,69.0,134.0,640.0,0.0,0.0
1,4,2,18,8.6,0,0,74.0,69.0,18.0,0.0,30.0
1,1,1,19,10.1,0,0,324.0,153.0,77.0,0.0,0.0
1,4,1,11,7.7,0,0,183.0,134.0,18.0,0.0,30.0
0,1,1,6,8.0,0,0,208.0,134.0,0.0,0.0,0.0
1,11,2,26,5.9,0,0,42.0,88.0,176.0,0.0,0.0
0,4,7,264,7.3,0,0,183.0,80.0,6592.0,4329.0,1745.0
1,5,3,20,4.3,0,0,321.0,134.0,560.0,0.0,0.0
1,5,1,16,51.7,0,0,81.0,82.0,18.0,0.0,60.0
1,10,2,25,8.7,0,0,59.0,88.0,18.0,0.0,0.0
1,2,1,8,18.9,0,0,183.0,134.0,18.0,0.0,0.0
1,1,1,18,3.0,0,0,266.0,153.0,0.0,0.0,0.0
0,1,1,11,6.4,0,0,321.0,134.0,344.0,0.0,0.0
1,4,2,12,8.0,0,0,183.0,69.0,18.0,0.0,61.0
0,4,2,12,10.0,0,0,183.0,69.0,18.0,0.0,61.0
1,3,3,27,0.3,0,0,420.0,134.0,0.0,0.0,0.0
1,4,2,11,9.0,0,0,183.0,69.0,18.0,0.0,0.0
1,4,1,11,5.5,0,0,183.0,134.0,18.0,0.0,30.0
1,4,2,11,18.8,0,0,183.0,69.0,18.0,0.0,0.0
1,4,2,11,18.2,0,0,183.0,69.0,18.0,0.0,0.0
1,1,1,9,10.4,0,0,420.0,134.0,18.0,0.0,33.0
1,4,1,10,22.7,0,0,77.0,134.0,62.0,0.0,0.0
0,4,2,11,8.6,0,0,65.0,69.0,18.0,0.0,0.0
1,2,2,38,6.2,0,0,420.0,134.0,428.0,0.0,56.0
0,4,2,12,29.7,0,0,183.0,69.0,18.0,0.0,61.0
1,4,2,11,16.0,0,0,73.0,69.0,18.0,0.0,0.0
1,4,2,11,11.7,0,0,183.0,69.0,18.0,0.0,0.0
0,1,1,7,9.6,0,0,213.0,134.0,53.0,0.0,0.0
1,2,2,23,13.8,0,0,321.0,153.0,260.0,0.0,76.0
1,1,1,15,11.8,0,0,225.0,153.0,72.0,0.0,0.0
1,4,1,11,9.6,0,0,183.0,134.0,18.0,0.0,30.0
1,1,1,7,4.0,1,1,192.0,134.0,216.0,0.0,0.0
1,4,1,11,2.8,0,0,183.0,134.0,18.0,0.0,30.0
1,4,2,11,20.8,0,0,183.0,69.0,18.0,0.0,0.0
1,2,2,31,11.4,0,0,321.0,134.0,560.0,0.0,0.0
1,4,2,11,15.0,0,0,183.0,69.0,18.0,0.0,0.0
1,5,1,16,87.5,0,0,79.0,82.0,18.0,0.0,60.0
1,3,3,34,2.3,0,0,321.0,153.0,418.0,0.0,0.0
1,4,1,11,8.4,0,0,183.0,134.0,18.0,0.0,30.0
0,4,2,12,1.1,0,0,183.0,69.0,18.0,0.0,61.0
1,4,2,12,16.6,0,0,183.0,69.0,18.0,0.0,61.0
1,4,2,11,18.8,0,0,183.0,69.0,18.0,0.0,0.0
1,4,2,12,10.5,0,0,183.0,69.0,18.0,0.0,61.0
1,4,2,12,14.7,0,0,183.0,69.0,18.0,0.0,62.0
1,4,2,12,12.5,0,0,56.0,69.0,18.0,0.0,48.0
1,1,1,7,11.4,0,0,174.0,134.0,53.0,0.0,0.0
1,3,3,57,4.9,0,0,420.0,134.0,330.0,0.0,0.0
1,4,2,12,11.3,0,0,183.0,69.0,18.0,0.0,76.0
1,2,2,17,33.5,2,2,420.0,134.0,0.0,0.0,0.0
0,4,2,12,1.0,0,0,183.0,69.0,18.0,0.0,61.0
1,2,2,41,59.3,0,0,321.0,134.0,64.0,0.0,57.0
1,2,1,8,25.3,0,0,183.0,134.0,18.0,0.0,0.0
1,1,1,7,11.1,0,0,173.0,134.0,53.0,0.0,0.0
1,1,1,9,3.5,0,0,420.0,134.0,18.0,0.0,260.0
1,4,2,12,84.6,0,0,51.0,69.0,18.0,0.0,40.0
1,3,3,32,2.0,0,0,420.0,134.0,322.0,0.0,0.0
1,1,1,7,1.5,0,0,139.0,134.0,53.0,0.0,0.0
1,10,2,25,23.5,0,0,63.0,88.0,18.0,0.0,0.0
0,1,1,6,9.4,0,0,203.0,134.0,0.0,0.0,0.0
1,4,2,11,4.4,2,2,183.0,69.0,181.0,0.0,0.0
0,4,2,12,12.5,0,0,183.0,69.0,18.0,0.0,61.0
1,3,3,48,2.6,2,2,420.0,134.0,1038.0,0.0,0.0
1,2,2,25,3.8,0,0,420.0,134.0,606.0,0.0,0.0
1,4,1,10,4.2,0,0,74.0,134.0,62.0,0.0,0.0
1,12,4,46,3.2,0,0,321.0,134.0,414.0,0.0,0.0
1,4,2,11,10.8,0,0,183.0,69.0,18.0,0.0,0.0
1,3,3,33,2.3,0,0,420.0,134.0,322.0,0.0,0.0
1,10,2,26,22.1,0,0,50.0,88.0,18.0,0.0,52.0
1,3,3,47,1.7,2,2,420.0,134.0,810.0,0.0,0.0
1,4,2,11,12.5,0,0,183.0,69.0,18.0,0.0,0.0
1,1,1,7,8.0,0,0,420.0,134.0,53.0,0.0,0.0
1,5,1,16,83.4,0,0,78.0,82.0,18.0,0.0,60.0
1,4,2,11,20.9,0,0,76.0,69.0,18.0,0.0,0.0
1,3,3,94,39.6,2,2,321.0,134.0,1742.0,0.0,0.0
1,10,2,24,11.9,0,0,53.0,88.0,686.0,0.0,0.0
1,1,1,19,4.6,0,0,257.0,153.0,77.0,0.0,0.0
1,4,2,12,14.9,0,0,183.0,69.0,18.0,0.0,61.0
1,4,2,11,7.2,0,0,81.0,69.0,18.0,0.0,0.0
1,4,1,11,9.2,0,0,183.0,134.0,18.0,0.0,30.0
1,4,2,11,7.2,0,0,183.0,69.0,18.0,0.0,0.0
1,4,1,10,5.8,0,0,74.0,134.0,368.0,0.0,0.0
1,1,1,7,11.0,0,0,151.0,134.0,53.0,0.0,0.0
1,1,1,6,20.5,0,0,211.0,134.0,0.0,0.0,0.0
1,10,2,26,10.1,0,0,68.0,88.0,18.0,0.0,61.0
1,3,3,36,3.3,0,0,420.0,134.0,330.0,0.0,0.0
1,4,2,11,15.1,0,0,74.0,69.0,18.0,0.0,0.0
1,4,2,11,23.1,0,0,183.0,69.0,18.0,0.0,0.0
1,4,1,11,10.4,0,0,183.0,134.0,18.0,0.0,30.0
1,4,2,11,6.2,0,0,67.0,69.0,18.0,0.0,0.0
1,4,2,11,8.4,0,0,183.0,69.0,18.0,0.0,0.0
1,4,2,11,11.9,0,0,183.0,69.0,18.0,0.0,0.0
1,4,1,10,8.7,0,0,76.0,134.0,62.0,0.0,0.0
1,10,2,25,12.8,0,0,71.0,88.0,18.0,0.0,0.0
0,4,2,12,1.0,0,0,183.0,69.0,18.0,0.0,61.0
1,1,1,19,5.2,0,0,225.0,153.0,77.0,0.0,0.0
1,3,3,40,2.3,1,1,420.0,134.0,470.0,0.0,0.0
0,4,2,12,3.4,0,0,183.0,69.0,18.0,0.0,62.0
1,4,2,12,6.5,0,0,109.0,69.0,18.0,0.0,17.0
1,1,1,7,17.8,0,0,188.0,134.0,53.0,0.0,0.0
1,4,2,11,2.9,0,0,48.0,69.0,18.0,0.0,0.0
1,10,2,26,0.4,0,0,46.0,88.0,2931.0,0.0,0.0
1,10,2,25,2.9,0,0,76.0,88.0,18.0,0.0,0.0
1,3,3,34,5.5,0,0,420.0,134.0,330.0,0.0,0.0
1,4,2,11,13.0,0,0,81.0,69.0,18.0,0.0,0.0
1,5,1,16,80.5,0,0,75.0,82.0,18.0,0.0,60.0
1,4,2,11,13.6,0,0,60.0,69.0,18.0,0.0,0.0
1,4,2,12,16.3,0,0,183.0,69.0,18.0,0.0,61.0
1,4,2,11,11.3,0,0,183.0,69.0,18.0,0.0,0.0
0,1,1,19,6.4,0,0,268.0,153.0,77.0,0.0,0.0
1,1,1,8,47.6,0,0,158.0,134.0,30.0,0.0,0.0
1,4,2,11,5.1,0,0,183.0,69.0,18.0,0.0,0.0
1,5,3,22,6.3,0,0,321.0,134.0,34.0,0.0,3605.0
1,4,2,11,25.1,0,0,183.0,69.0,42.0,0.0,0.0
1,4,2,11,12.8,0,0,183.0,69.0,18.0,0.0,0.0
1,3,3,28,0.3,0,0,420.0,134.0,330.0,0.0,0.0
1,10,2,24,19.5,0,0,66.0,88.0,686.0,0.0,0.0
0,3,3,40,5.8,2,2,420.0,134.0,894.0,0.0,0.0
1,4,1,10,6.0,0,0,67.0,134.0,62.0,0.0,0.0
1,4,2,11,7.7,0,0,183.0,69.0,18.0,0.0,0.0
1,4,1,10,7.5,0,0,71.0,134.0,168.0,0.0,0.0
1,10,2,25,19.5,2,2,69.0,88.0,542.0,0.0,0.0
1,4,2,11,10.5,0,0,84.0,69.0,18.0,0.0,0.0
1,4,1,11,5.4,0,0,183.0,134.0,18.0,0.0,30.0
1,4,1,11,8.8,0,0,183.0,134.0,18.0,0.0,30.0
0,4,2,11,28.4,0,0,183.0,69.0,18.0,0.0,0.0
1,4,2,11,9.3,0,0,183.0,69.0,18.0,0.0,0.0
1,3,3,24,0.9,0,0,420.0,134.0,0.0,0.0,0.0
1,3,3,18,6.6,2,2,420.0,134.0,0.0,0.0,0.0
1,4,1,11,6.6,0,0,183.0,134.0,18.0,0.0,30.0
1,2,2,12,6.8,2,2,420.0,134.0,0.0,0.0,0.0
1,2,1,8,23.9,0,0,183.0,134.0,18.0,0.0,0.0
0,4,2,12,1.1,0,0,183.0,69.0,18.0,0.0,61.0
1,12,4,47,6.8,0,0,321.0,134.0,374.0,0.0,0.0
1,2,1,8,21.6,0,0,70.0,69.0,18.0,0.0,0.0
1,3,3,41,3.7,0,0,321.0,134.0,346.0,0.0,0.0
0,4,2,12,15.3,0,0,183.0,69.0,18.0,0.0,61.0
0,1,1,6,2.3,0,0,164.0,134.0,0.0,0.0,0.0
1,4,2,12,21.7,1,1,183.0,69.0,181.0,0.0,61.0
1,1,1,8,25.7,0,0,420.0,134.0,18.0,0.0,42.0
1,4,2,13,2.2,0,0,183.0,69.0,31.0,0.0,22.0
1,4,2,12,12.4,0,0,80.0,69.0,2931.0,0.0,0.0
1,4,2,11,2.7,0,0,86.0,69.0,18.0,0.0,0.0
1,4,2,12,36.8,0,0,92.0,69.0,18.0,0.0,52.0
0,4,2,12,12.9,0,0,183.0,69.0,18.0,0.0,61.0
1,4,2,12,20.7,0,0,183.0,69.0,697.0,0.0,0.0
1,2,1,8,24.2,0,0,183.0,134.0,18.0,0.0,0.0
0,4,2,12,1.1,0,0,183.0,69.0,18.0,0.0,61.0
1,4,2,11,15.8,0,0,183.0,69.0,18.0,0.0,0.0
1,4,1,11,5.2,0,0,183.0,134.0,18.0,0.0,30.0
1,3,3,88,30.5,2,2,321.0,134.0,1734.0,0.0,0.0
1,4,2,11,38.7,0,0,183.0,69.0,18.0,0.0,0.0
1,4,2,12,2.5,0,0,183.0,69.0,18.0,0.0,61.0
1,5,1,16,65.2,0,0,77.0,82.0,18.0,0.0,60.0
1,10,2,25,9.5,0,0,45.0,88.0,18.0,0.0,0.0
1,2,1,8,25.7,0,0,183.0,134.0,18.0,0.0,0.0
1,2,2,75,6.1,0,0,420.0,134.0,76.0,0.0,0.0
1,1,1,7,8.9,0,0,190.0,134.0,53.0,0.0,0.0
1,4,2,11,15.4,0,0,81.0,69.0,18.0,0.0,0.0
1,2,1,8,36.8,0,0,88.0,69.0,18.0,0.0,0.0
1,4,2,11,22.3,0,0,183.0,69.0,18.0,0.0,0.0
1,4,2,11,9.6,0,0,58.0,69.0,18.0,0.0,0.0
1,4,1,11,6.6,0,0,183.0,134.0,18.0,0.0,30.0
1,4,2,11,36.0,0,0,59.0,69.0,116.0,0.0,0.0
1,4,2,11,13.0,0,0,183.0,69.0,18.0,0.0,0.0
0,3,3,41,5.8,2,2,420.0,134.0,894.0,0.0,0.0
1,2,2,67,25.8,0,0,321.0,134.0,560.0,0.0,56.0
1,4,2,11,14.5,0,0,82.0,69.0,18.0,0.0,0.0
1,4,2,11,3.5,0,0,67.0,69.0,18.0,0.0,0.0
1,4,2,11,20.3,0,0,183.0,69.0,18.0,0.0,0.0
1,4,1,11,6.4,0,0,183.0,134.0,18.0,0.0,30.0
0,5,3,18,16.1,2,2,420.0,134.0,2064.0,0.0,0.0
1,1,1,8,7.6,0,0,200.0,134.0,2950.0,0.0,0.0
1,5,1,16,90.9,0,0,73.0,82.0,18.0,0.0,60.0
1,4,2,11,9.0,0,0,55.0,69.0,18.0,0.0,0.0
0,21,23,451,0.2,0,0,224.0,72.0,357.0,32.0,77.0
1,1,1,7,36.5,0,0,89.0,134.0,53.0,0.0,0.0
1,4,2,11,12.7,0,0,85.0,69.0,18.0,0.0,0.0
1,4,1,11,6.7,0,0,183.0,134.0,18.0,0.0,30.0
1,3,3,53,2.6,0,0,420.0,134.0,322.0,0.0,0.0
1,4,2,11,21.6,0,0,52.0,69.0,18.0,0.0,0.0
0,1,1,6,3.8,0,0,149.0,134.0,0.0,0.0,0.0
1,1,1,7,12.7,0,0,189.0,134.0,53.0,0.0,0.0
1,4,1,11,3.5,0,0,183.0,134.0,18.0,0.0,30.0
1,4,2,11,10.0,0,0,183.0,69.0,18.0,0.0,0.0
1,4,2,12,6.3,0,0,102.0,69.0,18.0,0.0,17.0
1,1,1,7,0.5,0,0,120.0,134.0,53.0,0.0,0.0
0,4,2,11,32.0,0,0,183.0,69.0,18.0,0.0,0.0
1,4,2,11,10.8,0,0,183.0,69.0,18.0,0.0,0.0
1,1,1,8,11.0,0,0,420.0,134.0,18.0,0.0,260.0
1,4,1,11,6.3,0,0,183.0,134.0,18.0,0.0,30.0
1,3,3,42,11.0,2,2,420.0,134.0,922.0,0.0,0.0
1,4,2,11,14.9,0,0,183.0,69.0,18.0,0.0,0.0
1,1,1,19,6.1,0,0,420.0,134.0,476.0,0.0,0.0
1,4,1,10,8.5,0,0,91.0,134.0,62.0,0.0,0.0
1,4,2,12,24.0,0,0,88.0,69.0,18.0,0.0,61.0
1,1,1,27,6.1,0,0,236.0,134.0,0.0,0.0,0.0
1,1,1,7,15.5,0,0,211.0,134.0,53.0,0.0,0.0
1,4,1,10,3.7,0,0,53.0,134.0,62.0,0.0,0.0
1,4,2,11,15.1,0,0,183.0,69.0,18.0,0.0,0.0
0,4,2,12,1.0,0,0,183.0,69.0,18.0,0.0,61.0
1,1,1,7,16.3,0,0,208.0,134.0,53.0,0.0,0.0
1,10,2,25,12.1,0,0,54.0,88.0,18.0,0.0,0.0
1,4,2,11,14.6,0,0,85.0,69.0,18.0,0.0,0.0
1,4,1,11,15.2,0,0,73.0,134.0,2975.0,0.0,0.0
1,1,1,7,10.9,0,0,172.0,134.0,53.0,0.0,0.0
1,12,4,42,2.5,2,2,321.0,134.0,1114.0,0.0,0.0
1,1,1,19,0.5,0,0,140.0,153.0,77.0,0.0,0.0
0,1,1,6,1.6,0,0,164.0,134.0,0.0,0.0,0.0
1,4,1,10,11.7,0,0,98.0,134.0,62.0,0.0,0.0
1,4,1,11,9.6,0,0,95.0,134.0,457.0,0.0,0.0
1,5,3,22,8.2,0,0,321.0,134.0,18.0,0.0,3613.0
1,3,3,34,1.8,0,0,420.0,134.0,330.0,0.0,0.0
1,4,2,11,22.1,0,0,68.0,69.0,18.0,0.0,0.0
1,10,2,25,3.8,0,0,69.0,88.0,18.0,0.0,0.0
1,4,2,11,14.8,0,0,89.0,69.0,18.0,0.0,0.0
1,1,1,19,6.9,0,0,263.0,153.0,77.0,0.0,0.0
1,1,1,7,9.6,0,0,222.0,134.0,53.0,0.0,0.0
1,4,2,11,15.9,0,0,50.0,69.0,18.0,0.0,0.0
1,1,1,7,13.4,0,0,155.0,134.0,53.0,0.0,0.0
1,4,2,11,5.5,0,0,51.0,69.0,18.0,0.0,0.0
1,4,2,11,15.4,0,0,183.0,69.0,18.0,0.0,0.0
1,3,3,17,3.0,0,0,420.0,134.0,0.0,0.0,0.0
1,1,1,7,15.9,0,0,201.0,134.0,53.0,0.0,0.0
1,1,1,8,26.8,0,0,420.0,134.0,18.0,0.0,4.0
1,4,1,10,19.3,0,0,86.0,134.0,62.0,0.0,0.0
1,2,1,8,20.1,0,0,183.0,134.0,18.0,0.0,0.0
1,4,2,11,13.2,0,0,67.0,69.0,18.0,0.0,0.0
1,2,1,8,39.5,0,0,183.0,134.0,18.0,0.0,0.0
0,2,2,24,19.0,0,0,321.0,134.0,778.0,0.0,0.0
1,2,1,8,18.7,0,0,64.0,69.0,18.0,0.0,0.0
1,4,1,10,4.2,0,0,58.0,134.0,18.0,0.0,0.0
1,1,1,7,49.0,0,0,155.0,134.0,53.0,0.0,0.0
1,2,2,12,7.3,2,2,420.0,134.0,0.0,0.0,0.0
1,1,1,9,11.6,0,0,420.0,134.0,18.0,0.0,33.0
1,4,2,11,11.0,0,0,183.0,69.0,18.0,0.0,0.0
1,1,1,19,8.2,0,0,235.0,153.0,77.0,0.0,0.0
1,5,3,17,0.7,0,2,420.0,134.0,1250.0,0.0,0.0
1,10,2,25,39.9,0,0,69.0,88.0,18.0,0.0,0.0
1,5,3,24,20.2,0,0,321.0,134.0,48.0,0.0,190.0
1,4,2,11,13.3,0,0,51.0,69.0,18.0,0.0,0.0
1,4,2,11,15.7,0,0,183.0,69.0,18.0,0.0,0.0
1,1,1,7,22.6,0,0,153.0,134.0,53.0,0.0,0.0
1,4,2,12,20.7,0,0,183.0,69.0,18.0,0.0,61.0
1,2,2,29,4.9,0,0,420.0,134.0,64.0,0.0,0.0
1,1,1,19,4.0,0,0,255.0,153.0,77.0,0.0,0.0
1,4,2,11,22.5,0,0,183.0,69.0,18.0,0.0,0.0
1,4,2,11,5.2,0,0,183.0,69.0,18.0,0.0,0.0
1,4,2,12,7.2,0,0,108.0,69.0,18.0,0.0,17.0
1,4,2,11,7.6,0,0,76.0,69.0,116.0,0.0,0.0
1,4,2,10,6.1,0,0,60.0,69.0,0.0,0.0,0.0
1,5,3,24,22.0,0,0,321.0,134.0,48.0,0.0,190.0
1,1,1,12,17.8,0,0,178.0,153.0,53.0,0.0,0.0
1,1,1,7,6.3,0,0,200.0,134.0,53.0,0.0,0.0
0,4,2,51,3.6,0,0,183.0,69.0,54.0,0.0,0.0
1,5,3,17,23.6,1,1,420.0,134.0,5023.0,0.0,0.0
0,4,2,12,13.0,0,0,183.0,69.0,18.0,0.0,61.0
1,8,4,23,8.9,0,0,183.0,69.0,302.0,0.0,0.0
1,4,2,12,7.2,1,1,183.0,69.0,181.0,0.0,61.0
1,4,2,11,5.9,1,1,60.0,69.0,181.0,0.0,0.0
0,4,1,10,0.7,0,0,84.0,134.0,116.0,0.0,0.0
1,8,4,22,23.9,2,2,183.0,69.0,5082.0,0.0,0.0
1,1,1,14,2.9,0,0,420.0,134.0,64.0,0.0,0.0
1,10,2,25,11.5,0,0,64.0,88.0,44.0,0.0,0.0
1,14,4,41,9.6,2,2,67.0,88.0,1898.0,0.0,0.0
1,5,3,24,21.9,0,0,321.0,134.0,48.0,0.0,190.0
1,3,3,30,3.2,0,0,321.0,134.0,330.0,0.0,0.0
1,4,1,11,3.9,0,0,183.0,134.0,18.0,0.0,30.0
1,3,3,27,0.5,0,0,420.0,134.0,0.0,0.0,0.0
1,4,2,11,13.9,0,0,183.0,69.0,18.0,0.0,0.0
1,10,2,26,7.1,0,0,71.0,88.0,2997.0,0.0,0.0
1,4,2,11,15.0,0,0,82.0,69.0,18.0,0.0,0.0
1,3,3,129,3.2,0,0,420.0,134.0,322.0,0.0,0.0
0,4,2,12,12.3,0,0,183.0,69.0,18.0,0.0,61.0
1,1,1,7,29.4,0,0,162.0,134.0,53.0,0.0,0.0
1,1,1,7,6.3,0,0,203.0,134.0,53.0,0.0,0.0
1,1,1,7,11.7,0,0,185.0,134.0,53.0,0.0,0.0
1,4,1,11,4.8,0,0,183.0,134.0,18.0,0.0,30.0
1,3,3,39,7.3,0,0,420.0,134.0,330.0,0.0,0.0
1,4,2,11,12.8,0,0,183.0,69.0,18.0,0.0,0.0
1,4,2,12,11.3,0,0,183.0,69.0,18.0,0.0,61.0
1,4,2,12,19.7,0,0,103.0,69.0,18.0,0.0,52.0
1,4,1,11,4.4,0,0,183.0,134.0,18.0,0.0,30.0
0,4,2,12,1.1,0,0,183.0,69.0,18.0,0.0,61.0
1,5,1,16,50.4,0,0,77.0,82.0,18.0,0.0,60.0
0,4,2,12,1.1,0,0,183.0,69.0,18.0,0.0,61.0
1,4,2,11,4.2,0,0,183.0,69.0,18.0,0.0,0.0
1,2,1,8,23.6,0,0,183.0,134.0,18.0,0.0,0.0
1,3,3,31,0.1,0,0,321.0,153.0,0.0,0.0,0.0
1,3,3,27,0.5,0,0,420.0,134.0,0.0,0.0,0.0
1,11,3,37,2.0,2,2,321.0,134.0,1210.0,0.0,0.0
1,5,1,16,81.6,0,0,81.0,82.0,18.0,0.0,60.0
1,5,3,17,3.7,0,0,420.0,134.0,458.0,0.0,0.0
1,4,2,11,7.6,0,0,183.0,69.0,18.0,0.0,0.0
1,5,3,24,20.3,0,0,321.0,134.0,48.0,0.0,190.0
1,4,2,11,7.7,0,0,90.0,69.0,18.0,0.0,0.0
1,4,1,10,10.8,0,0,74.0,134.0,62.0,0.0,0.0
1,4,2,12,12.0,0,0,183.0,69.0,18.0,0.0,61.0
1,12,4,50,0.6,2,2,198.0,134.0,1030.0,0.0,0.0
0,1,1,7,8.0,0,0,150.0,134.0,53.0,0.0,0.0
1,4,1,10,14.3,0,0,88.0,134.0,146.0,0.0,0.0
1,1,1,7,12.3,0,0,193.0,134.0,53.0,0.0,0.0
0,4,2,11,9.6,0,0,183.0,69.0,18.0,0.0,0.0
1,3,3,38,5.3,2,2,321.0,134.0,1726.0,0.0,0.0
1,4,1,11,3.3,0,0,183.0,134.0,18.0,0.0,30.0
0,4,2,12,1.1,0,0,183.0,69.0,18.0,0.0,61.0
1,4,2,12,10.6,0,0,77.0,69.0,2931.0,0.0,0.0
1,3,3,31,1.9,2,2,420.0,134.0,982.0,0.0,0.0
1,4,2,11,16.9,0,0,183.0,69.0,18.0,0.0,0.0
1,1,1,7,11.2,0,0,203.0,134.0,53.0,0.0,0.0
1,3,3,57,2.2,0,0,321.0,134.0,322.0,0.0,0.0
0,4,2,11,10.9,0,0,91.0,69.0,18.0,0.0,0.0
1,4,2,11,8.9,0,0,71.0,69.0,18.0,0.0,0.0
0,4,2,12,15.8,0,0,183.0,69.0,18.0,0.0,61.0
1,12,4,44,1.1,2,2,321.0,134.0,1158.0,0.0,0.0
1,1,1,8,8.7,0,0,420.0,134.0,18.0,0.0,14.0
1,4,1,10,38.8,0,0,87.0,134.0,116.0,0.0,0.0
1,4,2,11,13.8,2,2,70.0,69.0,270.0,0.0,0.0
1,4,2,11,11.4,0,0,74.0,69.0,18.0,0.0,0.0
1,1,1,7,14.6,0,0,420.0,69.0,0.0,0.0,18.0
0,3,3,33,6.5,2,2,321.0,134.0,906.0,0.0,0.0
1,4,1,11,4.7,0,0,183.0,134.0,18.0,0.0,30.0
1,2,1,8,26.9,0,0,183.0,134.0,18.0,0.0,0.0
1,2,2,14,27.8,2,2,420.0,134.0,0.0,0.0,0.0
1,1,1,7,7.1,1,1,420.0,134.0,216.0,0.0,0.0
1,1,1,7,9.4,0,0,194.0,134.0,53.0,0.0,0.0
1,4,2,12,16.7,0,0,183.0,69.0,18.0,0.0,61.0
1,4,2,11,14.2,0,0,59.0,69.0,18.0,0.0,0.0
1,4,2,11,12.7,0,0,183.0,69.0,18.0,0.0,0.0
1,10,2,25,8.0,0,0,68.0,88.0,84.0,0.0,0.0
0,1,1,6,8.5,0,0,191.0,134.0,0.0,0.0,0.0
1,4,1,10,6.5,0,0,71.0,134.0,18.0,0.0,0.0
1,5,3,23,4.0,0,0,321.0,134.0,18.0,0.0,4193.0
1,4,1,11,6.8,0,0,183.0,134.0,18.0,0.0,30.0
1,2,2,24,9.4,0,0,321.0,134.0,644.0,0.0,0.0
0,4,2,12,13.1,0,0,183.0,69.0,18.0,0.0,61.0
1,3,3,27,0.1,1,1,420.0,134.0,465.0,0.0,0.0
1,4,1,11,7.4,0,0,183.0,134.0,18.0,0.0,30.0
1,4,1,11,7.6,0,0,183.0,134.0,18.0,0.0,30.0
1,4,2,11,6.3,0,0,80.0,69.0,18.0,0.0,0.0
1,4,2,11,24.1,0,0,183.0,69.0,18.0,0.0,0.0
1,4,2,12,7.2,0,0,60.0,69.0,18.0,0.0,61.0
0,1,1,6,2.0,0,0,177.0,134.0,0.0,0.0,0.0
1,4,1,10,8.8,0,0,82.0,134.0,62.0,0.0,0.0
0,4,2,12,22.3,0,0,183.0,69.0,18.0,0.0,61.0
0,4,2,12,1.1,0,0,183.0,69.0,18.0,0.0,61.0
1,4,2,11,12.6,0,0,183.0,69.0,18.0,0.0,0.0
0,4,2,12,5.0,0,0,183.0,69.0,18.0,0.0,61.0
0,4,2,12,13.9,0,0,183.0,69.0,18.0,0.0,61.0
1,4,2,11,16.5,0,0,85.0,69.0,18.0,0.0,0.0
1,10,2,24,7.2,0,0,66.0,88.0,686.0,0.0,0.0
0,4,2,12,1.1,0,0,183.0,69.0,18.0,0.0,61.0
1,8,2,21,7.9,0,0,60.0,88.0,18.0,0.0,0.0
1,1,1,7,12.4,0,0,215.0,134.0,53.0,0.0,0.0
1,4,2,11,4.7,0,0,183.0,69.0,18.0,0.0,0.0
1,1,1,29,7.0,0,0,420.0,134.0,0.0,0.0,0.0
1,4,2,11,12.7,0,0,183.0,69.0,18.0,0.0,0.0
1,4,2,11,10.1,0,0,183.0,69.0,18.0,0.0,0.0
1,3,3,25,0.1,0,0,420.0,134.0,0.0,0.0,0.0
0,4,2,12,1.1,0,0,183.0,69.0,18.0,0.0,61.0
1,1,1,8,5.5,0,0,420.0,134.0,18.0,0.0,14.0
0,4,2,11,13.8,0,0,183.0,69.0,18.0,0.0,0.0
1,2,1,8,23.5,0,0,183.0,69.0,18.0,0.0,0.0
1,10,2,26,31.5,0,0,42.0,88.0,18.0,0.0,61.0
1,1,1,6,10.2,0,0,142.0,134.0,0.0,0.0,0.0
1,4,2,12,15.8,0,0,83.0,69.0,2931.0,0.0,0.0
1,10,2,26,10.2,2,2,72.0,88.0,939.0,0.0,0.0
1,4,2,11,16.4,0,0,88.0,69.0,18.0,0.0,0.0
1,4,2,12,32.1,0,0,183.0,69.0,18.0,0.0,61.0
1,2,1,8,20.9,0,0,183.0,134.0,18.0,0.0,0.0
0,4,2,12,0.1,0,0,183.0,69.0,18.0,0.0,64.0
1,2,2,30,6.3,0,0,420.0,134.0,528.0,0.0,57.0
0,4,2,12,5.7,0,0,183.0,69.0,18.0,0.0,61.0
1,4,2,11,17.6,0,0,183.0,69.0,18.0,0.0,0.0
0,10,8,1245,1.6,0,0,183.0,535.0,136113.0,726.0,16146.0
1,2,1,9,26.2,0,0,183.0,69.0,18.0,0.0,72.0
1,5,3,21,3.7,2,2,321.0,134.0,48.0,0.0,14444.0
1,4,1,11,6.4,0,0,183.0,134.0,18.0,0.0,30.0
1,4,1,10,4.2,0,0,60.0,134.0,62.0,0.0,0.0
1,2,2,22,17.0,0,0,321.0,134.0,762.0,0.0,0.0
1,5,3,17,30.5,1,1,420.0,134.0,5023.0,0.0,0.0
1,1,1,15,12.8,0,0,274.0,153.0,72.0,0.0,0.0
1,4,2,11,14.9,0,0,81.0,69.0,18.0,0.0,0.0
1,4,2,12,7.7,0,0,183.0,69.0,18.0,0.0,61.0
1,1,1,7,5.8,0,0,173.0,134.0,53.0,0.0,0.0
1,4,1,11,9.4,0,0,183.0,134.0,18.0,0.0,30.0
1,5,3,21,16.9,0,0,321.0,134.0,48.0,0.0,9239.0
1,4,2,11,14.1,0,0,84.0,69.0,18.0,0.0,0.0
1,4,1,10,7.1,0,0,70.0,134.0,62.0,0.0,0.0
1,4,2,11,10.3,0,0,79.0,69.0,18.0,0.0,0.0
1,4,2,12,5.0,0,0,94.0,69.0,18.0,0.0,17.0
1,4,2,11,7.3,0,0,183.0,69.0,18.0,0.0,0.0
1,5,3,21,24.1,0,0,321.0,134.0,48.0,0.0,9233.0
1,4,2,11,3.2,0,0,42.0,69.0,18.0,0.0,0.0
1,10,2,26,3.4,0,0,67.0,88.0,1985.0,0.0,0.0
1,4,2,12,6.3,0,0,105.0,69.0,18.0,0.0,17.0
1,2,1,8,18.9,0,0,113.0,134.0,18.0,0.0,0.0
1,5,1,16,81.9,0,0,80.0,82.0,18.0,0.0,60.0
1,4,2,11,9.5,0,0,183.0,69.0,18.0,0.0,0.0
1,4,2,11,8.9,0,0,183.0,69.0,18.0,0.0,0.0
1,4,2,11,4.8,0,0,37.0,69.0,18.0,0.0,0.0
1,2,2,45,19.0,0,0,321.0,134.0,428.0,0.0,56.0
1,5,3,19,6.9,0,0,321.0,134.0,418.0,0.0,0.0
1,2,1,8,18.8,0,0,63.0,69.0,18.0,0.0,0.0
1,5,1,16,83.0,0,0,76.0,82.0,18.0,0.0,60.0
1,11,3,39,1.1,2,2,420.0,134.0,2159.0,140.0,0.0
1,5,3,21,11.8,0,0,321.0,134.0,48.0,0.0,9239.0
1,4,2,11,9.3,0,0,69.0,69.0,857.0,0.0,0.0
1,2,1,8,24.9,0,0,183.0,134.0,18.0,0.0,0.0
1,1,1,7,10.7,0,0,197.0,134.0,53.0,0.0,0.0
1,1,1,7,3.3,0,0,208.0,134.0,53.0,0.0,0.0
1,2,1,9,53.9,0,0,75.0,69.0,18.0,0.0,56.0
1,5,3,23,23.6,0,0,321.0,134.0,48.0,0.0,2204.0
0,1,1,6,6.3,0,0,205.0,134.0,0.0,0.0,0.0
1,4,2,11,13.9,0,0,79.0,69.0,18.0,0.0,0.0
1,4,2,12,7.0,0,0,108.0,69.0,18.0,0.0,17.0
1,2,2,30,16.2,0,0,321.0,134.0,688.0,0.0,0.0
1,2,2,47,22.1,0,0,420.0,134.0,560.0,0.0,0.0
1,1,1,7,8.6,0,0,217.0,134.0,53.0,0.0,0.0
1,3,3,88,40.7,2,2,321.0,134.0,1730.0,0.0,0.0
1,4,2,11,18.6,0,0,66.0,69.0,18.0,0.0,0.0
1,1,1,19,8.3,0,0,232.0,153.0,77.0,0.0,0.0
1,2,2,21,3.4,0,0,321.0,153.0,880.0,0.0,0.0
1,4,2,11,22.8,0,0,183.0,69.0,18.0,0.0,0.0
1,4,1,10,22.7,0,0,66.0,134.0,18.0,0.0,0.0
1,1,1,7,5.9,0,0,202.0,134.0,53.0,0.0,0.0
1,4,1,11,8.4,0,0,183.0,134.0,18.0,0.0,30.0
1,4,2,11,8.9,0,0,70.0,69.0,18.0,0.0,0.0
1,4,2,11,10.7,0,0,83.0,69.0,18.0,0.0,0.0
1,4,2,11,12.7,0,0,76.0,69.0,18.0,0.0,0.0
1,1,1,7,2.1,0,0,186.0,134.0,53.0,0.0,0.0
0,15,18,449,5.3,0,0,9906.0,11234.0,6592.0,14932.0,7223.0
1,4,2,11,15.1,0,0,183.0,69.0,18.0,0.0,0.0
0,4,2,11,11.1,0,0,183.0,69.0,18.0,0.0,0.0
1,2,1,8,7.3,0,0,89.0,69.0,18.0,0.0,0.0
1,4,1,12,4.5,0,0,74.0,134.0,227.0,0.0,1675.0
1,4,2,11,30.6,0,0,183.0,69.0,18.0,0.0,0.0
0,10,2,25,1.5,0,0,45.0,88.0,18.0,0.0,0.0
1,4,2,11,5.7,0,0,183.0,69.0,18.0,0.0,0.0
1,4,2,11,14.0,0,0,63.0,69.0,118.0,0.0,0.0
1,3,3,25,0.1,0,0,420.0,134.0,0.0,0.0,0.0
1,4,2,11,56.8,0,0,79.0,69.0,18.0,0.0,0.0
1,1,1,7,4.9,0,0,223.0,134.0,53.0,0.0,0.0
1,4,1,11,4.2,0,0,183.0,134.0,18.0,0.0,30.0
0,4,2,12,5.7,2,2,183.0,69.0,1626.0,0.0,950.0
1,4,2,12,14.9,0,0,183.0,69.0,18.0,0.0,61.0
1,5,3,23,4.8,0,0,321.0,134.0,18.0,0.0,7715.0
1,4,1,10,9.3,0,0,82.0,134.0,368.0,0.0,0.0
1,4,2,11,12.1,0,0,80.0,69.0,18.0,0.0,0.0
1,4,2,12,10.7,0,0,183.0,69.0,18.0,0.0,61.0
1,4,2,11,24.1,0,0,183.0,69.0,18.0,0.0,0.0
1,4,2,12,4.2,1,1,183.0,69.0,181.0,0.0,61.0
1,4,2,11,11.9,0,0,183.0,69.0,18.0,0.0,0.0
1,4,1,10,7.7,0,0,55.0,134.0,146.0,0.0,0.0
0,1,1,8,34.5,0,0,420.0,134.0,18.0,0.0,33.0
1,9,5,35,7.0,2,2,420.0,134.0,716.0,0.0,1358.0
1,4,2,11,11.0,1,1,183.0,69.0,181.0,0.0,0.0
0,7,2,41,27.2,0,0,3892.0,69.0,8147.0,5095.0,13581.0
1,2,1,8,29.0,0,0,183.0,134.0,18.0,0.0,0.0
1,4,2,11,13.8,0,0,81.0,69.0,18.0,0.0,0.0
1,4,1,11,6.3,0,0,183.0,134.0,18.0,0.0,30.0
1,4,2,12,4.8,0,0,183.0,69.0,18.0,0.0,62.0
1,4,1,10,3.8,0,0,49.0,134.0,62.0,0.0,0.0
1,10,2,25,22.2,0,0,52.0,88.0,18.0,0.0,0.0
1,4,1,10,9.2,0,0,73.0,134.0,62.0,0.0,0.0
0,14,7,992,0.1,0,0,9162.0,2132.0,9670.0,4396.0,5500.0
1,2,1,9,51.3,0,0,85.0,69.0,18.0,0.0,56.0
0,9,7,172,15.2,2,2,420.0,199.0,0.0,775.0,1244.0
0,3,3,41,4.8,0,0,420.0,134.0,438.0,0.0,0.0
1,4,2,11,17.3,0,0,183.0,69.0,18.0,0.0,0.0
1,4,2,11,14.1,0,0,72.0,69.0,18.0,0.0,0.0
1,4,2,11,17.2,0,0,56.0,69.0,18.0,0.0,0.0
1,1,1,27,14.6,0,0,420.0,134.0,0.0,0.0,0.0
1,2,2,23,16.2,0,0,321.0,153.0,260.0,0.0,76.0
1,5,1,16,75.6,0,0,82.0,82.0,18.0,0.0,60.0
0,56,63,1186,0.0,0,0,16578.0,14146.0,11950.0,25832.0,17139.0
1,3,3,30,1.3,0,0,420.0,134.0,330.0,0.0,0.0
0,4,2,11,6.6,2,2,183.0,69.0,2528.0,0.0,0.0
1,1,1,7,14.3,0,0,196.0,134.0,53.0,0.0,0.0
1,2,1,8,27.6,0,0,183.0,134.0,18.0,0.0,0.0
1,2,2,20,6.0,0,0,321.0,134.0,646.0,0.0,0.0
1,4,2,11,29.2,0,0,71.0,69.0,18.0,0.0,0.0
0,4,2,11,15.4,0,0,183.0,69.0,18.0,0.0,0.0
1,4,2,11,18.1,0,0,52.0,69.0,18.0,0.0,0.0
1,4,1,11,10.7,0,0,183.0,134.0,18.0,0.0,30.0
1,4,1,11,10.1,0,0,78.0,134.0,2975.0,0.0,0.0
1,4,1,11,5.2,0,0,183.0,134.0,18.0,0.0,30.0
1,2,2,37,11.6,0,0,420.0,134.0,560.0,0.0,56.0
0,3,3,39,2.4,0,0,420.0,134.0,322.0,0.0,0.0
1,1,1,6,7.0,0,0,210.0,134.0,0.0,0.0,0.0
1,4,2,11,13.6,0,0,73.0,69.0,18.0,0.0,0.0
1,4,2,11,4.0,0,0,75.0,69.0,18.0,0.0,0.0
1,4,2,11,9.6,0,0,183.0,69.0,54.0,0.0,0.0
0,4,2,12,1.1,0,0,183.0,69.0,18.0,0.0,61.0
1,1,1,6,5.1,0,0,185.0,134.0,0.0,0.0,0.0
1,2,1,8,31.8,0,0,183.0,134.0,18.0,0.0,0.0
1,6,4,25,2.6,2,2,420.0,134.0,4112.0,0.0,0.0
1,4,1,10,11.5,0,0,100.0,134.0,368.0,0.0,0.0
1,3,3,31,81.0,1,1,321.0,153.0,457.0,0.0,0.0
1,4,2,12,7.8,0,0,58.0,69.0,18.0,0.0,48.0
1,1,1,6,244.1,0,0,77.0,134.0,0.0,0.0,0.0
1,4,2,12,7.1,0,0,108.0,69.0,18.0,0.0,17.0
1,4,2,11,11.9,0,0,183.0,69.0,18.0,0.0,0.0
1,4,1,11,4.8,0,0,183.0,134.0,18.0,0.0,30.0
1,2,1,8,20.4,0,0,183.0,134.0,18.0,0.0,0.0
1,4,2,11,11.7,0,0,183.0,69.0,18.0,0.0,0.0
1,5,3,21,4.1,2,2,321.0,134.0,48.0,0.0,16344.0
1,2,2,56,20.4,0,0,420.0,134.0,396.0,0.0,57.0
1,2,1,8,22.2,0,0,183.0,134.0,18.0,0.0,0.0
1,1,1,7,3.9,0,0,192.0,134.0,53.0,0.0,0.0
1,4,2,11,10.9,0,0,183.0,69.0,18.0,0.0,0.0
0,1,1,19,15.1,0,0,188.0,153.0,77.0,0.0,0.0
1,4,1,10,2.7,0,0,59.0,134.0,232.0,0.0,0.0
0,4,2,11,3.4,0,0,183.0,69.0,18.0,0.0,0.0
1,5,1,16,55.0,0,0,77.0,82.0,18.0,0.0,60.0
1,4,2,12,2.6,0,0,183.0,69.0,7239.0,0.0,0.0
1,1,1,7,10.3,0,0,184.0,134.0,123.0,0.0,0.0
1,4,1,11,5.1,0,0,183.0,134.0,18.0,0.0,30.0
1,2,1,8,16.6,0,0,65.0,69.0,18.0,0.0,0.0
1,4,2,13,12.8,0,0,65.0,69.0,18.0,0.0,3002.0
1,4,1,11,8.0,0,0,183.0,134.0,18.0,0.0,30.0
1,4,2,11,12.1,0,0,91.0,69.0,18.0,0.0,0.0
1,4,2,12,9.2,0,0,183.0,69.0,18.0,0.0,61.0
1,4,2,11,5.0,0,0,183.0,69.0,18.0,0.0,0.0
0,4,2,11,9.9,0,0,183.0,69.0,18.0,0.0,0.0
1,3,3,98,13.3,2,2,420.0,134.0,842.0,0.0,0.0
1,4,2,11,10.9,0,0,183.0,69.0,18.0,0.0,0.0
1,2,1,8,22.1,0,0,183.0,134.0,18.0,0.0,0.0
1,4,2,12,17.8,0,0,183.0,69.0,18.0,0.0,61.0
0,10,8,1245,1.6,0,0,183.0,535.0,136113.0,726.0,16146.0
1,3,3,53,6.1,0,0,321.0,134.0,354.0,0.0,0.0
1,4,2,11,7.8,0,0,183.0,69.0,18.0,0.0,0.0
0,4,2,12,10.6,0,0,183.0,69.0,18.0,0.0,61.0
1,10,2,24,15.9,0,0,75.0,88.0,0.0,0.0,0.0
1,2,2,26,1.7,0,0,420.0,134.0,528.0,0.0,57.0
1,2,2,30,26.3,0,0,321.0,134.0,696.0,0.0,0.0
1,4,1,10,4.9,0,0,63.0,134.0,62.0,0.0,0.0
1,4,2,11,18.1,0,0,183.0,69.0,18.0,0.0,0.0
1,4,2,12,28.6,0,0,183.0,69.0,18.0,0.0,61.0
1,4,1,10,10.7,0,0,62.0,134.0,62.0,0.0,0.0
1,4,2,11,2.7,0,2,47.0,69.0,1080.0,0.0,0.0
1,4,2,11,6.8,0,0,60.0,69.0,18.0,0.0,0.0
1,4,2,11,4.1,0,0,61.0,69.0,18.0,0.0,0.0
0,4,2,12,3.4,0,0,53.0,69.0,489.0,0.0,0.0
1,4,2,11,11.6,0,0,183.0,69.0,18.0,0.0,0.0
1,5,3,21,7.3,0,0,321.0,134.0,34.0,0.0,4546.0
1,4,1,11,4.4,0,0,183.0,134.0,18.0,0.0,30.0
0,3,3,41,3.9,0,0,420.0,134.0,438.0,0.0,0.0
1,1,1,8,34.1,0,0,420.0,134.0,18.0,0.0,33.0
1,4,2,11,10.0,0,0,92.0,69.0,18.0,0.0,0.0
1,3,3,30,3.9,0,0,382.0,153.0,330.0,0.0,0.0
1,2,1,8,23.5,0,0,183.0,134.0,18.0,0.0,0.0
1,2,2,27,4.3,0,0,420.0,134.0,720.0,0.0,0.0
1,1,1,8,12.6,0,0,212.0,69.0,18.0,0.0,25.0
1,2,2,25,3.8,0,0,420.0,134.0,606.0,0.0,0.0
1,4,2,11,18.4,0,0,183.0,69.0,18.0,0.0,0.0
1,5,1,16,52.0,0,0,77.0,82.0,18.0,0.0,60.0
1,1,1,6,6.0,0,0,420.0,134.0,0.0,0.0,0.0
1,4,2,11,11.4,0,0,183.0,69.0,18.0,0.0,0.0
1,4,2,11,12.8,0,0,183.0,69.0,18.0,0.0,0.0
1,4,2,11,8.9,0,0,80.0,69.0,18.0,0.0,0.0
1,11,3,34,2.7,2,2,420.0,134.0,1150.0,0.0,0.0
1,3,3,55,4.1,2,2,420.0,134.0,878.0,0.0,0.0
0,1,1,76,4.8,0,0,185.0,134.0,53.0,0.0,586.0
1,1,1,7,13.0,0,0,196.0,134.0,53.0,0.0,0.0
1,1,1,7,49.0,0,0,321.0,134.0,53.0,0.0,0.0
1,4,2,11,24.5,0,0,93.0,69.0,18.0,0.0,0.0
1,4,2,11,2.8,0,0,75.0,69.0,18.0,0.0,0.0
0,4,2,11,7.5,2,2,183.0,69.0,3608.0,0.0,0.0
1,14,4,38,2.5,2,2,88.0,88.0,2778.0,0.0,0.0
1,2,1,9,52.5,0,0,88.0,69.0,18.0,0.0,56.0
0,4,2,11,6.5,2,2,183.0,69.0,2348.0,0.0,0.0
1,10,2,25,4.9,0,0,74.0,88.0,18.0,0.0,0.0
1,2,1,8,9.0,0,0,81.0,69.0,18.0,0.0,0.0
1,4,2,11,13.5,0,0,77.0,69.0,18.0,0.0,0.0
1,4,1,11,9.2,0,0,183.0,134.0,18.0,0.0,30.0
1,5,1,16,86.1,0,0,73.0,82.0,18.0,0.0,60.0
1,2,1,8,21.2,0,0,183.0,134.0,18.0,0.0,0.0
1,4,2,11,24.6,0,0,183.0,69.0,18.0,0.0,0.0
1,3,3,35,5.2,0,0,321.0,134.0,322.0,0.0,0.0
1,5,3,22,12.5,1,1,321.0,134.0,293.0,0.0,56.0
0,3,3,39,8.0,0,0,420.0,134.0,322.0,0.0,0.0
1,4,2,12,8.9,0,0,183.0,69.0,18.0,0.0,74.0
1,10,2,24,6.2,0,0,73.0,88.0,18.0,0.0,0.0
1,4,2,12,5.7,0,0,183.0,69.0,18.0,0.0,61.0
0,1,1,6,8.1,0,0,211.0,134.0,0.0,0.0,0.0
0,1,1,83,4.1,0,0,185.0,134.0,7014.0,293.0,14271.0
1,5,3,18,23.0,1,1,420.0,134.0,1884.0,0.0,0.0
1,4,1,10,7.0,0,0,104.0,134.0,62.0,0.0,0.0
1,4,2,11,2.8,0,0,46.0,69.0,18.0,0.0,0.0
1,3,3,61,2.4,0,0,420.0,134.0,330.0,0.0,0.0
1,4,2,11,11.4,0,0,183.0,69.0,18.0,0.0,0.0
1,4,2,12,5.7,0,0,83.0,69.0,18.0,0.0,40.0
1,4,1,11,3.0,0,0,183.0,134.0,18.0,0.0,30.0
1,2,1,8,23.3,0,0,183.0,134.0,18.0,0.0,0.0
1,4,2,11,19.5,0,0,183.0,69.0,18.0,0.0,0.0
1,4,2,15,4.2,2,2,183.0,69.0,511.0,0.0,0.0
1,2,1,8,20.7,0,0,183.0,134.0,18.0,0.0,0.0
0,3,3,40,2.9,2,2,420.0,134.0,918.0,0.0,0.0
0,4,2,12,17.1,0,0,183.0,69.0,18.0,0.0,61.0
1,2,1,9,28.6,0,0,183.0,69.0,18.0,0.0,72.0
1,4,2,12,4.8,0,0,65.0,69.0,18.0,0.0,374.0
0,4,2,12,1.1,0,0,183.0,69.0,18.0,0.0,61.0
1,4,1,10,5.6,0,0,55.0,134.0,62.0,0.0,0.0
0,4,2,11,7.8,0,0,65.0,69.0,18.0,0.0,0.0
1,1,1,6,15.4,0,0,134.0,134.0,0.0,0.0,0.0
1,2,1,9,62.6,0,0,64.0,69.0,18.0,0.0,56.0
0,4,2,12,11.2,0,0,183.0,69.0,18.0,0.0,61.0
1,3,3,63,4.8,0,0,420.0,134.0,330.0,0.0,0.0
1,4,1,11,6.1,0,0,183.0,134.0,18.0,0.0,30.0
1,2,2,27,14.2,0,0,420.0,134.0,484.0,0.0,0.0
0,3,3,42,5.6,2,2,420.0,134.0,970.0,0.0,0.0
1,12,4,54,0.8,2,2,420.0,134.0,708.0,0.0,0.0
0,4,2,12,12.0,0,0,183.0,69.0,18.0,0.0,61.0
1,4,2,11,11.1,0,0,183.0,69.0,18.0,0.0,0.0
1,4,2,11,11.0,0,0,183.0,69.0,95.0,0.0,0.0
1,4,1,11,7.4,0,0,183.0,134.0,18.0,0.0,30.0
1,1,1,7,7.9,0,0,197.0,134.0,53.0,0.0,0.0
1,4,2,11,19.2,0,0,183.0,69.0,18.0,0.0,0.0
1,1,1,8,19.9,0,0,420.0,134.0,18.0,0.0,33.0
1,2,1,8,24.0,0,0,183.0,69.0,18.0,0.0,0.0
