Is Benign(EOI)?,Number of DHT Markers,Number of DQT Markers,Total Number of Markers,Maximum size used in %,Make of file,Model of file,Max Marker Size for DHT(FFC4),Max Marker Size for DQT FFDB,Max Marker Size for APP1(FFE0),Max Marker Size for APP12(FFEF),Max Marker Size for COM(FFFE),Label
1,4,2,11,4.4,0,0,61,69,940,0,0,1
1,4,1,11,4.2,0,0,183,134,18,0,30,0
0,10,2,26,3.3,0,0,42,88,489,0,0,1
1,4,2,11,15,0,0,82,69,18,0,0,0
1,1,1,7,12.7,0,0,189,134,53,0,0,0
1,2,1,9,27.3,0,0,183,69,18,0,72,0
1,4,2,11,36,0,0,59,69,116,0,0,1
0,0,0,2,1063.4,0,0,0,0,0,0,0,1
1,2,2,25,3.8,0,0,420,134,606,0,0,0
0,4,2,11,6.9,0,0,66,69,68,0,0,1
1,5,1,16,78.9,0,0,82,82,18,0,60,0
1,5,1,16,75.6,0,0,82,82,18,0,60,0
1,4,1,10,5.1,0,0,65,134,1551,0,0,1
1,4,2,12,5.2,1,1,0,183,69,3022,0,1
1,11,2,26,9.5,0,0,52,88,718,0,0,1
1,3,3,35,4.4,2,2,321,134,1694,0,0,0
1,4,2,12,19.1,0,0,183,69,18,0,61,1
1,4,1,12,13.9,0,0,96,134,3041,0,0,1
1,4,2,11,12.3,0,0,68,69,18,0,0,0
1,3,3,38,5.3,0,0,420,134,330,0,0,0
1,4,2,11,12.5,0,0,183,69,18,0,0,0
1,4,2,11,8.6,0,0,87,69,18,0,0,0
1,10,2,25,6.6,0,0,64,88,18,0,0,0
0,3,3,39,2.4,0,0,420,134,322,0,0,1
1,5,1,16,51.5,0,0,82,82,18,0,60,0
1,4,2,11,13.9,0,0,79,69,18,0,0,0
1,4,1,11,3.7,0,0,183,134,18,0,30,0
1,9,5,30,13.9,1,1,0,321,134,1038,0,1
0,3,3,41,5.1,0,0,420,134,438,0,0,1
1,5,1,16,83,0,0,76,82,18,0,60,0
1,3,3,34,5.5,0,0,420,134,330,0,0,1
1,4,2,11,14,0,0,83,69,18,0,0,0
0,1,1,6,2,0,0,177,134,0,0,0,1
1,4,2,11,11.4,0,0,183,69,18,0,0,0
1,4,1,11,7.4,0,0,183,134,18,0,30,0
1,1,1,7,6.2,0,0,184,134,195,0,0,0
1,2,1,8,22.4,0,0,183,134,18,0,0,0
1,4,2,12,25.7,0,0,64,69,2931,0,0,0
1,4,2,11,17.7,0,0,183,69,18,0,0,0
1,4,2,11,18,0,0,86,69,18,0,0,0
1,5,3,24,28.5,0,0,321,134,48,0,190,0
1,4,1,11,4.8,0,0,183,134,18,0,30,0
1,1,1,24,7.4,0,0,227,134,1098,0,56,0
1,4,2,11,10.6,0,0,55,69,18,0,0,0
1,1,1,7,3.3,0,0,208,134,53,0,0,0
0,4,2,12,26.9,0,0,183,69,18,0,64,1
1,4,1,10,32.8,0,0,73,134,392,0,0,1
1,4,2,11,6.4,0,0,183,69,18,0,0,1
1,1,1,7,16.3,0,0,208,134,53,0,0,0
1,4,2,12,20.7,0,0,183,69,18,0,61,1
0,0,0,0,0,0,0,0,0,0,0,0,0
1,12,4,54,0.8,2,2,420,134,708,0,0,1
1,1,1,29,7,0,0,420,134,0,0,0,1
1,4,2,11,11.7,0,0,183,69,18,0,0,0
1,4,2,12,32.1,0,0,183,69,18,0,61,1
0,1,1,19,6.4,0,0,268,153,77,0,0,1
1,4,1,10,14.2,0,0,72,134,112,0,0,1
1,4,2,13,2,0,0,183,69,31,0,22,1
1,4,2,11,10.2,0,0,183,69,18,0,0,0
1,3,3,30,1.3,0,0,420,134,330,0,0,1
1,10,2,25,8.7,0,0,59,88,18,0,0,1
0,4,2,12,1,0,0,183,69,18,0,61,1
1,4,2,11,9.5,0,0,183,69,18,0,0,0
1,4,2,11,7.5,0,0,95,69,18,0,0,0
1,10,2,26,32.5,0,0,73,88,2363,0,0,1
0,3,3,33,6.5,2,2,321,134,906,0,0,1
1,4,2,11,15.2,0,0,82,69,18,0,0,0
1,4,2,11,28.1,0,0,183,69,18,0,0,0
1,4,2,11,13.6,0,0,60,69,18,0,0,0
0,4,2,12,13,0,0,183,69,18,0,61,1
1,1,1,7,10.1,0,0,420,134,53,0,0,0
1,3,3,88,40.7,2,2,321,134,1730,0,0,0
1,10,2,25,3.8,0,0,69,88,18,0,0,1
0,4,4,38,6.6,2,2,183,69,6916,17,43,1
1,4,2,11,11.9,0,0,54,69,18,0,0,0
0,4,2,12,5.7,0,0,183,69,18,0,61,1
1,4,2,11,10.9,0,0,183,69,18,0,0,0
1,1,1,7,17.3,0,0,157,134,53,0,0,0
0,1,1,19,5,0,0,214,153,77,0,0,1
1,3,3,42,11,2,2,420,134,922,0,0,0
1,4,2,12,6.3,0,0,104,69,18,0,17,0
1,6,1,16,6.5,0,0,53,153,18,0,0,1
1,4,2,11,21,0,0,88,69,18,0,0,0
1,1,1,6,7.9,0,0,133,134,0,0,0,1
1,10,2,25,17.6,0,0,48,88,18,0,0,1
1,4,1,10,6.7,0,0,65,134,62,0,0,1
1,4,2,11,14.1,0,0,84,69,18,0,0,0
1,4,2,11,17,0,0,86,69,18,0,0,0
1,10,2,25,9.3,0,0,63,88,18,0,0,1
1,4,2,12,23,0,0,87,69,18,0,52,0
1,4,1,10,3.4,0,0,183,134,18,0,0,0
1,4,1,10,4.9,0,0,63,134,62,0,0,1
1,4,2,11,10.8,0,0,183,69,18,0,0,0
1,2,1,8,33.4,0,0,183,69,18,0,0,0
1,4,2,12,13.8,0,0,77,69,2931,0,0,0
1,2,1,8,21.8,0,0,183,134,18,0,0,0
1,4,1,11,6.3,0,0,183,134,18,0,30,0
1,4,2,12,8,0,0,183,69,18,0,61,1
1,3,3,31,2.2,1,1,0,321,153,0,0,1
0,3,3,42,5.6,2,2,420,134,970,0,0,1
1,4,2,11,4,0,0,75,69,18,0,0,0
1,1,1,17,8,0,0,420,134,344,0,0,0
1,4,2,11,14.2,0,0,59,69,18,0,0,0
1,3,3,57,4.9,0,0,420,134,330,0,0,0
0,4,2,12,1.1,0,0,183,69,18,0,61,1
1,4,2,12,16.3,0,0,183,69,18,0,61,1
1,5,3,20,5.3,0,0,321,134,560,0,0,0
1,4,2,11,12.3,0,0,73,69,18,0,0,0
1,4,2,11,8.4,0,0,183,69,18,0,0,0
1,11,3,34,2.7,2,2,420,134,1150,0,0,1
1,1,1,8,19.9,0,0,420,134,18,0,33,0
1,4,2,12,3,0,0,183,69,18,0,62,1
1,4,2,11,9.8,0,0,83,69,18,0,0,0
1,4,2,11,21.3,0,0,183,69,18,0,0,0
0,3,3,40,4.1,2,2,420,134,894,0,0,1
1,1,1,7,14.8,0,0,145,134,53,0,0,0
1,4,2,11,19.7,0,0,103,69,18,0,0,0
1,5,3,21,16.9,0,0,321,134,48,0,9239,0
1,5,1,16,61.5,0,0,77,82,18,0,60,0
1,4,2,11,7.4,0,0,183,69,18,0,0,1
1,4,2,11,19.5,0,0,183,69,18,0,0,0
1,4,1,10,7,0,0,104,134,62,0,0,1
1,2,1,9,62.6,0,0,64,69,18,0,56,0
1,4,2,11,5.5,0,0,51,69,18,0,0,1
1,5,3,21,2.3,0,0,321,134,2931,0,0,0
1,5,3,22,6,0,0,321,134,18,0,4282,0
1,5,1,16,80.2,0,0,84,82,18,0,60,0
1,4,1,11,4.8,0,0,183,134,18,0,30,0
0,1,1,7,9.6,0,0,186,134,53,0,0,1
1,5,1,16,80.5,0,0,75,82,18,0,60,0
1,2,1,8,21.2,0,0,183,134,18,0,0,0
1,4,1,11,9.9,0,0,183,134,18,0,30,0
1,4,2,11,4.8,0,0,37,69,18,0,0,1
1,2,1,8,20.2,0,0,183,134,18,0,0,0
1,1,1,19,8.6,0,0,208,153,77,0,0,0
1,4,1,12,4.5,0,0,74,134,227,0,1675,1
1,4,2,12,16.8,0,0,183,69,18,0,61,1
0,4,2,11,3,0,0,75,69,12849,0,0,1
1,4,2,12,5.1,0,0,183,69,18,0,61,1
0,4,2,12,12.9,0,0,183,69,18,0,61,1
1,2,2,29,4.6,0,0,420,134,64,0,0,1
1,4,1,10,8.7,0,0,76,134,62,0,0,1
0,3,3,40,5.8,2,2,420,134,894,0,0,1
1,4,1,11,9.6,0,0,95,134,457,0,0,1
1,3,3,48,2.6,2,2,420,134,1038,0,0,0
1,3,3,27,0.1,1,1,0,420,134,465,0,1
0,4,2,12,1.1,0,0,183,69,18,0,61,1
0,3,3,39,8,0,0,420,134,322,0,0,1
1,4,2,12,13.8,0,0,183,69,18,0,61,1
1,5,3,21,7.3,0,0,321,134,34,0,4546,0
1,2,1,9,55.3,0,0,83,69,18,0,56,0
1,5,1,16,83,0,0,82,82,18,0,60,0
1,1,1,6,10.2,0,0,142,134,0,0,0,1
1,4,2,11,3.1,0,0,40,69,18,0,0,1
1,5,3,24,20.1,0,0,321,134,48,0,190,0
1,5,3,20,3.1,0,0,321,134,560,0,0,0
1,5,3,17,22.8,1,1,0,420,134,5023,0,1
1,1,1,6,13.3,0,0,142,134,0,0,0,0
1,1,1,7,5.3,0,0,217,134,53,0,0,1
1,3,3,30,9.1,0,0,321,153,330,0,0,0
1,5,1,16,81.6,0,0,81,82,18,0,60,0
1,4,2,11,30.6,0,0,183,69,18,0,0,0
1,1,1,7,7.9,0,0,197,134,53,0,0,0
1,1,1,7,4.9,0,0,223,134,53,0,0,0
1,4,1,10,31,0,0,69,134,18,0,0,1
1,4,1,10,11.8,0,0,76,134,62,0,0,1
0,4,2,21,4.9,0,0,183,69,479,0,559,1
1,4,2,11,11.3,0,0,183,69,18,0,0,0
1,1,1,19,4.6,0,0,257,153,77,0,0,0
1,3,3,36,3.3,0,0,420,134,330,0,0,0
1,1,1,7,125.4,1,1,0,94,134,216,0,1
1,1,1,7,6.6,1,1,0,420,134,216,0,1
1,3,3,17,3,0,0,420,134,0,0,0,1
1,1,1,7,7.9,0,0,173,134,53,0,0,0
1,1,1,6,5.1,0,0,185,134,0,0,0,1
0,3,3,41,4.8,0,0,420,134,438,0,0,1
0,4,2,12,10.9,0,0,183,69,18,0,61,1
1,4,2,11,9.4,0,0,183,69,18,0,0,0
1,4,2,11,6.3,0,0,183,69,18,0,0,0
0,3,3,41,5.7,2,2,420,134,890,0,0,1
1,2,2,35,8.3,0,0,420,134,1625,0,0,1
1,2,2,22,1.8,0,0,420,134,560,0,56,0
1,3,3,30,7.1,0,0,321,153,330,0,0,0
0,4,2,12,14.4,0,0,183,69,18,0,61,1
1,3,3,30,3.8,2,2,420,134,806,0,0,0
1,4,2,12,12.4,0,0,80,69,2931,0,0,0
0,1,1,8,34.5,0,0,420,134,18,0,33,1
1,4,2,12,10.3,0,0,183,69,18,0,61,0
1,4,2,11,2.1,0,0,63,69,18,0,0,1
1,1,1,7,5.8,0,0,173,134,53,0,0,0
1,1,1,7,6.4,0,0,178,134,53,0,0,0
1,4,2,12,16.9,0,0,183,69,18,0,61,1
1,5,1,16,65.2,0,0,77,82,18,0,60,0
1,4,1,11,6.5,0,0,183,134,18,0,30,0
1,2,2,75,6.1,0,0,420,134,76,0,0,0
1,5,3,21,15.2,0,0,321,134,48,0,9195,0
1,5,3,19,14.2,1,1,0,420,134,890,0,1
1,1,1,7,16.2,0,0,166,134,53,0,0,0
1,3,3,41,3.7,0,0,321,134,346,0,0,0
1,4,2,12,26.3,0,0,98,69,18,0,52,0
0,4,2,12,14.7,0,0,183,69,18,0,61,1
1,2,2,47,27.3,0,0,321,134,64,0,57,0
1,4,2,12,7.9,0,0,183,69,18,0,61,1
1,1,1,7,3.6,0,0,229,134,53,0,0,0
1,4,2,11,19.3,0,0,183,69,18,0,0,1
0,4,2,12,12.5,0,0,183,69,18,0,61,1
1,1,1,8,10.6,0,0,420,134,18,0,48,0
1,4,1,11,3.5,0,0,183,134,18,0,30,0
1,9,5,35,7,2,2,420,134,716,0,1358,1
1,1,1,7,3.7,0,0,232,134,53,0,0,0
1,4,2,11,12.8,0,0,183,69,18,0,0,0
1,4,2,11,14.7,0,0,72,69,18,0,0,0
1,2,1,8,22.1,0,0,183,134,18,0,0,0
1,1,1,12,17.8,0,0,178,153,53,0,0,0
1,1,1,8,18.4,0,0,420,134,18,0,4,0
0,4,2,12,2.3,0,0,183,69,18,0,62,1
0,4,2,12,1.1,0,0,183,69,18,0,61,1
1,4,2,11,10.9,0,0,80,69,18,0,0,0
1,4,2,11,14.9,0,0,183,69,18,0,0,0
1,4,1,11,6.3,0,0,183,134,18,0,30,0
1,4,2,12,11.5,0,0,77,69,2931,0,0,0
1,4,2,11,24.5,0,0,93,69,18,0,0,0
1,3,3,64,2.8,2,2,420,134,1038,0,0,0
1,1,1,7,10.1,0,0,152,134,53,0,0,0
1,4,2,11,8.1,0,0,72,69,18,0,0,0
1,1,1,7,8.3,0,0,191,134,53,0,0,0
1,4,2,11,12.1,0,0,91,69,18,0,0,0
1,4,2,11,4.1,0,0,61,69,18,0,0,0
1,5,1,16,83.1,0,0,77,82,18,0,60,0
1,3,3,34,4.9,0,0,420,134,0,0,0,1
1,2,1,8,16.6,0,0,65,69,18,0,0,0
1,4,2,11,11,0,0,89,69,18,0,0,0
1,4,2,12,4.2,0,0,112,69,18,0,155,0
1,1,1,8,13.8,0,0,420,134,18,0,33,0
1,2,2,67,25.8,0,0,321,134,560,0,56,0
0,1,1,6,8,0,0,203,134,0,0,0,1
1,3,3,27,1,1,1,0,420,134,465,0,1
1,10,2,26,22,0,0,72,75,18,0,0,1
1,1,1,7,1.9,0,0,420,134,12879,0,0,1
1,4,1,11,5.2,0,0,183,134,18,0,30,0
1,4,2,11,28.2,0,0,183,69,18,0,0,0
1,1,1,9,11.6,0,0,420,134,18,0,33,0
1,5,1,16,55,0,0,77,82,18,0,60,0
1,9,5,35,7,2,2,420,134,716,0,1358,1
1,5,3,21,11.8,0,0,321,134,48,0,9239,0
1,4,2,11,10.1,0,0,183,69,18,0,0,0
1,4,2,11,7.8,0,0,77,69,18,0,0,1
1,2,1,8,4.6,0,0,69,69,18,0,0,0
1,2,2,12,10.7,2,2,420,199,0,0,0,0
1,4,2,11,17.5,0,0,53,69,18,0,0,0
1,4,2,12,6.5,0,0,108,69,18,0,17,0
0,4,2,12,15.8,0,0,183,69,18,0,61,1
1,1,1,7,3.9,0,0,192,134,53,0,0,0
1,4,2,11,10.7,0,0,83,69,18,0,0,0
1,2,1,8,20.2,0,0,183,134,18,0,0,0
0,4,2,11,9.9,0,0,183,69,18,0,0,1
1,4,2,12,3,0,0,183,69,18,0,62,1
1,1,1,7,9.5,0,0,176,134,53,0,0,0
1,4,1,10,2.7,0,0,59,134,232,0,0,1
1,11,2,27,15.5,0,0,63,88,18,0,548,1
1,4,2,11,4,0,0,77,69,18,0,0,1
1,4,2,11,17.8,0,0,70,69,18,0,0,0
1,4,2,11,2.7,0,0,86,69,18,0,0,0
1,4,1,11,7,0,0,183,134,18,0,30,0
1,4,2,11,32.4,0,0,97,69,18,0,0,0
0,10,8,1245,1.6,0,0,183,535,136113,726,16146,1
0,1,1,7,7.1,0,0,144,134,53,0,0,1
0,5,3,18,7.7,2,2,420,134,880,0,0,1
1,2,1,8,19.3,0,0,183,134,18,0,0,0
1,1,1,7,8,0,0,420,134,53,0,0,1
1,4,1,11,6.1,0,0,183,134,18,0,30,0
1,4,2,12,6.3,0,0,106,69,18,0,17,0
1,4,1,11,8.9,0,0,183,134,18,0,30,0
1,3,3,32,2.4,2,2,420,134,922,0,0,0
1,1,1,8,34,0,0,420,134,18,0,4,0
1,4,2,11,12.6,0,0,183,69,18,0,0,0
1,2,2,24,9.5,0,0,420,134,428,0,56,0
1,4,2,11,21.6,0,0,183,69,18,0,0,1
1,1,1,19,8,0,0,218,153,77,0,0,0
1,3,3,31,10.3,2,2,321,153,830,0,0,0
1,4,1,11,8.4,0,0,183,134,18,0,30,0
1,1,1,7,7.8,0,0,190,134,53,0,0,0
1,1,1,7,3.8,1,1,0,157,134,216,0,1
1,1,1,7,5.2,0,0,203,134,53,0,0,0
1,2,2,31,11.4,0,0,321,134,560,0,0,0
1,4,2,11,15.7,0,0,183,69,18,0,0,0
1,2,2,12,10.6,2,2,420,199,0,0,0,0
0,4,2,11,7,2,2,183,69,2348,0,0,1
1,5,1,16,86.4,0,0,73,82,18,0,60,0
1,4,1,11,9.8,0,0,183,134,18,0,30,0
1,1,1,36,5.1,0,0,213,134,422,0,56,0
1,3,3,32,19.9,1,1,0,321,134,1125,0,1
1,5,3,21,27,0,0,321,134,48,0,9195,0
1,10,2,25,28.2,0,0,49,88,718,0,0,1
1,4,2,11,1.2,0,0,50,69,18,0,0,1
1,4,2,11,13,0,0,66,69,18,0,0,0
0,4,2,11,12.2,0,0,183,69,18,0,0,1
0,0,0,2,297.6,0,0,0,0,0,0,0,1
1,4,2,13,13.8,0,0,80,69,2931,0,0,0
1,4,2,11,12.5,0,0,53,69,18,0,0,0
1,5,3,18,23,1,1,0,420,134,1884,0,1
1,4,2,11,6,0,0,81,69,18,0,0,1
1,4,2,11,8.9,0,0,71,69,18,0,0,1
0,1,1,19,15.1,0,0,188,153,77,0,0,1
1,4,2,12,14.7,0,0,183,69,18,0,61,1
1,2,2,48,3.4,0,0,321,134,662,0,0,0
1,4,2,11,15.6,0,0,183,69,18,0,0,1
1,4,2,12,4.8,0,0,183,69,18,0,62,1
1,4,2,13,2.1,0,0,183,69,31,0,22,1
1,4,2,11,15.8,0,0,183,69,18,0,0,0
1,1,1,7,17.5,0,0,178,134,53,0,0,0
1,4,2,11,11.4,0,0,183,69,18,0,0,0
1,5,3,22,8.2,0,0,321,134,18,0,3613,0
1,4,2,11,11.4,0,0,55,69,18,0,0,0
1,4,2,11,22.1,0,0,68,69,18,0,0,0
1,4,2,11,10.2,0,0,81,69,18,0,0,0
1,4,1,11,5.1,0,0,183,134,18,0,30,0
1,1,1,19,6.1,0,0,420,134,476,0,0,0
1,4,2,11,17.7,0,0,73,69,18,0,0,0
1,4,2,11,20.9,0,0,80,69,18,0,0,1
0,4,2,12,11.4,0,0,183,69,18,0,61,1
1,1,1,7,9.6,0,0,172,134,53,0,0,0
1,2,1,8,27.6,0,0,183,134,18,0,0,0
1,4,2,12,7.3,0,0,100,69,18,0,37,1
1,2,1,8,25.8,0,0,183,69,18,0,0,0
1,1,1,19,6.2,0,0,270,153,77,0,0,0
1,2,2,31,8.3,0,0,420,134,560,0,56,0
1,4,2,12,14,0,0,183,69,18,0,61,1
0,4,2,12,10,0,0,183,69,18,0,61,1
1,4,1,11,9.6,0,0,183,134,18,0,30,0
0,1,1,6,20.5,0,0,181,134,0,0,0,1
1,4,2,11,8.2,0,0,91,69,44,0,0,1
1,4,1,10,3.3,0,0,183,134,18,0,0,0
1,2,1,8,23.9,0,0,183,134,18,0,0,0
1,4,1,11,2.8,0,0,183,134,18,0,30,0
1,2,1,8,16.5,0,0,183,134,18,0,0,0
1,9,3,36,1.5,0,0,321,153,330,0,0,1
1,4,2,11,10.2,0,0,53,69,18,0,0,0
1,4,2,11,20,0,0,183,69,18,0,0,0
1,4,2,11,13,0,0,53,69,18,0,0,0
1,4,2,11,4,0,0,67,69,18,0,0,0
1,4,2,12,23.6,0,0,67,69,18,0,520,1
1,1,1,7,11,0,0,183,134,53,0,0,0
1,4,2,11,7.4,0,0,79,69,18,0,0,0
0,1,1,6,8.9,0,0,194,134,0,0,0,1
1,4,2,11,15.1,0,0,183,69,18,0,0,0
1,3,3,37,7.7,0,0,321,134,710,0,0,0
1,3,3,38,2.8,0,0,420,134,0,0,0,1
1,4,2,12,24.4,0,0,183,69,18,0,61,1
1,4,2,11,25.3,0,0,183,69,18,0,0,0
1,2,2,23,13.8,0,0,321,153,260,0,76,0
1,1,1,19,10.4,0,0,224,153,77,0,0,0
0,3,3,41,5.8,2,2,420,134,894,0,0,1
1,3,3,28,0.3,0,0,420,134,330,0,0,1
1,12,4,47,6.8,0,0,321,134,374,0,0,1
1,5,3,24,20.1,0,0,321,134,48,0,190,0
1,4,2,12,14.7,0,0,183,69,18,0,62,1
1,10,2,25,10.8,0,0,79,88,154,0,0,1
1,2,2,64,3.2,0,0,420,134,1038,0,0,0
1,4,1,11,4.8,0,0,183,134,18,0,30,0
1,2,1,8,23.5,0,0,183,69,18,0,0,0
1,1,1,9,13.9,0,0,420,134,18,0,33,0
1,4,2,12,14.6,0,0,90,69,18,0,40,0
1,4,2,11,22.4,0,0,183,69,18,0,0,0
1,2,2,38,6.2,0,0,420,134,428,0,56,0
1,4,1,10,16.7,0,0,98,134,18,0,0,1
1,1,1,7,4.5,0,0,205,134,53,0,0,1
1,4,2,11,11.7,0,0,75,69,18,0,0,0
1,14,4,35,2.3,2,2,183,88,4850,0,0,1
1,10,2,24,11.9,0,0,53,88,686,0,0,1
1,3,3,41,6.7,0,0,420,134,322,0,0,0
1,4,1,11,5.2,0,0,183,134,18,0,30,0
1,4,2,11,15.2,0,0,79,69,18,0,0,0
0,7,2,41,27.2,0,0,3892,69,8147,5095,13581,1
1,1,1,7,3.8,1,1,0,180,134,216,0,1
1,2,1,8,19.1,0,0,183,134,18,0,0,0
0,4,2,12,10.6,0,0,183,69,18,0,61,1
1,4,2,11,12.2,0,0,183,69,18,0,0,0
1,2,2,29,4.7,0,0,420,134,606,0,0,0
1,1,1,9,7.9,0,0,420,134,18,0,33,0
1,1,1,7,49,0,0,155,134,53,0,0,0
1,4,1,10,8.5,0,0,91,134,62,0,0,1
1,10,2,26,31.5,0,0,42,88,18,0,61,1
1,1,1,19,10.4,0,0,223,153,93,0,0,0
1,4,2,11,13.3,0,0,51,69,18,0,0,0
1,4,2,11,15.3,0,0,183,69,18,0,0,1
0,5,3,18,22.7,2,2,420,134,2064,0,0,1
1,1,1,7,23.3,0,0,147,134,53,0,0,1
1,2,1,9,5.9,2,2,49,69,133,0,0,1
1,4,2,12,6.2,0,0,106,69,18,0,17,0
0,1,1,6,3.8,0,0,420,134,0,0,0,1
1,4,2,12,17.8,0,0,183,69,18,0,61,1
1,3,3,30,3.5,0,0,321,153,330,0,0,0
1,1,1,8,16.7,0,0,420,134,18,0,33,0
1,11,2,26,3.9,0,0,54,88,176,0,0,1
1,2,2,27,14.2,0,0,420,134,484,0,0,0
1,3,3,57,4.9,0,0,420,134,330,0,0,0
1,4,2,12,13.2,0,0,83,69,2931,0,0,0
1,4,1,11,8.8,0,0,183,134,18,0,30,0
0,4,2,12,13.9,0,0,183,69,18,0,61,1
1,5,1,16,81.9,0,0,80,82,18,0,60,0
1,4,2,12,4.8,0,0,183,69,18,0,62,1
1,4,2,11,19.6,0,0,96,69,18,0,0,0
1,5,3,21,3,0,0,321,134,2931,0,0,0
1,4,2,11,5.4,0,0,109,69,148,0,0,1
1,4,1,11,6.9,0,0,183,134,18,0,30,0
1,5,1,16,59,0,0,78,82,18,0,60,0
1,4,1,10,6.8,0,0,82,134,62,0,0,1
1,4,1,11,5.4,0,0,183,134,18,0,30,0
1,4,2,11,6.3,0,0,98,69,18,0,0,0
1,4,2,11,19.4,0,0,72,69,18,0,0,0
1,5,3,23,24.8,0,0,321,134,48,0,2202,0
1,2,2,82,19.7,0,0,420,134,396,0,57,0
1,10,2,26,10.2,2,2,72,88,939,0,0,1
1,1,1,17,11.6,0,0,420,134,344,0,0,0
1,4,2,12,6.1,0,0,91,69,18,0,34,1
1,4,2,11,17.4,0,0,183,69,18,0,0,0
1,1,1,7,22.6,0,0,153,134,53,0,0,0
1,4,2,11,30.3,0,0,183,69,18,0,0,0
1,2,1,8,20.7,0,0,183,134,18,0,0,0
1,4,2,11,15.8,0,0,72,69,18,0,0,1
0,4,2,11,21.6,0,0,183,69,18,0,0,1
0,13,4,428,1.7,0,0,321,134,2382,0,1625,1
0,4,2,12,13.6,0,0,183,69,18,0,61,1
1,10,2,25,13.3,0,0,74,88,18,0,0,1
1,1,1,6,7.4,0,0,191,134,0,0,0,1
0,1,1,6,2.3,0,0,164,134,0,0,0,1
0,4,2,12,2.3,0,0,183,69,18,0,62,1
1,4,2,11,6.2,0,0,67,69,18,0,0,0
1,1,1,7,20.6,0,0,150,134,53,0,0,0
1,4,1,10,4.2,0,0,57,134,146,0,0,1
1,4,2,12,23.2,0,0,183,69,18,0,61,1
1,8,2,20,21.1,0,0,76,88,18,0,0,1
1,4,1,11,7.2,0,0,183,134,18,0,30,0
1,4,2,11,2.5,0,0,115,69,18,0,0,0
1,10,2,25,8.8,0,0,42,88,18,0,0,1
1,12,4,44,1.1,2,2,321,134,1158,0,0,1
1,10,2,25,12.6,0,0,83,88,18,0,0,1
1,1,1,8,8.6,0,0,187,134,2950,0,0,0
0,4,2,12,12,0,0,183,69,18,0,61,1
1,1,1,19,6,0,0,276,153,77,0,0,0
1,4,2,12,6.3,0,0,107,69,18,0,17,0
1,1,1,7,10.8,0,0,200,134,53,0,0,0
1,4,2,12,6.1,0,0,65,69,18,0,264,1
1,10,2,25,39.9,0,0,69,88,18,0,0,1
1,2,1,8,24.7,0,0,183,134,18,0,0,0
0,0,0,2,2615.6,0,0,0,0,0,0,0,1
1,4,2,12,14.9,0,0,183,69,18,0,61,1
1,4,2,11,6.3,0,0,80,69,18,0,0,1
1,4,2,11,15.7,0,0,183,69,18,0,0,0
1,4,2,11,10,0,0,183,69,18,0,0,0
1,4,2,11,16.6,0,0,183,69,18,0,0,0
1,5,3,19,23.4,0,0,420,134,18,0,14,0
1,4,2,11,4.2,0,0,183,69,18,0,0,1
1,3,3,31,81,1,1,0,321,153,457,0,1
1,4,2,11,17.4,0,0,73,69,18,0,0,0
1,3,3,41,2.7,1,1,0,420,134,465,0,1
1,11,3,36,3.9,2,2,420,134,18,0,1167,1
1,4,1,11,7.8,0,0,183,134,18,0,30,0
1,1,1,7,6.9,0,0,162,134,53,0,0,0
1,2,1,8,15.4,0,0,61,69,18,0,0,0
1,4,1,11,6.7,0,0,183,134,18,0,30,0
1,2,2,31,15.7,0,0,321,134,560,0,0,0
1,4,2,11,19.5,0,0,183,69,18,0,0,0
1,3,3,30,5.5,0,0,321,153,322,0,0,0
1,4,1,11,10,0,0,183,134,18,0,30,0
1,4,1,10,8,0,0,82,134,62,0,0,1
1,4,2,11,11.9,0,0,90,69,18,0,0,0
1,4,1,11,6.7,0,0,183,134,18,0,30,0
1,4,2,12,17.7,1,1,0,183,69,181,0,1
0,4,2,12,13.8,0,0,183,69,18,0,64,1
1,12,4,46,6.5,2,2,321,134,1406,0,0,1
1,1,1,8,11,0,0,420,134,18,0,260,0
1,4,2,12,10.9,0,0,183,69,18,0,61,1
1,3,3,29,1.4,1,1,0,321,153,0,0,1
0,3,3,33,3.4,0,0,420,134,330,0,0,1
1,3,3,27,4.7,0,0,336,153,0,0,0,1
1,4,2,11,13,0,0,87,69,18,0,0,0
1,4,1,10,12.4,0,0,61,134,18,0,0,1
0,1,1,14,2.1,0,0,262,153,0,0,0,1
0,1,1,76,4.8,0,0,185,134,53,0,586,1
1,4,2,11,17.7,0,0,183,69,18,0,0,0
1,4,2,11,23.1,0,0,183,69,18,0,0,0
1,5,3,24,21.7,0,0,321,134,48,0,190,0
1,4,1,11,9,0,0,183,134,18,0,30,0
1,3,3,30,1.4,0,0,420,134,330,0,0,0
1,4,2,11,20.8,0,0,89,69,18,0,0,0
1,2,2,26,1.7,0,0,420,134,528,0,57,0
1,5,1,16,82.4,0,0,75,82,18,0,60,0
1,9,4,24,13,2,2,183,69,0,0,0,0
1,1,1,12,13.8,0,0,217,153,72,0,0,0
1,4,2,11,33,0,0,62,69,18,0,0,0
1,2,2,15,15.7,0,0,420,134,470,0,33,1
1,4,2,10,7.2,2,2,183,69,0,0,0,1
1,1,1,7,14.6,0,0,198,134,53,0,0,0
1,4,2,18,8.6,0,0,74,69,18,0,30,0
1,12,4,46,3.2,0,0,321,134,414,0,0,1
1,4,1,10,38.8,0,0,87,134,116,0,0,1
0,4,2,12,3.2,0,0,183,69,18,0,62,1
1,10,2,26,7.1,0,0,71,88,2997,0,0,1
1,1,1,7,4.7,0,0,163,134,53,0,0,1
0,4,2,12,11.4,0,0,183,69,18,0,61,1
0,4,2,11,7.1,2,2,183,69,2348,0,0,1
1,2,1,8,31.8,0,0,183,134,18,0,0,0
0,4,2,12,5.4,0,0,183,69,18,0,61,1
1,4,2,13,13.3,0,0,84,69,18,0,2953,0
1,10,2,24,6.2,0,0,73,88,18,0,0,1
1,2,1,8,17.5,0,0,183,134,18,0,0,0
1,4,2,11,9.5,0,0,183,69,18,0,0,1
0,2,2,19,32.8,0,0,321,134,412,0,56,1
0,4,2,12,1.1,0,0,183,69,18,0,61,1
1,1,1,7,8.4,0,0,145,134,53,0,0,0
0,10,8,1245,1.6,0,0,183,535,136113,726,16146,1
1,4,1,11,8.7,0,0,183,134,18,0,30,0
1,4,1,11,7.8,0,0,183,134,18,0,30,0
1,10,2,24,7.2,0,0,66,88,686,0,0,1
1,4,1,11,10.4,0,0,183,134,18,0,30,0
1,10,2,25,5.2,0,0,63,88,18,0,0,1
1,4,1,11,4.8,0,0,183,134,18,0,30,0
1,4,2,11,10,0,0,92,69,18,0,0,1
1,2,2,27,12.2,0,0,321,134,560,0,0,0
1,4,1,11,7.5,0,0,183,134,18,0,30,0
0,4,2,12,15.3,0,0,183,69,18,0,61,1
1,3,3,69,2.4,0,0,321,134,346,0,0,0
1,4,1,10,7.1,0,0,70,134,62,0,0,1
1,4,2,12,6.3,0,0,106,69,18,0,17,0
1,1,1,19,9.9,0,0,287,153,77,0,0,0
1,4,2,11,15.7,0,0,52,69,18,0,0,0
1,4,2,11,9.9,0,0,55,69,18,0,0,1
1,3,3,34,1.9,2,2,420,134,1022,0,0,0
1,4,2,18,10.5,0,0,69,69,18,0,30,0
1,4,1,11,4.8,0,0,183,134,18,0,30,0
1,4,2,11,23.9,0,0,183,69,302,0,0,1
1,4,2,11,9.2,0,0,80,69,18,0,0,0
1,4,2,12,4.9,0,0,97,69,18,0,17,0
1,4,2,11,14.6,0,0,53,69,18,0,0,0
1,3,3,39,7.3,0,0,420,134,330,0,0,0
1,3,3,53,6.1,0,0,321,134,354,0,0,0
1,1,1,15,12.4,0,0,255,153,72,0,0,0
1,5,3,17,0.7,0,2,420,134,1250,0,0,1
1,3,3,30,3.2,0,0,321,134,330,0,0,0
1,5,3,22,2.4,2,2,420,134,957,0,0,0
1,4,2,11,12.9,0,0,81,69,18,0,0,0
1,10,2,25,8.1,0,0,72,88,18,0,0,0
1,4,2,11,3.4,0,0,183,69,18,0,0,0
1,6,4,25,2.6,2,2,420,134,4112,0,0,1
1,4,2,11,20.9,0,0,76,69,18,0,0,0
1,2,2,24,2.6,0,0,420,134,856,0,0,0
0,4,2,12,1.1,0,0,183,69,18,0,61,1
1,4,2,11,10.1,0,0,54,69,18,0,0,0
1,4,2,11,9.6,0,0,183,69,54,0,0,0
1,3,3,45,3.9,0,0,420,134,330,0,0,0
1,3,3,77,3.5,2,2,420,134,1066,0,0,0
1,1,1,7,12.4,0,0,166,134,53,0,0,0
1,4,2,12,3.8,0,0,109,69,18,0,168,0
1,10,2,26,6.7,0,0,55,88,18,0,64,1
1,1,1,18,11.1,0,0,174,153,0,0,0,1
1,4,2,11,29.2,0,0,71,69,18,0,0,0
1,5,3,24,22,0,0,321,134,48,0,190,0
1,1,1,7,2.7,0,0,274,134,53,0,0,0
1,4,2,11,3.2,0,0,42,69,18,0,0,1
1,4,2,11,29.2,0,0,86,69,18,0,0,0
1,4,2,11,2.7,0,2,47,69,1080,0,0,1
1,4,2,11,4.4,1,1,0,183,69,181,0,1
0,1,1,6,2.4,0,0,420,134,0,0,0,1
1,4,2,11,8.1,0,0,94,69,18,0,0,0
1,4,2,11,7.1,0,0,183,69,18,0,0,1
1,1,1,8,7.6,0,0,200,134,2950,0,0,0
1,3,3,37,7.5,0,0,321,134,710,0,0,0
1,4,1,11,4.4,0,0,183,134,18,0,30,0
1,10,2,25,11.5,0,0,64,88,44,0,0,1
1,4,1,11,4.4,0,0,183,134,18,0,30,0
1,1,1,7,2.8,0,0,216,134,53,0,0,0
1,12,4,54,7.6,2,2,154,134,932,0,0,1
0,4,2,12,13.2,0,0,183,69,18,0,61,1
1,4,2,11,14.7,0,0,80,69,18,0,0,0
0,4,2,12,1,0,0,183,69,18,0,61,1
1,1,1,19,6.2,0,0,235,153,77,0,0,0
0,4,2,12,1.1,0,0,183,69,18,0,61,1
1,1,1,7,9.4,0,0,194,134,53,0,0,0
0,4,2,11,9.1,0,0,71,69,18,0,0,1
0,4,2,11,10.7,0,0,183,69,18,0,0,1
1,5,1,16,51.4,0,0,80,82,18,0,60,0
1,2,1,8,18.8,0,0,63,69,18,0,0,0
1,1,1,7,6.6,0,0,175,134,53,0,0,0
1,10,2,25,10.8,0,0,79,88,218,0,0,1
1,4,2,11,12.7,0,0,77,69,18,0,0,0
1,3,3,25,0.1,0,0,420,134,0,0,0,1
1,4,1,11,4.7,0,0,183,134,18,0,30,0
1,4,2,11,18.6,0,0,66,69,18,0,0,0
1,1,1,7,2.7,0,0,191,134,53,0,0,0
1,4,2,11,5.2,0,0,183,69,18,0,0,1
1,1,1,7,12.3,0,0,198,134,53,0,0,0
1,4,2,11,15.8,0,0,76,69,18,0,0,0
1,2,1,8,20.4,0,0,183,134,18,0,0,0
0,4,2,12,1.1,0,0,183,69,18,0,61,1
1,5,1,16,57.6,0,0,77,82,18,0,60,0
0,4,2,11,8.6,0,0,65,69,18,0,0,1
1,3,3,98,13.3,2,2,420,134,842,0,0,0
1,5,3,22,6.3,0,0,321,134,18,0,1267,0
1,4,2,11,12.3,0,0,63,69,18,0,0,0
1,3,3,40,3.2,2,2,420,134,1098,0,0,0
1,4,1,11,6.2,0,0,183,134,18,0,30,0
0,98,151,3066,0,0,0,27403,16917,16674,30130,18752,1
1,4,2,11,20.3,0,0,183,69,18,0,0,1
1,4,2,11,4.6,0,0,72,69,18,0,0,1
1,1,1,7,62.7,1,1,0,157,134,216,0,1
1,2,1,8,29,0,0,183,134,18,0,0,0
1,10,2,24,13.3,0,0,72,88,686,0,0,1
1,4,2,12,17.4,0,0,183,69,18,0,61,1
1,1,1,8,20.3,0,0,186,134,2950,0,0,0
1,1,1,9,11.2,0,0,420,134,18,0,33,0
0,4,2,11,7.8,0,0,65,69,18,0,0,1
1,3,3,28,5.1,2,2,420,153,2293,0,0,0
1,4,1,11,6.3,0,0,183,134,18,0,30,0
1,4,2,12,3.1,0,0,183,69,18,0,91,0
1,2,1,8,19.5,0,0,183,134,18,0,0,0
1,2,2,34,16.9,0,0,321,134,390,0,57,0
0,4,2,12,14.2,0,0,183,69,18,0,61,1
0,4,2,12,15.6,0,0,183,69,18,0,61,1
1,3,3,34,2.3,0,0,321,153,418,0,0,0
1,4,1,11,10.7,0,0,183,134,18,0,30,0
1,4,2,11,20.1,0,0,102,69,18,0,0,0
1,1,1,8,10.1,0,0,204,134,2950,0,0,0
1,1,1,16,6.7,0,0,420,134,344,0,0,0
1,2,2,31,7.3,0,0,420,134,714,0,0,0
0,4,2,11,1.7,0,0,50,69,18,0,0,1
1,4,2,11,10.4,0,0,84,69,18,0,0,0
1,4,2,11,10.7,0,0,81,69,18,0,0,0
1,10,2,26,22.1,0,0,50,88,18,0,52,1
1,1,1,7,11.7,0,0,185,134,53,0,0,0
1,4,2,11,8.9,0,0,183,69,18,0,0,0
1,2,2,41,59.3,0,0,321,134,64,0,57,0
1,4,2,12,9.8,0,0,183,69,18,0,61,0
1,1,1,6,25,0,0,171,134,0,0,0,1
1,1,1,7,11,0,0,180,134,53,0,0,0
1,5,1,16,52,0,0,77,82,18,0,60,0
1,4,2,11,13.2,0,0,183,69,18,0,0,0
1,1,1,7,10.5,1,1,0,163,134,398,0,1
1,6,7,373,13.6,2,2,420,199,0,24,2053,0
0,4,2,12,1.1,0,0,183,69,18,0,61,1
1,1,1,7,10.2,0,0,209,134,53,0,0,0
1,10,2,26,12,0,0,68,88,18,0,111,1
1,4,2,11,13.8,0,0,81,69,18,0,0,0
1,10,2,25,13.7,0,0,51,88,18,0,0,1
1,4,2,12,2.2,0,0,114,69,18,0,57,0
1,4,2,11,12.2,0,0,183,69,18,0,0,0
1,10,2,26,8.1,0,0,63,88,18,0,25,0
0,4,2,12,22.3,0,0,183,69,18,0,61,1
1,5,3,24,22,0,0,321,134,48,0,190,0
1,1,1,6,5.7,1,1,0,200,134,0,0,1
1,4,2,11,13.2,0,0,79,69,18,0,0,0
1,2,1,8,19.2,0,0,183,134,18,0,0,0
1,4,2,12,6.3,0,0,102,69,18,0,17,0
1,3,3,27,0.4,0,0,420,134,0,0,0,1
1,2,1,8,18.4,0,0,62,69,18,0,0,0
1,1,1,7,13.4,0,0,175,134,53,0,0,0
1,1,1,7,12.3,0,0,193,134,53,0,0,0
0,4,2,11,7.7,0,0,69,69,18,0,0,1
1,4,2,11,14.7,0,0,183,69,18,0,0,0
0,1,1,14,10.6,0,0,264,153,0,0,0,1
1,5,3,21,3.7,2,2,321,134,48,0,14312,0
1,4,2,11,11,0,0,183,69,18,0,0,0
1,4,2,11,5.6,2,2,183,69,786,0,0,1
1,2,1,8,19.7,0,0,183,134,18,0,0,0
1,1,1,7,8.9,0,0,190,134,53,0,0,0
1,4,1,11,3.5,0,0,183,134,18,0,30,0
1,4,2,11,18.4,0,0,183,69,18,0,0,0
1,4,2,12,13.7,0,0,79,69,2931,0,0,0
1,4,2,11,18.4,0,0,183,69,18,0,0,0
0,4,2,12,1,0,0,183,69,18,0,61,1
0,3,3,25,2.4,0,0,420,134,322,0,0,1
1,2,2,27,4.3,0,0,420,134,720,0,0,0
1,10,2,25,5.9,0,0,49,88,18,0,0,1
1,5,1,16,51.7,0,0,81,82,18,0,60,0
1,2,1,8,25.3,0,0,183,134,18,0,0,0
0,10,2,26,3.7,0,0,40,88,489,0,0,1
1,5,3,24,28.7,0,0,321,134,48,0,190,0
1,2,1,8,15.3,0,0,62,69,18,0,0,0
1,2,1,9,52.5,0,0,88,69,18,0,56,0
1,4,2,11,13,0,0,183,69,18,0,0,0
1,4,1,11,8.1,0,0,183,134,18,0,30,0
1,2,1,8,25.5,0,0,183,134,18,0,0,0
0,4,2,12,1.1,0,0,183,69,18,0,61,1
1,4,1,10,20.7,0,0,75,134,116,0,0,1
1,4,2,11,11.9,0,0,183,69,18,0,0,0
1,1,1,17,6.6,0,0,420,134,344,0,0,0
1,4,1,10,5.6,0,0,55,134,62,0,0,1
1,4,2,11,6.4,0,0,56,69,18,0,0,1
1,4,1,10,7.5,0,0,71,134,168,0,0,1
1,1,1,8,11,0,0,188,134,2950,0,0,0
1,2,1,8,11.1,0,0,63,69,18,0,0,0
1,5,1,16,53,0,0,80,82,18,0,60,0
1,4,2,11,17.3,0,0,183,69,18,0,0,0
1,4,2,11,3.5,0,0,67,69,18,0,0,0
1,3,3,58,2.5,1,1,0,420,134,465,0,1
1,4,2,11,7.8,0,0,183,69,18,0,0,0
1,4,1,10,10.7,0,0,85,134,62,0,0,1
1,4,2,11,13.1,0,0,91,69,18,0,0,0
1,4,2,11,19.1,0,0,83,69,18,0,0,0
0,4,2,12,10,0,0,183,69,18,0,61,1
1,4,1,10,9,0,0,95,134,62,0,0,1
1,1,1,19,5.4,0,0,254,153,77,0,0,0
1,5,3,17,4.7,2,2,420,134,906,0,0,1
0,4,2,12,0.1,0,0,183,69,18,0,64,1
0,4,2,12,2.9,0,0,183,69,18,0,62,1
0,4,2,12,1.1,0,0,183,69,18,0,61,1
1,2,1,8,22.1,0,0,183,134,18,0,0,0
1,1,1,28,7.5,0,0,420,134,1463,0,0,1
0,4,1,10,0.7,0,0,84,134,116,0,0,1
1,8,4,39,12.9,2,2,183,69,2570,0,0,1
1,4,2,12,27.6,0,0,93,69,18,0,52,0
1,2,2,37,5.7,0,0,420,134,950,0,0,0
1,4,2,11,17.7,0,0,183,69,116,0,0,1
1,4,1,11,9.1,0,0,66,134,18,0,454,1
1,3,3,53,4.9,0,0,321,134,354,0,0,0
1,12,4,45,2.6,2,2,420,199,1795,0,0,1
1,4,2,12,7.3,0,0,183,69,18,0,61,1
1,4,1,10,7.7,0,0,94,134,62,0,0,1
1,4,2,10,6.1,0,0,60,69,0,0,0,1
1,4,2,11,15.1,0,0,183,69,18,0,0,0
1,1,1,8,26.2,0,0,148,134,53,0,0,0
1,4,2,12,14.9,0,0,183,69,18,0,61,1
1,4,1,11,6.3,0,0,183,134,18,0,30,0
0,1,1,6,3.8,0,0,149,134,0,0,0,1
1,8,4,25,15.8,1,1,0,94,69,1142,0,1
1,4,2,12,3.6,1,1,0,183,69,181,0,1
1,4,2,11,13,0,0,81,69,18,0,0,0
1,1,1,6,6,0,0,420,134,0,0,0,1
1,4,1,11,7.2,0,0,183,134,18,0,30,0
1,3,3,37,6.3,0,0,321,134,710,0,0,0
1,4,2,11,18.7,0,0,82,69,18,0,0,0
1,3,3,30,6.3,0,0,321,153,322,0,0,0
1,3,3,36,5.1,2,2,321,134,910,0,0,1
1,4,1,10,7.6,0,0,93,134,572,0,0,1
1,2,2,58,14.1,0,0,420,134,858,0,0,0
1,10,2,25,6.1,0,0,70,88,18,0,0,0
1,4,1,10,7.8,0,0,90,134,62,0,0,1
1,5,3,24,20.2,0,0,321,134,48,0,190,0
1,1,1,7,16.2,0,0,166,134,53,0,0,0
1,4,2,11,14.6,0,0,85,69,18,0,0,1
1,4,2,11,26.3,0,0,183,69,18,0,0,0
1,4,2,11,20.4,0,0,76,69,18,0,0,0
0,1,1,83,4.1,0,0,185,134,7014,293,14271,1
1,4,2,11,7.7,0,0,183,69,18,0,0,0
1,4,2,15,4.2,2,2,183,69,511,0,0,0
0,4,2,11,8.7,0,0,67,69,18,0,0,1
1,1,1,18,5.3,0,0,339,153,0,0,0,1
1,4,2,11,21.7,0,0,72,69,18,0,0,0
1,1,1,7,5.8,0,0,236,134,53,0,0,0
1,4,2,12,15.1,0,0,82,69,2931,0,0,0
1,1,1,6,15.4,0,0,134,134,0,0,0,1
1,4,2,11,23,0,0,183,69,18,0,0,0
1,4,2,12,5,0,0,94,69,18,0,17,0
1,4,2,11,16.4,0,0,92,69,18,0,0,0
1,2,1,8,16.5,0,0,183,134,18,0,0,0
1,4,1,10,6.2,0,0,66,134,62,0,0,1
1,4,2,12,26,0,0,183,69,18,0,61,1
0,6,4,24,38.9,2,2,420,134,884,0,0,1
1,1,1,19,4.8,0,0,234,153,77,0,0,0
1,4,2,11,5.9,1,1,0,60,69,181,0,1
1,5,3,22,4.6,2,2,420,134,1784,0,0,1
1,11,2,28,13.6,0,0,79,88,2505,0,0,1
0,4,2,12,1.1,0,0,183,69,18,0,61,1
0,4,2,12,5.1,0,0,183,69,18,0,61,1
1,2,2,12,24.1,0,0,420,134,0,0,0,1
1,4,1,11,7.8,0,0,183,134,18,0,30,0
0,4,2,16,9,0,0,183,69,18,0,559,1
1,10,2,25,4.7,0,0,95,88,18,0,0,0
1,4,2,11,8.1,0,0,183,69,18,0,0,0
1,3,3,25,0.1,0,0,420,134,0,0,0,1
1,10,2,25,9.1,0,0,60,88,18,0,0,1
1,4,2,11,12.2,0,0,183,69,18,0,0,0
1,4,2,12,8.5,0,0,183,69,18,0,61,1
0,4,2,12,4,0,0,53,69,489,0,0,1
1,4,2,11,15.3,0,0,79,69,18,0,0,0
0,4,2,11,1,0,0,183,69,116,0,0,1
1,4,2,11,15.1,0,0,75,69,18,0,0,0
1,4,2,12,15.5,0,0,84,69,2931,0,0,0
1,4,1,11,3.9,0,0,183,134,18,0,30,0
1,4,2,11,13.2,0,0,82,69,18,0,0,0
1,4,2,11,6.1,0,0,73,69,18,0,0,0
1,1,1,7,0.5,0,0,151,134,0,0,0,1
1,4,2,11,11.4,0,0,74,69,18,0,0,1
1,1,1,7,18,0,0,176,134,53,0,0,0
1,4,2,11,10,0,0,86,69,18,0,0,0
1,3,3,48,1.9,2,2,321,134,834,0,0,0
1,1,1,7,4.7,0,0,183,134,53,0,0,0
1,4,2,12,12.3,0,0,85,69,2931,0,0,0
1,2,2,35,5.2,0,0,420,134,428,0,56,0
1,3,3,30,3.9,0,0,382,153,330,0,0,0
0,1,1,6,2.3,0,0,184,134,0,0,0,1
1,4,1,12,17,0,0,73,134,2359,0,0,1
1,2,1,8,22.4,0,0,183,134,18,0,0,0
1,10,2,25,12.5,0,0,74,88,18,0,0,0
1,4,2,12,36.8,0,0,92,69,18,0,52,0
1,4,2,12,7.7,0,0,183,69,18,0,61,1
1,4,2,11,14,0,0,63,69,118,0,0,1
1,10,2,24,4.4,0,0,109,88,144,0,0,1
1,1,1,15,9.9,0,0,275,153,72,0,0,0
1,4,2,11,10.7,0,0,90,69,18,0,0,0
1,4,2,11,13,0,0,183,69,18,0,0,0
0,4,2,11,7,2,2,183,69,2348,0,0,1
1,10,2,25,5.5,0,0,46,88,18,0,0,1
1,4,1,10,7.7,0,0,68,134,62,0,0,1
1,4,2,11,4.6,0,0,183,69,18,0,0,1
1,4,2,12,2.1,1,1,0,183,69,181,0,1
1,2,1,8,28.1,0,0,183,134,18,0,0,0
1,3,3,34,1.8,0,0,420,134,330,0,0,1
1,4,2,11,16.3,0,0,183,69,18,0,0,0
1,1,1,19,4.6,0,0,268,153,77,0,0,0
0,4,2,12,4.1,0,0,183,69,18,0,61,1
0,4,2,12,1.1,0,0,183,69,18,0,61,1
1,10,2,25,6,0,0,53,88,18,0,0,1
1,4,2,11,12.4,0,0,183,69,18,0,0,0
1,12,4,43,7.8,0,0,321,134,330,0,0,1
1,4,2,12,6.4,0,0,108,69,18,0,17,0
1,4,1,11,4.6,0,0,183,134,18,0,30,0
1,4,2,11,15.4,0,0,183,69,18,0,0,0
0,4,2,12,1,0,0,183,69,18,0,61,1
1,2,2,28,15.1,0,0,420,134,396,0,57,0
1,10,2,25,5.3,0,2,74,88,1080,0,0,1
1,4,2,11,8.3,0,0,183,69,18,0,0,0
1,3,3,52,5.5,0,0,420,134,330,0,0,0
1,4,1,11,5.8,0,0,183,134,18,0,30,0
1,4,1,10,14.3,0,0,88,134,146,0,0,1
1,4,1,10,18.6,0,0,75,134,116,0,0,1
1,8,4,23,9.7,0,0,183,69,18,0,301,1
1,4,1,11,3.5,0,0,183,134,18,0,30,0
1,10,2,25,18.5,0,0,71,88,18,0,0,0
1,1,1,7,9.2,0,0,164,134,53,0,0,1
1,4,2,11,13.8,0,0,76,69,18,0,0,0
0,10,2,25,1.5,0,0,45,88,18,0,0,1
1,4,2,11,12.8,0,0,183,69,18,0,0,0
0,4,23,2159,0.7,0,0,4497,3244,3474,5202,7722,1
1,2,2,22,2.1,0,0,420,134,560,0,56,0
1,2,1,8,20.2,0,0,183,134,18,0,0,0
0,4,2,12,1.1,0,0,183,69,18,0,61,1
1,4,2,12,13.7,0,0,183,69,18,0,61,1
1,4,2,11,11.1,0,0,183,69,18,0,0,0
1,1,1,7,15.5,0,0,211,134,53,0,0,1
1,5,3,22,5,0,0,321,134,34,0,8023,0
1,1,1,7,4.8,0,0,179,134,53,0,0,1
1,4,2,11,12.7,0,0,183,69,18,0,0,0
1,4,2,11,2.1,0,0,83,69,18,0,0,1
1,4,1,11,7.9,0,0,183,134,18,0,30,0
1,4,2,11,15.5,0,0,86,69,18,0,0,0
0,4,2,12,1.1,0,0,183,69,18,0,61,1
1,1,1,8,19.9,0,0,420,134,18,0,4,0
1,4,2,11,12,0,0,183,69,18,0,0,0
0,4,2,12,5.7,0,0,183,69,18,0,61,1
0,4,2,11,11.1,0,0,183,69,18,0,0,1
1,1,1,19,5.2,0,0,225,153,77,0,0,0
1,1,1,7,9,0,0,187,134,53,0,0,0
0,2,2,30,3.4,0,0,420,134,618,0,0,1
1,2,1,8,18,0,0,183,134,18,0,0,0
0,4,2,12,2.7,0,0,183,69,18,0,62,1
0,4,2,11,6.6,2,2,183,69,2528,0,0,1
1,4,2,10,10.9,0,0,95,69,0,0,0,1
1,4,2,11,8.7,0,0,62,69,18,0,0,0
1,10,2,25,6.3,2,2,77,88,654,0,0,1
0,4,2,12,10.8,0,0,183,69,18,0,61,1
0,1,1,6,2.6,0,0,164,134,0,0,0,1
1,1,1,7,13,0,0,196,134,53,0,0,0
1,4,2,12,6.3,0,0,106,69,18,0,17,0
0,4,1,14,11.7,0,0,83,134,140,0,0,1
1,2,2,21,3.4,0,0,321,153,880,0,0,0
1,4,2,11,10.4,0,0,56,69,18,0,0,0
1,4,2,12,5,0,0,90,69,18,0,17,0
1,4,1,10,6.5,0,0,71,134,18,0,0,1
1,1,1,6,16.7,0,0,181,134,0,0,0,1
1,4,2,11,5.7,0,0,81,69,18,0,0,0
1,4,2,11,22.5,0,0,183,69,18,0,0,0
1,4,2,11,11.6,1,1,0,183,69,181,0,1
1,4,2,12,14.9,0,0,183,69,18,0,61,1
1,4,1,10,5.8,0,0,74,134,368,0,0,1
1,4,2,11,11.6,0,0,183,69,18,0,0,0
0,4,2,12,1.1,0,0,183,69,18,0,61,1
1,4,2,11,21,0,0,55,69,18,0,0,0
1,4,2,12,20.6,0,0,183,69,18,0,61,1
1,4,2,12,7.2,0,0,108,69,18,0,17,0
1,1,1,12,11.3,0,0,189,153,72,0,0,0
1,4,2,11,20.3,0,0,183,69,18,0,0,0
1,4,1,11,5,0,0,183,134,18,0,30,0
1,4,2,11,10,0,0,183,69,18,0,0,0
1,4,1,10,22.7,0,0,66,134,18,0,0,1
1,1,1,7,1.5,0,0,139,134,53,0,0,1
1,4,2,11,28.8,0,0,183,69,18,0,0,0
1,2,1,8,23.2,0,0,183,134,18,0,0,0
1,4,2,11,17.7,0,0,77,69,18,0,0,0
1,4,1,10,19.3,0,0,86,134,62,0,0,1
1,2,1,8,21.7,0,0,183,134,18,0,0,0
1,1,1,7,9.6,0,0,222,134,53,0,0,0
1,4,2,11,15.7,0,0,183,69,18,0,0,0
1,4,2,11,17.3,0,0,183,69,18,0,0,0
1,4,2,11,35.4,0,0,58,69,18,0,0,1
0,4,2,11,18.3,0,0,183,69,18,0,0,1
1,4,1,11,8.9,0,0,183,134,18,0,30,0
0,1,1,6,8.1,0,0,211,134,0,0,0,1
1,5,3,23,4.8,0,0,321,134,18,0,7715,0
1,3,3,55,4.1,2,2,420,134,878,0,0,0
1,10,2,26,3.4,0,0,67,88,1985,0,0,1
1,2,1,8,9.9,0,0,89,69,18,0,0,0
0,4,2,12,3.4,0,0,53,69,489,0,0,1
1,1,1,19,8.3,0,0,232,153,77,0,0,0
1,4,2,11,9.6,0,0,58,69,18,0,0,0
1,4,2,11,12.7,0,0,183,69,18,0,0,0
1,4,1,11,6,0,0,183,134,18,0,30,0
1,4,2,12,19,0,0,183,69,18,0,64,1
1,4,1,10,12.4,0,0,79,134,18,0,0,1
1,3,3,39,9.3,0,0,420,134,0,0,0,1
1,14,4,41,9.6,2,2,67,88,1898,0,0,1
1,5,3,20,3.5,0,0,321,134,560,0,0,0
1,4,2,11,15.7,0,0,73,69,18,0,0,1
1,4,2,11,16,0,0,73,69,18,0,0,0
1,3,3,28,0.4,0,0,420,134,330,0,0,1
1,4,2,11,16.5,0,0,183,69,18,0,0,0
1,4,2,11,40.8,0,0,77,69,18,0,0,0
1,4,2,12,4.8,0,0,183,69,18,0,61,1
0,1,1,7,9.6,0,0,213,134,53,0,0,1
1,3,3,35,5.2,0,0,321,134,322,0,0,0
1,1,1,7,5.4,0,0,205,134,53,0,0,0
1,1,1,19,6.9,0,0,263,153,77,0,0,0
1,2,1,9,27.6,0,0,183,69,18,0,72,0
0,4,2,12,7.7,0,0,183,69,18,0,61,1
1,1,1,8,5.6,0,0,420,134,18,0,4,0
0,4,2,12,5,0,0,183,69,18,0,64,1
1,4,2,11,16.8,0,0,79,69,18,0,0,0
1,4,2,11,14.7,0,0,183,69,18,0,0,0
0,4,2,11,0.6,0,0,53,69,12849,0,0,1
1,1,1,6,10.5,0,0,191,134,0,0,0,1
1,4,2,11,11,0,0,183,69,18,0,0,0
1,4,1,11,10.1,0,0,78,134,2975,0,0,1
1,1,1,7,7.3,0,0,175,134,69,0,0,0
0,4,2,11,32,0,0,183,69,18,0,0,1
1,2,1,8,35.6,0,0,183,69,18,0,0,0
1,14,4,38,2.5,2,2,88,88,2778,0,0,1
0,4,2,51,3.6,0,0,183,69,54,0,0,1
1,5,3,23,4.8,0,0,321,134,18,0,6538,0
1,4,1,11,3.4,0,0,183,134,18,0,30,0
1,4,2,11,13.4,0,0,89,69,18,0,0,1
1,4,2,11,18.2,0,0,183,69,18,0,0,1
1,5,3,21,16.6,0,0,321,134,48,0,9195,0
1,4,2,11,18.7,0,0,84,69,18,0,0,0
0,4,2,11,4.6,0,0,183,69,116,0,0,1
1,1,1,8,26.8,0,0,420,134,18,0,4,0
0,2,2,24,19,0,0,321,134,778,0,0,1
1,4,2,11,14.2,0,0,74,69,18,0,0,0
1,4,2,11,7,0,0,183,69,18,0,0,1
1,4,2,11,15.9,0,0,84,69,18,0,0,0
0,10,2,26,3.1,0,0,51,88,489,0,0,1
1,4,2,11,12.1,0,0,183,69,18,0,0,0
1,4,2,11,24.5,0,0,183,69,18,0,0,0
1,4,2,11,21.7,0,0,73,69,18,0,0,1
1,10,2,25,9.5,0,0,72,88,18,0,0,0
1,4,1,11,9.2,0,0,183,134,18,0,30,0
1,5,1,16,74.3,0,0,79,82,18,0,60,0
1,4,2,12,10.7,0,0,183,69,18,0,61,0
0,4,2,12,13.6,0,0,183,69,18,0,61,1
1,2,2,39,3.4,0,0,420,134,528,0,57,0
1,4,1,11,4.6,0,0,183,134,18,0,30,0
1,4,1,11,5.7,0,0,183,134,18,0,30,0
1,10,2,25,7.9,0,0,54,88,92,0,0,1
1,4,2,11,8.9,0,0,80,69,18,0,0,0
1,1,1,7,11.1,0,0,173,134,53,0,0,0
1,4,2,11,15.1,0,0,74,69,18,0,0,0
1,4,2,12,3.4,0,0,183,69,18,0,62,1
1,4,2,11,10.3,0,0,55,69,18,0,0,0
1,1,1,7,20.1,1,1,0,147,134,366,0,1
0,4,2,12,1.1,0,0,183,69,18,0,61,1
0,1,1,14,8.9,0,0,261,153,0,0,0,1
1,3,3,62,30.9,2,2,321,134,1714,0,0,0
1,2,2,27,12.6,0,0,321,134,560,0,0,0
1,4,1,11,7.4,0,0,183,134,18,0,30,0
1,3,3,31,1.9,2,2,420,134,982,0,0,0
1,4,2,11,13.3,0,0,183,69,18,0,0,0
1,4,2,11,15.9,0,0,50,69,18,0,0,0
1,3,3,53,2.6,0,0,420,134,322,0,0,0
1,3,3,35,4.6,2,2,321,134,1726,0,0,0
1,4,1,11,7.8,0,0,183,134,18,0,30,0
0,4,1,49,2.4,0,0,50,134,62,0,0,1
1,4,2,12,21.7,1,1,0,183,69,181,0,1
1,5,3,18,9.4,2,2,420,134,1328,0,0,1
1,4,2,12,7.1,0,0,80,69,18,0,62,1
1,4,2,11,24.1,0,0,183,69,18,0,0,0
1,4,2,11,8.8,0,0,88,69,18,0,0,1
1,4,2,11,34.8,0,0,183,69,110,0,0,1
0,4,2,12,1.1,0,0,183,69,18,0,61,1
1,3,3,59,25.4,2,2,321,134,828,0,202,0
1,4,2,12,9.2,0,0,183,69,18,0,61,0
1,4,2,11,18.1,0,0,183,69,18,0,0,0
1,4,2,11,8.9,0,0,70,69,18,0,0,0
1,4,2,11,10.7,0,0,74,69,18,0,0,0
0,4,2,11,105.7,0,0,183,69,54,0,0,1
0,3,3,40,5.6,2,2,420,134,894,0,0,1
0,4,2,11,18.3,0,0,183,69,18,0,0,1
1,3,3,101,9.6,0,0,420,134,322,0,0,0
1,2,1,8,19.5,0,0,183,134,18,0,0,0
1,4,2,12,5,0,0,92,69,18,0,17,0
1,4,2,11,10.6,0,0,65,69,18,0,0,1
1,4,2,11,11.6,0,0,74,69,13597,0,0,1
1,1,1,19,7.8,0,0,337,153,77,0,0,0
1,1,1,7,18.9,0,0,170,134,53,0,0,0
1,1,1,6,9.3,0,0,293,134,0,0,0,1
1,2,1,8,26.9,0,0,183,134,18,0,0,0
1,4,2,10,8.6,0,0,86,69,0,0,0,1
1,4,1,10,10.8,0,0,74,134,62,0,0,1
1,10,2,25,2.5,0,0,80,88,18,0,0,1
1,1,1,7,3.3,0,0,249,134,53,0,0,0
0,4,2,12,12.3,0,0,183,69,18,0,61,1
1,10,2,26,4.9,0,0,87,88,18,0,62,1
1,5,3,21,2.5,0,0,321,134,2931,0,0,0
1,4,2,12,16.1,0,0,83,69,2931,0,0,0
1,4,2,11,17.2,0,0,56,69,18,0,0,0
1,4,1,10,3.7,0,0,58,134,1057,0,0,1
1,4,2,12,10.1,0,0,183,69,18,0,61,1
1,4,1,10,10.4,0,0,95,134,62,0,0,1
1,4,2,12,4.2,1,1,0,183,69,181,0,1
1,1,1,6,5.3,1,1,0,192,134,0,0,1
1,4,2,11,13.6,0,0,183,69,18,0,0,0
1,4,2,14,9.1,2,2,183,69,449,0,0,0
1,4,2,11,7.7,0,0,183,69,18,0,0,0
1,2,2,24,9.3,0,0,321,134,560,0,0,0
1,4,2,12,6.5,0,0,109,69,18,0,17,0
0,4,2,11,9.1,0,0,183,69,18,0,0,1
1,4,2,11,5.4,0,0,183,69,18,0,0,1
1,4,2,11,19.4,0,0,74,69,18,0,0,0
1,1,1,7,4.4,0,0,173,134,53,0,0,0
1,2,1,9,50.5,0,0,86,69,18,0,56,0
1,4,2,11,11,0,0,183,69,18,0,0,1
1,1,1,7,2.1,0,0,186,134,53,0,0,0
1,1,1,9,10.7,0,0,420,134,18,0,33,0
1,4,2,11,16.7,0,0,183,69,18,0,0,0
1,2,2,31,5.8,0,0,420,134,560,0,56,0
1,4,2,11,16.5,0,0,85,69,18,0,0,0
1,1,1,7,16.8,0,0,420,134,18,0,0,0
1,2,1,8,20.9,0,0,183,134,18,0,0,0
1,4,2,12,7.8,0,0,58,69,18,0,48,0
1,2,2,25,3.8,0,0,420,134,606,0,0,0
1,4,1,10,8.9,0,0,71,134,368,0,0,1
1,3,3,57,2.2,0,0,321,134,322,0,0,0
1,4,1,11,9,0,0,183,134,18,0,30,0
1,2,2,47,14.8,0,0,321,134,64,0,57,0
1,5,1,16,86.1,0,0,73,82,18,0,60,0
1,4,2,11,14.7,0,0,78,69,18,0,0,0
1,4,2,12,12,0,0,83,69,2931,0,0,0
1,2,2,42,15.3,0,0,420,134,396,0,57,0
1,4,2,11,4.9,0,0,183,69,18,0,0,1
1,10,2,25,9.8,0,0,58,88,74,0,0,1
0,0,0,2,31.2,0,0,0,0,0,0,0,1
1,1,1,9,15.5,0,0,420,134,18,0,33,1
1,1,1,14,2.9,0,0,420,134,64,0,0,0
0,2,2,15,172.3,0,0,321,134,0,0,0,1
1,5,3,22,5.6,0,0,321,134,18,0,1118,0
1,2,1,8,24,0,0,183,69,18,0,0,0
0,4,2,12,14.5,0,0,183,69,18,0,61,1
1,4,2,11,13.6,0,0,55,69,18,0,0,0
1,2,1,8,18.9,0,0,183,134,18,0,0,0
1,2,1,8,21.4,0,0,183,134,18,0,0,0
0,4,2,12,9.9,0,0,58,69,18,0,547,1
0,4,2,11,15.4,0,0,183,69,116,0,0,1
1,4,2,10,7.5,0,0,57,69,0,0,0,1
1,1,1,7,4,1,1,0,192,134,216,0,1
1,2,1,8,23.5,0,0,183,134,18,0,0,0
1,4,2,11,23.1,0,0,183,69,18,0,0,1
1,4,2,12,11.3,0,0,183,69,18,0,76,0
1,4,1,10,9.1,0,0,68,134,62,0,0,1
1,4,1,12,15.9,0,0,96,134,2413,0,0,1
1,4,2,11,20.1,0,0,68,69,18,0,0,0
1,4,1,11,4.5,0,0,183,134,18,0,30,0
0,3,3,40,3.7,2,2,420,134,894,0,0,1
1,1,1,7,7.1,0,0,420,134,53,0,0,0
1,4,2,11,2.8,0,0,75,69,18,0,0,1
1,4,1,10,8.8,0,0,82,134,62,0,0,1
1,4,1,11,7.7,0,0,183,134,18,0,30,0
1,4,2,11,14.5,0,0,183,69,18,0,0,0
1,1,1,7,4.6,0,0,171,134,53,0,0,0
1,4,2,11,12.4,0,0,69,69,18,0,0,0
1,5,3,24,21.8,0,0,321,134,48,0,190,0
0,4,2,12,3.1,0,0,183,69,18,0,62,1
1,4,2,11,13.2,0,0,67,69,18,0,0,1
1,4,1,11,8.4,0,0,183,134,18,0,30,0
1,2,1,8,27.6,0,0,183,134,18,0,0,0
1,4,2,11,10.6,0,0,75,69,18,0,0,0
1,2,2,31,10.4,0,0,321,134,560,0,0,0
1,2,2,44,6.6,0,0,321,134,602,0,0,0
1,1,1,7,17.2,0,0,210,134,53,0,0,0
1,4,2,11,15.6,0,0,86,69,18,0,0,0
1,3,3,30,6.4,0,0,321,134,330,0,0,0
1,4,2,11,13.6,0,0,183,69,18,0,0,0
1,4,1,11,3.6,0,0,183,134,18,0,30,0
1,4,2,12,5,0,0,90,69,18,0,17,0
1,1,1,7,6.3,0,0,200,134,53,0,0,0
1,4,2,11,8.6,0,0,81,69,18,0,0,0
1,5,3,22,6.3,0,0,321,134,34,0,3605,0
1,4,2,11,3.8,0,0,56,69,18,0,0,1
1,2,2,57,20.8,0,0,321,134,64,0,57,0
1,1,1,8,10.1,0,0,196,134,2950,0,0,0
1,4,1,11,8.6,0,0,183,134,18,0,30,0
1,4,1,10,11.7,0,0,98,134,62,0,0,1
1,4,2,12,16.1,0,0,183,69,18,0,61,1
1,3,3,27,0.6,0,0,420,134,0,0,0,1
1,2,2,28,17.6,0,0,321,134,688,0,0,0
1,4,1,10,8.6,0,0,72,134,368,0,0,1
1,4,2,11,7.7,0,0,90,69,18,0,0,1
0,5,3,18,16.1,2,2,420,134,2064,0,0,1
0,12,1,368,21.6,0,0,71,153,480,42,16146,1
1,1,1,15,12.8,0,0,274,153,72,0,0,0
0,1,1,6,2.1,0,0,167,134,0,0,0,1
1,4,2,11,12.7,0,0,76,69,18,0,0,0
1,4,1,10,6,0,0,67,134,62,0,0,1
1,10,2,25,7.3,0,0,67,88,18,0,0,0
0,1,1,6,2.6,0,0,175,134,0,0,0,1
1,4,2,11,17.8,0,0,183,69,18,0,0,0
1,2,1,8,18.9,0,0,64,69,18,0,0,0
1,5,3,17,19.3,0,2,420,134,1250,0,0,1
0,4,2,12,1.1,0,0,183,69,18,0,61,1
1,7,3,31,3,0,0,321,134,330,0,0,1
1,5,3,20,4.3,0,0,321,134,560,0,0,0
1,2,2,14,27.8,2,2,420,134,0,0,0,0
1,10,2,24,15.9,0,0,75,88,0,0,0,1
1,2,1,9,26.2,0,0,183,69,18,0,72,0
1,1,1,7,10.3,0,0,184,134,123,0,0,0
1,4,2,11,7.7,0,0,80,69,18,0,0,1
1,4,1,10,8.1,0,0,86,134,62,0,0,1
1,4,2,12,12.6,0,0,74,69,2931,0,0,0
1,4,2,11,9.5,0,0,59,69,18,0,0,0
0,1,1,6,1.6,0,0,164,134,0,0,0,1
1,6,4,26,10.5,0,0,321,134,0,0,0,1
1,1,1,19,4.7,0,0,232,153,77,0,0,0
1,4,1,10,9.2,0,0,73,134,62,0,0,1
1,1,1,9,9.3,0,0,420,134,18,0,33,0
1,1,1,7,5.9,0,0,202,134,53,0,0,0
0,4,2,12,12.5,0,0,183,69,18,0,61,1
1,4,2,11,16.3,0,0,183,69,18,0,0,0
1,4,2,12,12.1,0,0,86,69,18,0,40,0
1,2,2,49,11,0,0,420,134,560,0,56,0
1,4,2,11,12.2,0,0,183,69,18,0,0,0
1,4,2,12,5.9,0,0,183,69,18,0,61,1
1,2,2,24,12.6,0,0,321,134,528,0,57,0
1,4,2,12,25,0,0,183,69,18,0,61,1
1,2,1,8,23.3,0,0,183,134,18,0,0,0
1,4,2,11,5.6,0,0,183,69,116,0,0,1
0,1,1,6,8.5,0,0,199,134,0,0,0,1
1,4,2,12,6.5,2,2,65,69,413,0,0,1
1,4,1,10,15.4,0,0,87,134,146,0,0,1
1,4,2,12,5.7,0,0,183,69,18,0,61,1
1,10,2,25,12.8,0,0,71,88,18,0,0,1
1,4,1,11,5.4,0,0,183,134,18,0,30,0
1,2,1,9,53.9,0,0,75,69,18,0,56,0
1,4,2,11,159.5,0,0,183,69,18,0,0,1
1,4,1,11,3,0,0,183,134,18,0,30,0
1,3,3,29,1.9,0,0,420,134,330,0,0,1
1,4,2,12,4.2,0,0,77,69,2931,0,0,1
1,4,1,10,19.5,0,0,81,134,256,0,0,1
1,1,1,7,13.2,0,0,198,134,53,0,0,0
1,2,1,8,22.6,0,0,183,134,18,0,0,0
1,4,1,11,4.2,0,0,183,134,18,0,30,0
1,4,1,11,4.4,0,0,183,134,18,0,30,0
1,5,1,16,77.2,0,0,81,82,18,0,60,0
1,2,1,8,16.7,0,0,183,134,18,0,0,0
1,1,1,7,15.1,0,0,225,134,53,0,0,1
1,2,1,8,21.6,0,0,183,134,18,0,0,0
1,4,2,11,7.6,0,0,183,69,18,0,0,1
1,4,1,10,10.8,0,0,61,134,62,0,0,1
1,4,2,13,10.6,0,0,88,69,18,0,2953,0
1,1,1,15,9.5,0,0,205,153,72,0,0,0
1,4,2,11,10.9,0,0,183,69,18,0,0,0
1,4,2,12,10.7,0,0,183,69,18,0,61,0
1,1,1,6,14.4,1,1,0,158,134,0,0,1
1,4,2,13,2.5,1,1,0,183,69,1835,0,1
1,4,2,12,4.7,0,0,183,69,18,0,61,1
1,4,1,10,53.7,0,0,70,134,18,0,0,1
1,4,2,11,16.1,0,0,74,69,18,0,0,0
1,4,1,10,3.3,0,0,64,134,62,0,0,1
1,4,2,11,7.3,0,0,62,69,18,0,0,1
1,3,3,34,6.7,0,0,321,134,322,0,0,0
1,4,2,12,9.8,0,0,78,69,18,0,70,1
1,4,2,11,9.8,0,0,65,69,18,0,0,1
1,1,1,8,10.5,0,0,420,134,2931,0,0,1
1,1,1,19,3,0,0,250,153,77,0,0,1
1,4,2,11,7.3,0,0,183,69,18,0,0,0
1,4,1,11,6.8,0,0,183,134,18,0,30,0
1,2,2,30,6.3,0,0,420,134,528,0,57,0
1,1,1,7,4.1,0,0,175,134,53,0,0,0
1,2,2,47,22.1,0,0,420,134,560,0,0,0
1,4,1,10,9.6,0,0,80,134,146,0,0,1
1,4,2,11,11.1,0,0,77,69,18,0,0,0
1,4,2,11,20.4,0,0,183,69,18,0,0,0
1,4,2,11,12.7,0,0,75,69,18,0,0,0
0,4,2,12,1.1,0,0,183,69,18,0,61,1
1,4,2,11,24,0,0,183,69,18,0,0,0
0,9,7,172,15.2,2,2,420,199,0,775,1244,1
1,3,3,48,2.6,2,2,420,134,810,0,0,0
1,4,2,11,12.7,0,0,183,69,18,0,0,0
0,4,2,11,5.2,0,0,183,69,116,0,0,1
1,1,1,7,11.6,0,0,192,134,53,0,0,0
1,1,1,19,5.8,0,0,337,153,77,0,0,0
1,10,2,25,31.9,0,0,64,88,18,0,0,1
1,4,2,11,13.6,0,0,73,69,18,0,0,0
1,1,1,27,6.1,0,0,236,134,0,0,0,1
0,4,2,12,14.2,0,0,183,69,18,0,61,1
0,3,3,19,10.4,2,2,420,134,0,0,0,1
1,1,1,19,2.7,1,1,0,173,153,240,0,1
1,2,2,20,4.6,0,0,321,134,260,0,57,0
1,1,1,9,10.4,0,0,420,134,18,0,33,0
1,1,1,7,21.4,0,0,174,134,53,0,0,0
0,4,2,11,7.5,2,2,183,69,3608,0,0,1
1,1,1,6,20.5,0,0,211,134,0,0,0,1
1,4,2,11,14.9,0,0,59,69,18,0,0,0
1,4,2,13,2.2,0,0,183,69,31,0,22,1
0,10,2,32,6.9,0,0,67,88,489,0,559,1
1,4,2,11,14.8,0,0,81,69,18,0,0,0
0,7,1,355,0.5,0,0,69,134,480,42,16146,1
1,4,2,11,12.6,0,0,183,69,18,0,0,0
1,4,2,12,16,0,0,183,69,18,0,61,1
1,5,1,16,83.4,0,0,78,82,18,0,60,0
1,4,2,11,16,0,0,183,69,18,0,0,0
1,3,3,35,5,2,2,321,134,1634,0,0,0
1,4,2,12,11.1,0,0,183,69,18,0,61,0
1,2,2,26,9,0,0,420,134,396,0,57,0
1,6,4,29,10.9,0,0,321,134,1400,0,0,1
1,5,3,23,4,0,0,321,134,18,0,4193,0
1,1,1,7,9.2,0,0,168,134,53,0,0,0
1,1,1,7,15.8,0,0,174,134,53,0,0,0
1,1,1,7,3.5,0,0,420,134,53,0,0,0
1,4,1,11,4.6,0,0,183,134,18,0,30,0
1,4,2,12,11.9,0,0,183,69,18,0,61,1
1,4,2,11,13.6,0,0,183,69,18,0,0,0
1,2,2,45,19,0,0,321,134,428,0,56,0
1,4,2,12,15.8,0,0,183,69,18,0,61,1
1,4,2,11,13.1,0,0,183,69,18,0,0,0
0,4,7,264,7.3,0,0,183,80,6592,4329,1745,1
1,12,4,42,2.5,2,2,321,134,1114,0,0,1
1,4,2,11,22,0,0,79,69,18,0,0,0
1,4,2,11,14.5,0,0,49,69,18,0,0,0
1,4,2,11,10,0,0,55,69,18,0,0,0
1,10,2,25,8,0,0,68,88,84,0,0,1
1,4,2,12,7.2,1,1,0,183,69,181,0,1
0,1,1,19,11.8,0,0,177,153,77,0,0,1
1,5,3,17,2.8,0,0,420,134,1308,0,0,1
1,5,3,21,3.7,2,2,321,134,48,0,14444,0
1,1,1,6,5.7,0,0,202,134,0,0,0,1
1,5,3,20,3.8,0,0,321,134,560,0,0,0
0,4,2,12,13.1,0,0,183,69,18,0,61,1
1,4,1,10,8.1,0,0,77,134,62,0,0,1
1,4,2,12,10,0,0,70,69,18,0,815,1
1,4,1,10,12.4,0,0,73,134,116,0,0,1
0,4,2,11,24.8,0,0,183,69,116,0,0,1
1,4,1,10,10.7,0,0,62,134,62,0,0,1
1,4,2,11,15.1,0,0,183,69,18,0,0,0
1,4,1,10,4.2,0,0,58,134,18,0,0,1
1,4,2,11,12.6,0,0,183,69,18,0,0,0
1,4,2,12,4.8,0,0,65,69,18,0,374,0
1,4,2,11,8,0,0,70,69,18,0,0,0
0,4,2,11,6.1,2,2,183,69,2348,0,0,1
1,1,1,7,29.4,0,0,162,134,53,0,0,0
1,4,2,12,20.7,0,0,183,69,697,0,0,1
0,10,2,26,3.2,0,0,46,88,489,0,0,1
1,4,2,11,18.9,0,0,80,69,18,0,0,0
1,3,3,48,3.8,0,0,420,134,0,0,0,1
1,10,2,25,31.2,0,0,68,88,18,0,0,1
1,4,1,10,5.5,0,0,64,134,18,0,0,1
1,2,1,8,19.4,0,0,65,69,18,0,0,0
0,4,2,12,1,0,0,183,69,18,0,61,1
1,4,2,11,5.1,0,0,183,69,18,0,0,0
1,4,2,12,10.9,0,0,183,69,18,0,61,0
1,4,2,11,16,0,0,79,69,18,0,0,0
1,4,2,11,14.9,0,0,81,69,18,0,0,0
1,5,3,21,24.1,0,0,321,134,48,0,9233,0
1,3,3,44,10.8,0,0,321,134,0,0,0,1
1,4,1,10,4.7,0,0,61,134,62,0,0,1
1,2,1,8,23.7,0,0,183,69,18,0,0,0
1,4,2,11,38.7,0,0,183,69,18,0,0,0
0,4,2,12,5.5,0,0,183,69,18,0,61,1
1,4,2,11,26.5,0,0,89,69,18,0,0,0
1,4,1,10,3.7,0,0,53,134,62,0,0,1
1,4,2,11,24.1,0,0,183,69,18,0,0,0
1,4,2,11,17.6,0,0,183,69,18,0,0,0
1,4,2,11,12.5,0,0,183,69,18,0,0,0
0,4,2,12,1.1,0,0,183,69,18,0,61,1
1,1,1,8,9,0,0,420,134,18,0,14,0
1,4,2,11,10.2,0,0,58,69,18,0,0,0
1,4,1,11,7.4,0,0,183,134,18,0,30,0
1,4,2,11,15,0,0,83,69,18,0,0,0
1,4,1,12,12.7,0,0,73,134,2359,0,0,1
1,4,1,11,4.7,0,0,183,134,18,0,30,0
1,4,2,11,15.7,0,0,183,69,18,0,0,0
0,7,1,355,2.1,0,0,69,134,480,42,16146,1
1,1,1,8,7.3,0,0,420,134,18,0,14,0
1,2,2,53,27.5,0,0,321,134,64,0,57,0
1,4,2,11,27.2,1,1,0,183,69,181,0,1
1,1,1,7,23.2,0,0,213,134,53,0,0,1
1,4,2,12,18,0,0,59,69,18,0,48,0
1,4,1,11,4.3,0,0,183,134,18,0,30,0
1,4,2,11,3.2,0,0,183,69,18,0,0,0
1,4,2,11,13.9,0,0,183,69,18,0,0,0
1,1,1,7,12.6,0,0,420,134,53,0,0,0
1,4,2,12,14.6,0,0,183,69,18,0,61,1
1,4,2,11,10.4,0,0,183,69,18,0,0,0
1,4,2,11,13.2,0,0,59,69,370,0,0,1
1,4,1,10,3.8,0,0,49,134,62,0,0,1
1,1,1,7,12.6,0,0,149,134,53,0,0,0
1,10,2,25,7.4,2,2,76,88,1314,0,0,1
1,2,2,29,7.9,0,0,420,134,880,0,0,0
1,4,1,11,4.1,0,0,183,134,18,0,30,0
1,4,2,11,18.5,0,0,183,69,18,0,0,0
0,4,2,12,11.8,0,0,183,69,18,0,61,1
1,4,2,11,18.1,0,0,49,69,18,0,0,0
1,4,2,11,5.6,1,1,0,183,69,181,0,1
0,3,3,41,5,2,2,420,134,894,0,0,1
1,1,1,6,12.3,0,0,91,134,0,0,0,1
1,10,2,25,58.7,0,0,44,88,44,0,0,1
1,2,2,12,7.3,2,2,420,134,0,0,0,0
0,4,2,12,12.7,0,0,183,69,18,0,61,1
1,10,2,25,17.2,0,0,66,88,18,0,0,1
1,1,1,7,8,0,0,134,134,53,0,0,0
1,2,2,27,6.1,0,0,420,134,428,0,0,0
1,1,1,6,4.5,0,0,212,134,0,0,0,1
1,4,1,10,7.7,0,0,55,134,146,0,0,1
0,1,1,6,6.3,0,0,205,134,0,0,0,1
1,4,2,11,15.4,0,0,81,69,18,0,0,0
1,3,3,27,0.5,0,0,420,134,0,0,0,1
1,1,1,8,25.7,0,0,420,134,18,0,42,0
1,1,1,61,11.7,0,0,420,134,510,0,0,0
1,2,2,89,19.3,0,0,321,134,390,0,57,0
1,3,3,31,0.1,0,0,321,153,0,0,0,1
1,10,2,25,15.8,0,0,65,88,18,0,0,1
1,1,1,7,6.9,0,0,159,134,53,0,0,1
1,4,2,11,26.7,0,0,83,69,18,0,0,0
1,5,3,21,5,0,0,321,134,48,0,29266,0
1,10,2,26,2.2,0,0,85,88,18,0,62,1
1,10,2,25,15,0,0,52,88,18,0,0,1
1,4,2,11,11.2,0,0,183,69,18,0,0,0
1,3,3,35,1.9,2,2,321,153,828,0,202,0
1,4,2,11,16.1,0,0,183,69,18,0,0,0
1,1,1,8,34.1,0,0,420,134,18,0,33,0
0,4,2,12,1.1,0,0,183,69,18,0,61,1
1,3,3,47,1.7,2,2,420,134,810,0,0,0
1,4,2,11,20.8,0,0,183,69,18,0,0,0
1,5,3,21,24.1,0,0,321,134,48,0,9195,0
1,4,2,11,22.8,0,0,183,69,18,0,0,0
1,5,3,17,3.7,0,0,420,134,458,0,0,1
0,4,2,12,24.9,0,0,183,69,18,0,61,1
1,4,2,13,12.2,0,0,79,69,18,0,3004,1
1,4,1,12,15.5,0,0,89,134,2689,0,0,1
1,3,3,30,6.3,0,0,321,153,0,0,0,1
1,5,1,16,87.5,0,0,79,82,18,0,60,0
1,4,2,11,9.4,0,0,183,69,18,0,0,0
0,4,2,12,1.1,0,0,183,69,18,0,61,1
0,56,63,1186,0,0,0,16578,14146,11950,25832,17139,1
1,1,1,7,6.4,0,0,168,134,53,0,0,0
0,4,2,12,1.1,0,0,183,69,18,0,61,1
1,4,2,11,18.9,0,0,78,69,18,0,0,0
0,1,1,7,8,0,0,150,134,53,0,0,1
1,4,2,11,3.8,0,0,69,69,18,0,0,0
1,4,2,11,19.5,0,0,183,69,18,0,0,1
1,8,2,21,7.9,0,0,60,88,18,0,0,1
1,3,3,37,8.9,0,0,321,134,710,0,0,0
1,5,1,16,58.3,0,0,80,82,18,0,60,0
1,4,1,11,6.5,0,0,183,134,18,0,30,0
1,5,1,16,82.3,0,0,76,82,18,0,60,0
1,4,2,11,16.4,0,0,51,69,18,0,0,0
1,4,2,12,10.6,0,0,77,69,2931,0,0,0
0,4,2,12,5.7,2,2,183,69,1626,0,950,1
0,4,2,12,13.3,0,0,183,69,18,0,61,1
1,4,2,12,26.2,0,0,62,69,18,0,25,0
1,2,2,15,7,2,2,420,134,18,0,14,0
0,4,2,12,1,0,0,183,69,18,0,61,1
1,10,2,25,14.8,0,0,56,88,18,0,0,1
1,4,2,11,12.1,0,0,183,69,18,0,0,0
1,1,1,19,5.3,0,0,256,153,111,0,0,0
1,1,1,6,31.2,0,0,223,134,0,0,0,1
1,1,1,7,10.9,0,0,189,134,53,0,0,0
1,1,1,7,14.6,0,0,420,69,0,0,18,1
0,4,2,12,1.1,0,0,183,69,18,0,61,1
1,4,2,11,18.8,0,0,183,69,18,0,0,1
1,4,2,11,13.7,0,0,91,69,18,0,0,0
1,4,2,12,10.5,0,0,183,69,18,0,61,1
1,10,2,25,20.3,0,0,53,88,18,0,0,1
1,1,1,6,5.2,0,0,163,134,0,0,0,1
1,4,2,11,13.4,0,0,183,69,18,0,0,0
0,1,1,6,0,0,0,76,134,0,0,0,1
1,3,3,53,4.5,1,1,0,321,134,0,0,1
1,4,2,11,11.7,0,0,78,69,18,0,0,0
1,4,2,11,12.2,0,0,78,69,18,0,0,0
1,3,3,94,39.6,2,2,321,134,1742,0,0,0
1,4,2,11,11.9,0,0,183,69,18,0,0,0
1,4,2,12,12.1,0,0,183,69,18,0,61,1
1,4,1,10,28.5,0,0,74,134,134,0,0,1
1,4,2,12,15.8,0,0,83,69,2931,0,0,0
1,4,1,11,10.1,0,0,183,134,18,0,30,0
1,4,2,11,12.2,0,0,65,69,18,0,0,1
1,2,2,22,7.4,0,0,321,153,428,0,0,0
1,5,3,19,6.9,0,0,321,134,418,0,0,1
1,4,2,11,16,0,0,82,69,18,0,0,0
0,4,2,12,1.1,0,0,183,69,18,0,61,1
1,3,3,38,5.3,2,2,321,134,1726,0,0,0
1,2,2,23,21.4,0,0,420,134,396,0,57,0
1,4,2,11,17.5,0,0,89,69,18,0,0,0
1,10,2,25,22.2,0,0,52,88,18,0,0,1
1,4,1,11,7.6,0,0,183,134,18,0,30,0
1,1,1,7,13.4,0,0,155,134,53,0,0,0
1,1,1,19,8.2,0,0,235,153,77,0,0,0
1,2,2,100,5.9,0,0,420,134,564,0,57,0
1,5,3,22,12.5,1,1,0,321,134,293,0,1
1,10,2,26,0.4,0,0,46,88,2931,0,0,1
1,4,2,11,12.7,0,0,85,69,18,0,0,0
1,3,3,31,1.9,0,0,420,134,330,0,0,0
1,1,1,8,15.7,0,0,420,134,18,0,33,0
1,11,3,33,32.1,0,0,321,134,2354,0,0,1
1,2,1,9,50,0,0,91,69,18,0,56,0
1,4,2,12,7,0,0,183,69,18,0,61,1
0,4,2,11,14.2,0,0,183,69,18,0,0,1
1,5,3,24,33.1,0,0,321,134,48,0,190,0
1,4,2,12,5.7,0,0,83,69,18,0,40,1
1,2,2,69,13.1,0,0,420,134,428,0,56,0
1,2,1,8,19,0,0,183,134,18,0,0,0
1,4,2,12,6.2,0,0,183,69,18,0,61,1
1,5,1,16,80.6,0,0,81,82,18,0,60,0
1,2,1,8,18.9,0,0,183,134,18,0,0,0
1,4,2,11,9.7,0,0,77,69,18,0,0,0
1,4,2,11,10.8,0,0,183,69,18,0,0,0
1,5,3,24,21.9,0,0,321,134,48,0,190,0
1,2,2,13,12.5,0,0,420,134,352,0,0,0
1,1,1,8,5.5,0,0,420,134,18,0,14,0
0,14,7,992,0.1,0,0,9162,2132,9670,4396,5500,1
1,4,2,11,10.1,0,0,87,69,18,0,0,0
0,4,2,11,8.4,0,0,183,69,116,0,0,1
1,4,1,11,6.9,0,0,183,134,18,0,30,0
1,4,1,11,9.2,0,0,183,134,18,0,30,0
1,1,1,7,9.3,0,0,153,134,53,0,0,0
1,10,2,25,19.5,2,2,69,88,542,0,0,1
1,2,1,9,48.8,0,0,87,69,18,0,56,0
1,4,2,12,10.5,0,0,183,69,18,0,61,0
0,4,2,12,1,0,0,183,69,18,0,61,1
1,4,2,11,11,0,0,71,69,18,0,0,1
1,3,3,27,0.5,0,0,420,134,0,0,0,1
1,1,1,7,10.5,0,0,200,134,53,0,0,0
1,5,3,21,5,0,0,321,134,48,0,16692,0
1,3,3,44,2.9,2,2,420,134,0,0,0,1
1,4,2,11,11.2,0,0,183,69,116,0,0,1
1,4,2,11,14.3,0,0,183,69,18,0,0,0
1,4,2,12,9.7,1,1,0,183,69,181,0,1
1,1,1,8,12.6,0,0,212,69,18,0,25,0
1,1,1,8,15.8,0,0,420,134,18,0,33,0
1,1,1,19,6.4,0,0,177,153,77,0,0,1
0,3,3,25,2.4,0,0,420,134,0,0,0,1
1,2,1,8,24.2,0,0,183,134,18,0,0,0
1,4,2,11,4.7,0,0,183,69,18,0,0,1
1,1,1,15,9.8,0,0,261,153,642,0,0,0
1,4,2,11,9.3,0,0,69,69,857,0,0,1
1,2,2,29,4.9,0,0,420,134,64,0,0,1
1,2,2,100,3.4,0,0,420,134,564,0,57,0
0,1,1,19,13,0,0,257,153,77,0,0,1
1,1,1,8,32.1,0,0,147,134,53,0,51,1
1,4,2,11,3.7,0,0,77,69,18,0,0,0
1,5,3,26,1.7,2,2,420,134,1235,0,13159,1
1,4,2,11,16.6,1,1,0,183,69,181,0,1
1,5,1,16,64.2,0,0,77,82,18,0,60,0
1,4,2,11,13.9,0,0,75,69,18,0,0,0
0,1,1,6,8.8,0,0,203,134,0,0,0,1
1,3,3,46,1.5,2,2,420,134,810,0,0,0
0,1,1,11,6.4,0,0,321,134,344,0,0,1
1,10,2,26,5.5,0,0,96,88,2931,0,0,1
1,4,2,12,19.7,0,0,103,69,18,0,52,0
1,3,3,71,10.7,2,2,420,199,1372,0,0,0
0,1,1,6,8,0,0,208,134,0,0,0,1
1,1,1,7,7.3,0,0,420,134,18,0,0,1
0,3,3,40,3.9,0,0,420,134,330,0,0,1
1,4,2,12,9.7,0,0,183,69,18,0,61,1
1,2,2,31,21.6,0,0,321,134,64,0,57,0
1,4,2,11,7.6,0,0,76,69,116,0,0,1
1,4,1,11,6,0,0,183,134,18,0,30,0
0,21,23,451,0.2,0,0,224,72,357,32,77,1
1,4,2,11,16.9,0,0,183,69,18,0,0,0
1,4,1,10,14.9,0,0,80,134,62,0,0,1
1,1,1,7,9.8,0,0,222,134,53,0,0,0
0,1,1,7,4.3,0,0,230,134,132,0,0,1
1,1,1,7,6,1,1,0,216,134,216,0,1
1,4,1,10,12.9,0,0,63,134,18,0,0,1
1,10,2,25,2.6,0,0,71,88,18,0,0,1
1,2,1,8,20,0,0,183,134,18,0,0,0
1,9,5,35,7,2,2,420,134,716,0,1358,1
1,1,1,8,11.2,0,0,420,134,18,0,33,0
0,4,2,11,5.7,2,2,183,69,2648,0,0,1
0,1,1,6,9.4,0,0,203,134,0,0,0,1
1,1,1,7,13.3,0,0,153,134,53,0,0,0
1,4,1,10,8.6,0,0,69,134,640,0,0,1
1,2,1,8,7.3,0,0,89,69,18,0,0,0
1,4,2,11,14.7,0,0,183,69,18,0,0,0
1,4,2,13,3.5,0,0,93,69,2931,0,47,1
1,4,2,13,2.1,0,0,183,69,31,0,22,1
1,1,1,19,7.3,0,0,230,153,77,0,0,0
1,4,2,11,11.7,0,0,183,69,18,0,0,0
1,2,2,24,9.4,0,0,321,134,644,0,0,0
1,4,1,10,4.5,0,0,71,134,148,0,0,1
1,4,2,11,14.5,0,0,86,69,18,0,0,0
0,3,3,40,2.9,2,2,420,134,918,0,0,1
1,3,3,129,3.2,0,0,420,134,322,0,0,0
1,5,1,16,83.4,0,0,79,82,18,0,60,0
1,1,1,61,10.8,0,0,420,134,510,0,0,0
1,1,1,7,14.9,0,0,189,134,53,0,0,0
1,4,1,11,6.3,0,0,183,134,18,0,30,0
1,4,2,11,16.9,0,0,183,69,18,0,0,0
1,3,3,32,3.1,0,0,420,134,330,0,0,0
1,4,2,11,11.5,0,0,183,69,18,0,0,0
0,4,2,12,1.1,0,0,183,69,18,0,61,1
1,4,2,11,14.7,0,0,51,69,18,0,0,0
1,1,1,15,7,0,0,191,153,72,0,0,1
0,13,4,427,1.7,0,0,321,134,2382,0,1625,1
1,5,3,19,1,2,2,321,134,1002,0,0,1
1,4,2,11,13.5,0,0,94,69,18,0,0,0
1,1,1,7,10.1,0,0,136,134,53,0,0,0
1,4,1,10,8.1,0,0,84,134,62,0,0,1
0,1,1,52,2.9,0,0,185,134,1457,909,7481,1
0,4,2,12,1.1,0,0,183,69,18,0,61,1
0,4,2,12,1.1,0,0,183,69,18,0,61,1
1,1,1,7,36.5,0,0,89,134,53,0,0,1
1,5,1,16,81.5,0,0,79,82,18,0,60,0
1,2,2,14,13.9,2,2,420,199,0,0,0,0
1,1,1,19,7.2,0,0,243,153,77,0,0,0
1,4,2,11,21.8,0,0,78,69,18,0,0,0
1,4,2,11,18.1,0,0,183,69,18,0,0,0
1,4,2,11,15,0,0,183,69,18,0,0,0
1,4,2,12,2.6,0,0,183,69,7239,0,0,1
1,3,3,30,2.5,0,0,321,153,322,0,0,0
1,4,2,11,10.9,0,0,57,69,18,0,0,0
1,4,1,10,4.2,0,0,60,134,62,0,0,1
1,2,2,22,17,0,0,321,134,762,0,0,0
1,1,1,7,11.2,0,0,203,134,53,0,0,0
1,4,2,15,1.2,0,0,183,69,3007,0,0,1
1,4,2,11,7.2,0,0,81,69,18,0,0,0
1,2,1,8,18.1,0,0,183,134,18,0,0,0
1,4,2,11,16.4,0,0,73,69,18,0,0,0
1,10,2,25,5.1,0,0,60,88,18,0,0,1
1,4,2,11,15.1,0,0,79,69,18,0,0,0
0,4,2,11,13.8,0,0,183,69,18,0,0,1
1,4,2,11,6.8,0,0,60,69,18,0,0,1
1,4,2,11,14.7,0,0,183,69,18,0,0,0
1,1,1,7,3.9,0,0,175,134,53,0,0,0
1,2,2,37,11.6,0,0,420,134,560,0,56,0
1,4,1,10,11.7,0,0,81,134,62,0,0,1
1,4,1,10,3.6,0,0,60,134,368,0,0,1
1,4,2,11,11,0,0,183,69,95,0,0,0
1,4,2,11,10.6,0,0,183,69,18,0,0,0
1,4,2,11,9.9,0,0,183,69,18,0,0,1
1,1,1,25,4,0,0,420,134,476,0,0,0
1,4,2,11,188.7,0,0,68,69,18,0,0,0
1,4,2,12,2.5,0,0,183,69,18,0,61,1
1,4,2,11,15.4,0,0,183,69,18,0,0,0
0,4,2,12,1.1,0,0,183,69,18,0,61,1
1,2,1,8,18.9,0,0,113,134,18,0,0,0
1,5,1,16,87.2,0,0,76,82,18,0,60,0
0,1,1,14,9.7,0,0,264,153,0,0,0,1
1,4,2,13,12.8,0,0,65,69,18,0,3002,1
1,10,2,25,9.3,0,0,87,88,18,0,0,0
1,2,2,12,14.9,2,2,420,199,0,0,0,0
1,3,3,27,1.7,0,0,321,153,0,0,0,1
1,4,2,12,12,0,0,183,69,18,0,61,1
1,4,2,11,9,0,0,55,69,18,0,0,0
0,4,2,11,18.4,2,2,183,69,2348,0,0,1
1,4,1,10,7.1,0,0,77,134,62,0,0,1
0,15,18,449,5.3,0,0,9906,11234,6592,14932,7223,1
0,4,2,12,1,0,0,183,69,18,0,61,1
1,3,3,31,1.8,0,0,420,134,330,0,0,0
1,4,2,11,13.5,0,0,77,69,18,0,0,0
1,2,2,66,2.4,0,0,420,134,602,0,56,0
1,5,1,16,51.6,0,0,81,82,18,0,60,0
1,1,1,6,9.8,0,0,190,134,0,0,0,1
1,1,1,7,6.9,0,0,252,134,53,0,0,0
1,4,2,11,9.6,0,0,183,69,54,0,0,0
1,5,3,23,23.6,0,0,321,134,48,0,2204,0
0,4,2,11,6.5,2,2,183,69,2348,0,0,1
1,4,2,12,6.3,0,0,105,69,18,0,17,0
1,4,2,12,9.2,0,0,183,69,18,0,61,0
1,4,2,11,16.1,0,0,82,69,18,0,0,0
0,5,3,140,2.2,0,0,27180,4529,3684,0,4,1
1,1,1,7,7.9,1,1,0,420,134,216,0,1
1,2,1,8,33.5,0,0,183,134,18,0,0,0
1,4,2,11,25.1,0,0,183,69,42,0,0,1
1,4,2,11,9,0,0,183,69,18,0,0,0
1,1,1,27,14.6,0,0,420,134,0,0,0,1
1,1,1,6,6.4,0,0,180,134,0,0,0,1
1,5,3,21,4.1,2,2,321,134,48,0,16344,0
1,4,1,10,1.9,0,0,52,134,162,0,0,1
1,1,1,19,0.5,0,0,140,153,77,0,0,1
1,4,1,10,9.3,0,0,82,134,368,0,0,1
0,4,2,12,5,0,0,183,69,18,0,61,1
1,3,3,63,4.8,0,0,420,134,330,0,0,0
1,4,2,11,12.7,0,0,183,69,18,0,0,0
1,3,3,27,0.3,0,0,420,134,0,0,0,1
1,11,2,26,5.9,0,0,43,88,176,0,0,1
1,4,2,12,6.7,0,0,108,69,18,0,17,0
1,1,1,6,7.9,0,0,183,134,0,0,0,1
1,12,4,44,1.1,0,0,321,134,334,0,0,1
1,4,2,12,11.3,0,0,183,69,18,0,61,0
1,4,2,11,21.6,0,0,52,69,18,0,0,0
1,3,3,33,4,1,1,0,420,134,0,0,1
1,4,2,12,9.2,0,0,183,69,18,0,61,1
1,4,2,11,18.9,0,0,183,69,18,0,0,1
1,1,1,7,17.8,0,0,188,134,53,0,0,0
1,4,2,11,1.7,0,0,183,69,18,0,0,0
1,4,2,11,21.5,0,0,183,69,18,0,0,0
1,10,2,25,13.6,0,0,42,88,18,0,0,1
1,1,1,6,10,0,0,183,134,0,0,0,1
1,4,2,11,19.8,0,0,183,69,18,0,0,0
0,4,2,12,29.7,0,0,183,69,18,0,61,1
1,2,1,8,19.8,0,0,183,134,18,0,0,0
1,5,1,16,54.4,0,0,82,82,18,0,60,0
1,4,1,11,6.2,0,0,183,134,18,0,30,0
1,3,3,34,2.2,0,0,321,153,418,0,0,0
1,4,2,12,6.2,0,0,108,69,18,0,17,0
1,4,1,11,5,0,0,183,134,18,0,30,0
1,4,2,11,40.8,0,0,62,69,18,0,0,1
1,10,2,25,12.1,0,0,54,88,18,0,0,1
1,4,2,11,18,0,0,84,69,18,0,0,0
0,1,1,7,5.7,0,0,214,134,53,0,0,1
1,4,2,12,3.6,0,0,183,69,18,0,62,1
1,4,2,11,21.1,0,0,86,69,18,0,0,0
1,2,1,8,22.1,0,0,183,134,18,0,0,0
1,4,2,11,45.8,0,0,56,69,18,0,0,1
1,8,4,23,8.9,0,0,183,69,302,0,0,1
1,2,1,8,25.5,0,0,183,134,18,0,0,0
1,4,2,11,9.7,0,0,76,69,18,0,0,0
1,1,1,7,7.1,1,1,0,420,134,216,0,1
1,4,2,11,11.3,0,0,183,69,18,0,0,0
1,4,1,11,6.8,0,0,183,134,18,0,30,0
1,3,3,18,6.6,2,2,420,134,0,0,0,0
0,4,2,12,2.2,0,0,183,69,18,0,62,1
1,4,2,12,7.6,0,0,183,69,18,0,61,0
1,5,3,17,30.5,1,1,0,420,134,5023,0,1
1,4,2,11,5.8,0,0,64,69,18,0,0,1
1,5,3,23,22,0,0,321,134,48,0,2204,0
1,4,2,11,13.1,0,0,53,69,18,0,0,0
1,9,5,35,7,2,2,420,134,716,0,1358,1
1,4,2,11,15.6,0,0,183,69,78,0,0,1
1,2,1,8,22.3,0,0,183,69,18,0,0,0
1,10,2,25,1.1,0,0,32,88,18,0,0,1
1,4,2,11,16.7,0,0,183,69,18,0,0,0
1,2,1,9,26.9,0,0,183,69,18,0,72,0
1,1,1,7,10.7,0,0,197,134,53,0,0,0
1,4,2,11,15.3,0,0,58,69,18,0,0,0
1,4,1,11,4.4,0,0,183,134,18,0,30,0
1,5,1,16,77.3,0,0,75,82,18,0,60,0
1,4,2,12,10.1,0,0,82,69,2931,0,0,0
1,5,1,16,63.8,0,0,78,82,18,0,60,0
1,4,2,11,13.2,0,0,81,69,3200,0,0,1
1,1,1,15,32.3,0,0,205,153,72,0,0,0
1,4,1,10,16.3,0,0,91,134,116,0,0,1
1,4,2,11,15.8,0,0,183,69,18,0,0,0
1,2,2,23,16.2,0,0,321,153,260,0,76,0
1,4,2,11,56.8,0,0,79,69,18,0,0,0
1,4,2,11,21.4,0,0,183,69,18,0,0,0
1,3,3,36,4.6,0,0,420,134,330,0,0,0
1,4,2,11,22.2,0,0,183,69,18,0,0,0
1,3,3,33,3,0,0,420,134,338,0,0,0
1,4,2,10,9.7,0,0,60,69,0,0,0,1
1,1,1,8,12.9,0,0,196,134,2950,0,0,0
0,3,3,43,18.3,0,0,420,134,322,0,0,1
1,4,1,10,5.8,0,0,63,134,62,0,0,1
1,1,1,7,136.3,0,0,120,134,18,0,0,1
1,1,1,6,4.2,0,0,151,134,0,0,0,1
1,4,2,12,6.8,0,0,107,69,18,0,17,0
0,4,2,12,1.9,0,0,183,69,18,0,62,1
1,2,1,8,20.9,0,0,183,134,18,0,0,0
1,6,4,30,0.8,0,0,321,134,1456,0,193,1
1,7,1,18,13.2,0,0,52,153,18,0,0,1
1,4,2,11,7.8,0,0,183,69,18,0,0,0
1,1,1,7,10.8,0,0,179,134,53,0,0,0
1,2,1,9,28.6,0,0,183,69,18,0,72,0
1,3,3,45,9,0,0,321,134,322,0,0,0
1,1,1,6,10.2,0,0,170,134,0,0,0,1
1,2,1,8,23.9,0,0,183,134,18,0,0,0
1,4,2,11,19.6,0,0,66,69,18,0,0,0
1,5,3,17,23.6,1,1,0,420,134,5023,0,1
1,5,1,16,90.9,0,0,73,82,18,0,60,0
1,4,2,12,20,0,0,99,69,18,0,52,0
1,4,1,10,8.6,0,0,74,134,62,0,0,1
1,4,2,11,11.1,0,0,183,69,18,0,0,1
1,4,2,11,16.3,0,0,183,69,18,0,0,0
1,10,2,25,12.6,0,0,62,88,18,0,0,1
0,3,3,41,5.8,2,2,420,134,894,0,0,1
1,4,2,12,12.9,2,2,183,69,1054,0,0,0
1,3,3,24,0.9,0,0,420,134,0,0,0,1
1,4,2,11,9.1,0,0,88,69,18,0,0,0
1,1,1,6,7,0,0,210,134,0,0,0,1
1,1,1,7,15.9,0,0,201,134,53,0,0,0
1,4,2,11,3.6,0,0,54,69,18,0,0,1
1,4,2,11,5.3,0,0,79,69,18,0,0,1
1,4,2,11,8.7,0,0,75,69,18,0,0,0
1,4,1,11,6.6,0,0,183,134,18,0,30,0
1,3,3,40,2.3,1,1,0,420,134,470,0,1
1,4,2,10,23.7,0,0,68,69,0,0,0,1
1,4,2,12,7.1,0,0,108,69,18,0,17,0
1,4,1,10,6.8,0,0,69,134,62,0,0,1
1,2,2,35,34.1,0,0,321,134,64,0,57,0
0,1,1,19,13.6,0,0,189,153,77,0,0,1
1,4,2,11,12.6,0,0,183,69,18,0,0,0
1,10,2,25,11.9,0,0,72,88,18,0,0,1
1,4,1,11,3.9,0,0,183,134,18,0,30,0
1,3,3,27,0.5,0,0,420,134,0,0,0,1
1,4,1,10,2.2,0,0,58,134,62,0,0,1
1,4,2,11,16.4,0,0,88,69,18,0,0,0
1,10,2,26,31.4,0,0,54,88,18,0,61,1
1,1,1,19,3.4,0,0,271,153,77,0,0,0
1,4,2,12,17,0,0,183,69,18,0,61,1
0,4,2,11,9.6,0,0,183,69,18,0,0,1
0,4,2,12,6.1,0,0,183,69,18,0,61,1
1,10,2,25,9.8,0,0,42,88,18,0,0,1
1,4,2,11,13.8,0,0,84,69,18,0,0,0
1,2,2,43,5.5,0,0,420,134,560,0,56,0
1,2,2,20,6,0,0,321,134,646,0,0,0
1,1,1,19,17.2,0,0,252,153,77,0,0,1
1,3,3,32,2,0,0,420,134,322,0,0,0
1,4,2,11,13,0,0,183,69,18,0,0,0
1,4,1,11,3.3,0,0,183,134,18,0,30,0
1,4,2,11,13.2,0,0,73,69,18,0,0,0
0,21,20,384,13.1,2,2,183,129,10884,192,517,1
1,2,1,8,23.5,0,0,183,69,18,0,0,0
0,4,2,11,23.8,0,0,183,69,18,0,0,1
1,4,2,11,13.8,2,2,70,69,270,0,0,1
1,10,2,25,8.2,0,0,71,88,18,0,0,1
1,4,1,10,1.5,0,0,183,134,18,0,0,0
1,1,1,19,9.6,0,0,232,153,77,0,0,0
1,4,2,11,10.9,0,0,183,69,18,0,0,0
1,4,2,11,13.3,0,0,183,69,18,0,0,0
1,2,2,32,9.1,0,0,420,134,428,0,0,0
0,4,2,12,13.9,0,0,183,69,18,0,61,1
1,3,3,33,2.3,0,0,420,134,322,0,0,0
1,4,1,11,5.4,0,0,183,134,18,0,30,0
0,5,2,60,22.4,0,0,183,69,18,0,0,1
1,5,3,24,21.9,0,0,321,134,48,0,190,0
1,2,1,9,14.9,0,0,183,69,18,0,72,0
1,2,2,12,6.8,2,2,420,134,0,0,0,0
1,2,2,27,13.6,0,0,321,134,560,0,0,0
1,4,2,12,7.3,0,0,183,69,18,0,61,0
1,2,2,41,61.8,0,0,321,134,64,0,57,0
0,4,2,12,1.1,0,0,183,69,18,0,61,1
1,1,1,7,5,0,0,282,134,53,0,0,0
1,2,1,8,23.6,0,0,183,134,18,0,0,0
1,1,1,7,5.9,0,0,209,134,0,0,62,1
0,4,2,12,3.4,0,0,183,69,18,0,62,1
1,4,1,11,7.1,0,0,183,134,18,0,30,0
1,12,4,44,4.4,2,2,321,134,1114,0,0,1
1,2,2,29,8.2,0,0,420,134,64,0,0,1
1,4,2,11,14,0,0,183,69,18,0,0,0
1,10,2,25,9.1,0,0,66,88,18,0,0,1
1,3,3,37,7,0,0,321,134,710,0,0,0
1,4,2,11,9.6,0,0,89,69,18,0,0,1
0,4,2,11,3.4,0,0,183,69,18,0,0,1
1,2,1,8,19.9,0,0,183,134,18,0,0,0
1,4,2,12,16.6,0,0,183,69,18,0,61,1
1,4,1,11,5.5,0,0,183,134,18,0,30,0
1,2,1,8,18.9,0,0,183,134,18,0,0,0
1,10,2,26,3.9,0,0,69,88,18,0,62,1
0,16,5,672,1.6,0,0,3240,5252,5404,2106,3254,1
1,4,2,12,16.6,0,0,183,69,18,0,61,1
0,4,2,11,28.4,0,0,183,69,18,0,0,1
1,1,1,7,10.3,0,0,174,134,53,0,0,0
1,4,2,12,75.8,0,0,105,69,18,0,52,0
1,5,3,21,12.9,2,2,321,134,990,0,0,1
1,10,2,25,3.2,0,0,42,88,18,0,0,1
1,4,2,12,7,0,0,108,69,18,0,17,0
1,4,2,11,18.8,0,0,183,69,18,0,0,0
1,4,2,11,32.8,0,0,183,69,18,0,0,0
1,3,3,44,9.1,0,0,420,134,322,0,4726,0
1,10,2,26,11.8,0,0,56,88,18,0,17,1
1,4,2,11,15.7,0,0,72,69,18,0,0,1
1,1,1,19,4,0,0,255,153,77,0,0,1
1,1,1,9,11.9,0,0,420,134,18,0,33,0
1,4,2,11,14.1,0,0,72,69,18,0,0,0
1,3,3,40,4.8,2,2,420,134,778,0,0,0
1,4,2,11,2.9,0,0,48,69,18,0,0,1
1,4,1,10,7.8,0,0,91,134,62,0,0,1
0,3,3,40,3.1,2,2,420,134,918,0,0,1
1,3,3,85,7.1,0,0,420,134,322,0,0,0
1,4,2,11,16.1,0,0,88,69,0,0,5,1
1,2,1,8,24.9,0,0,183,134,18,0,0,0
1,4,2,11,2.8,0,0,46,69,18,0,0,1
1,3,3,33,3.1,0,0,420,134,322,0,0,0
1,10,2,25,2.9,0,0,76,88,18,0,0,1
0,3,3,39,5.7,0,0,420,134,322,0,0,1
1,3,3,33,3.9,0,0,420,134,330,0,0,0
0,4,2,11,16,0,0,183,69,116,0,0,1
1,4,2,12,6.2,0,0,109,69,18,0,17,0
0,4,2,12,12.4,0,0,183,69,18,0,61,1
1,4,1,11,5.5,0,0,183,134,18,0,30,0
1,4,1,10,21.9,0,0,96,134,146,0,0,1
1,4,2,11,32.2,0,0,61,69,18,0,0,0
1,4,1,10,7.7,0,0,68,134,62,0,0,1
1,10,2,25,4.9,0,0,74,88,18,0,0,1
1,4,2,11,16.1,0,0,183,69,18,0,0,0
1,1,1,7,6.3,0,0,203,134,53,0,0,0
1,4,1,11,5.4,0,0,183,134,18,0,30,0
1,4,1,10,1.5,0,0,183,134,18,0,0,0
1,2,2,22,16.5,0,0,420,134,744,0,0,0
1,3,3,37,4.8,0,0,420,134,330,0,0,0
1,10,2,25,9.5,0,0,45,88,18,0,0,1
1,1,1,8,6.5,0,0,420,134,18,0,14,0
1,5,1,16,79.3,0,0,83,82,18,0,60,0
1,5,1,16,82.4,0,0,80,82,18,0,60,0
1,4,2,11,12.4,0,0,183,69,18,0,0,0
1,4,2,11,8.3,0,0,183,69,18,0,0,0
1,4,2,11,10.8,0,0,183,69,18,0,0,0
1,4,2,11,18.8,0,0,183,69,18,0,0,0
1,4,2,11,5.7,0,0,183,69,18,0,0,0
1,4,2,11,11.1,0,0,183,69,18,0,0,0
1,1,1,19,5.9,1,1,0,303,153,240,0,1
1,4,2,11,12.6,1,1,0,183,69,181,0,1
1,4,1,11,4.9,0,0,183,134,18,0,30,0
0,3,3,38,4.9,2,2,420,134,894,0,0,1
1,4,2,11,21.3,0,0,83,69,18,0,0,0
1,4,2,12,10.1,0,0,70,69,18,0,84,1
1,10,2,25,16.9,0,0,88,88,18,0,0,1
1,4,2,11,11.4,0,0,183,69,18,0,0,0
1,2,2,29,4.6,0,0,420,134,64,0,0,1
1,4,2,11,6.8,2,2,183,69,1282,0,0,1
1,5,3,22,4,0,0,321,134,18,0,1259,0
1,4,2,11,13.9,0,0,183,69,18,0,0,0
1,5,3,20,5.4,0,0,321,134,560,0,0,0
1,4,2,13,2.3,0,0,183,69,31,0,22,1
1,1,1,7,49,0,0,321,134,53,0,0,0
1,2,1,8,22.7,0,0,183,134,18,0,0,0
1,4,2,12,16.7,0,0,183,69,18,0,61,1
0,12,6,72,2.6,0,0,321,2126,8810,10017,4159,1
1,5,1,16,65.1,0,0,76,82,18,0,60,0
1,4,1,11,3.5,0,0,183,134,18,0,30,0
1,4,2,11,19.2,0,0,66,69,18,0,0,0
0,12,4,84,2,0,0,321,134,2382,0,0,1
1,1,1,7,7.5,0,0,129,134,53,0,0,0
1,4,2,11,8.5,2,2,183,69,1960,0,0,0
1,2,2,30,26.3,0,0,321,134,696,0,0,0
1,1,1,7,8.6,0,0,217,134,53,0,0,1
1,2,2,30,16.2,0,0,321,134,688,0,0,0
1,1,1,9,3.5,0,0,420,134,18,0,260,0
1,4,2,11,11.2,0,0,183,69,18,0,0,0
1,9,5,35,7,2,2,420,134,716,0,1382,1
1,2,2,23,9.9,0,0,420,134,396,0,57,0
1,4,2,11,3.9,0,0,183,69,18,0,0,1
1,4,2,13,2.2,0,0,183,69,31,0,22,1
1,4,2,11,5.1,0,0,183,69,18,0,0,1
1,4,1,11,15.2,0,0,73,134,2975,0,0,1
1,4,2,11,16.5,0,0,76,69,18,0,0,0
1,4,2,11,13.2,0,0,183,69,18,0,0,0
1,4,2,12,24.9,0,0,183,69,18,0,61,1
1,2,2,29,16.1,0,0,420,134,428,0,0,0
0,4,2,12,17.1,0,0,183,69,18,0,61,1
0,3,3,36,7.1,0,0,420,134,330,0,0,1
1,3,3,35,5.7,2,2,321,134,1694,0,0,0
1,4,1,11,6.7,0,0,183,134,18,0,30,0
0,3,3,32,7.6,2,2,420,134,842,0,0,1
1,2,2,35,7.9,0,0,420,134,428,0,0,0
1,4,2,11,28.1,0,0,81,69,18,0,0,0
1,4,2,11,10.9,0,0,183,69,18,0,0,0
0,4,2,11,10.9,0,0,91,69,18,0,0,1
0,1,1,6,8.5,0,0,191,134,0,0,0,1
1,4,1,10,10.4,0,0,60,134,62,0,0,1
1,1,1,7,9.3,0,0,160,134,0,0,63,1
1,4,2,11,14.3,0,0,87,69,18,0,0,0
1,3,3,88,30.5,2,2,321,134,1734,0,0,0
1,2,1,9,50.9,0,0,88,69,18,0,56,0
1,4,1,11,7.1,0,0,183,134,18,0,30,0
0,1,1,19,12.4,0,0,225,153,77,0,0,1
1,4,1,10,3,0,0,59,134,62,0,0,1
1,1,1,7,10.9,0,0,172,134,53,0,0,0
1,4,2,11,5.7,0,0,183,69,18,0,0,0
1,5,1,16,50.4,0,0,77,82,18,0,60,0
1,1,1,8,14,0,0,153,134,2950,0,0,0
1,1,1,13,24.7,0,0,321,134,34,0,0,0
1,4,2,11,18.1,0,0,52,69,18,0,0,0
1,2,1,8,32.8,0,0,183,134,18,0,0,0
1,1,1,7,21.1,1,1,0,179,134,216,0,1
1,4,2,12,11,0,0,183,69,18,0,62,1
1,12,4,50,0.6,2,2,198,134,1030,0,0,1
1,8,4,22,23.9,2,2,183,69,5082,0,0,1
1,4,1,10,22.7,0,0,77,134,62,0,0,1
1,2,1,9,51.3,0,0,85,69,18,0,56,0
1,4,2,12,7.2,0,0,60,69,18,0,61,1
1,2,1,8,36.8,0,0,88,69,18,0,0,0
1,4,2,11,12.8,0,0,183,69,18,0,0,0
1,4,2,11,13.4,0,0,183,69,18,0,0,0
1,2,1,8,53.7,0,0,183,69,18,0,0,0
1,1,1,7,11,0,0,151,134,53,0,0,0
1,4,1,11,6.4,0,0,183,134,18,0,30,0
1,4,2,11,5.8,0,0,183,69,18,0,0,0
1,4,1,11,5.2,0,0,183,134,18,0,30,0
1,4,2,11,9.7,0,0,183,69,18,0,0,0
1,4,1,11,9.4,0,0,183,134,18,0,30,0
1,10,2,26,10.1,0,0,68,88,18,0,61,1
1,11,3,39,1.1,2,2,420,134,2159,140,0,1
1,4,2,11,8.5,0,0,183,69,68,0,0,1
1,4,2,11,8.3,0,0,183,69,18,0,0,1
1,4,1,10,11,0,0,58,134,18,0,0,1
1,4,2,11,10.5,0,0,84,69,18,0,0,0
1,4,2,11,9.2,0,0,183,69,18,0,0,0
0,4,2,12,1.1,0,0,183,69,18,0,61,1
1,4,2,11,9.3,0,0,183,69,18,0,0,0
1,4,2,11,12.3,0,0,75,69,18,0,0,0
0,1,1,12,12.4,0,0,204,153,72,0,0,1
1,4,2,12,16.3,0,0,183,69,18,0,72,0
1,1,1,8,10.9,0,0,185,134,2950,0,0,0
0,3,3,41,3.9,0,0,420,134,438,0,0,1
1,4,2,11,4.8,0,0,183,69,18,0,0,0
1,4,2,11,48.2,0,0,76,69,18,0,0,1
1,4,2,11,17.3,0,0,183,69,18,0,0,0
1,1,1,9,12.4,0,0,420,134,18,0,33,0
1,4,2,11,10.6,0,0,73,69,18,0,0,0
0,1,1,12,10.4,0,0,229,153,72,0,0,1
1,4,2,12,6,0,0,57,69,18,0,61,1
1,3,3,37,7.5,0,0,321,134,710,0,0,0
1,2,1,8,22.2,0,0,183,134,18,0,0,0
1,4,2,11,22.3,0,0,183,69,18,0,0,1
1,3,3,48,4.7,0,0,321,134,330,0,0,0
1,4,2,11,10.3,0,0,79,69,18,0,0,0
1,4,2,11,10,0,0,79,69,18,0,0,0
1,4,1,10,5.5,0,0,74,134,62,0,0,1
1,2,2,33,11.3,0,0,321,134,560,0,0,0
1,3,3,61,2.4,0,0,420,134,330,0,0,0
1,4,2,11,24.1,0,0,78,69,18,0,0,0
1,1,1,7,4.4,0,0,174,134,53,0,0,0
1,4,2,12,10.8,0,0,183,69,18,0,61,1
1,4,2,12,12.2,1,1,0,183,69,181,0,1
1,4,2,12,8.9,0,0,183,69,18,0,74,0
1,11,2,26,5.9,0,0,42,88,176,0,0,1
0,4,2,12,1.1,0,0,183,69,18,0,61,1
1,4,2,11,4.6,0,0,75,69,18,0,0,0
1,4,2,11,8.7,0,0,83,69,18,0,0,0
1,4,2,11,14.6,1,1,0,183,69,181,0,1
1,4,2,11,15.6,0,0,70,69,18,0,0,0
0,4,2,12,5.2,0,0,183,69,18,0,62,1
1,4,2,11,11.1,0,0,183,69,18,0,0,0
1,4,1,10,5,0,0,77,134,62,0,0,1
1,4,2,11,18.3,0,0,78,69,18,0,0,0
1,4,1,10,6.2,0,0,84,134,62,0,0,1
1,4,1,10,7.3,0,0,71,134,368,0,0,1
1,3,3,38,4.6,1,1,0,420,134,0,0,1
1,10,2,24,19.5,0,0,66,88,686,0,0,1
0,4,2,12,10,0,0,183,69,18,0,61,1
1,4,2,11,14.1,0,0,88,69,18,0,0,0
1,4,2,11,3.5,0,0,75,69,18,0,0,0
1,4,2,12,2.2,0,0,183,69,18,0,62,1
1,4,2,11,11,0,0,183,69,18,0,0,0
0,14,11,1266,1.5,0,0,7724,535,136113,3829,16146,1
1,1,1,18,3,0,0,266,153,0,0,0,1
1,4,1,11,9.4,0,0,183,134,18,0,30,0
0,4,2,12,1,0,0,183,69,18,0,61,1
1,4,2,11,11.6,0,0,183,69,18,0,0,0
1,4,1,11,9.4,0,0,183,134,18,0,30,0
1,1,1,15,11.8,0,0,225,153,72,0,0,0
1,4,2,11,7.2,0,0,183,69,18,0,0,1
1,2,2,20,7.4,0,0,321,134,560,0,0,0
0,1,1,15,9.8,0,0,249,153,72,0,0,1
0,4,2,12,1.1,0,0,183,69,18,0,61,1
1,1,1,7,0.5,0,0,120,134,53,0,0,1
0,4,2,12,11.3,0,0,183,69,18,0,61,1
1,3,3,30,6.8,0,0,321,153,322,0,0,0
1,4,2,12,6.7,0,0,183,69,18,0,61,1
1,2,1,8,39.5,0,0,183,134,18,0,0,0
1,4,2,12,16.1,0,0,183,69,18,0,61,1
1,4,1,11,9.6,0,0,183,134,18,0,30,0
1,4,2,11,5,0,0,183,69,18,0,0,1
1,4,2,11,16.3,0,0,183,69,18,0,0,0
1,4,2,11,8.7,0,0,183,69,54,0,0,1
1,4,1,10,16.4,0,0,74,134,62,0,0,1
1,2,2,56,20.4,0,0,420,134,396,0,57,0
1,2,2,16,3.1,0,0,321,134,822,0,0,1
1,4,2,12,24,0,0,88,69,18,0,61,1
1,1,1,7,7.6,0,0,177,134,53,0,0,0
1,1,1,19,10.1,0,0,324,153,77,0,0,0
1,4,2,11,14.9,0,0,183,69,18,0,0,0
1,4,2,11,12.1,0,0,80,69,18,0,0,0
1,4,2,12,84.6,0,0,51,69,18,0,40,0
1,4,2,11,11.9,0,0,183,69,18,0,0,0
1,2,1,8,20.1,0,0,183,134,18,0,0,0
1,4,2,11,12.2,0,0,183,69,18,0,0,0
1,1,1,7,8,0,0,181,134,53,0,0,0
1,4,2,11,21.1,0,0,183,69,18,0,0,0
1,1,1,7,8.9,0,0,187,134,53,0,0,0
1,4,2,11,24.6,0,0,183,69,18,0,0,0
1,5,3,24,22.1,0,0,321,134,48,0,190,0
0,1,1,8,9.9,0,0,189,134,2950,0,0,1
1,4,2,11,18.8,0,0,183,69,18,0,0,0
1,4,2,11,23,0,0,76,69,18,0,0,0
0,4,2,11,15.4,0,0,183,69,18,0,0,1
1,4,2,11,27.8,0,0,183,69,18,0,0,0
1,3,3,37,8.2,0,0,321,134,710,0,0,0
1,11,3,32,5.5,2,2,420,134,24047,0,0,1
1,5,1,16,86,0,0,75,82,18,0,60,0
1,4,2,12,2.6,0,0,183,69,18,0,62,1
1,4,2,11,14.5,0,0,183,69,18,0,0,0
1,11,3,37,2,2,2,321,134,1210,0,0,1
1,5,3,23,18.6,0,0,321,134,48,0,2204,0
1,4,2,11,145.5,0,0,61,69,18,0,0,0
1,2,1,8,25,0,0,74,69,18,0,0,0
1,4,2,12,6.2,0,0,103,69,18,0,17,0
1,2,1,8,21.6,0,0,70,69,18,0,0,0
1,2,1,8,17.3,0,0,61,69,18,0,0,0
1,4,1,11,8,0,0,183,134,18,0,30,0
1,1,1,8,19.2,0,0,420,69,18,0,18,1
1,4,2,11,5.9,0,0,54,69,18,0,0,1
1,3,3,34,23.4,1,1,0,321,134,1125,0,1
1,4,2,11,13.6,0,0,183,69,18,0,0,0
1,4,1,10,5.2,0,0,77,134,62,0,0,1
1,4,2,11,18.6,0,0,52,69,18,0,0,0
1,4,2,11,23.5,0,0,101,69,18,0,0,0
1,2,1,8,18.7,0,0,64,69,18,0,0,0
1,2,2,82,19.1,0,0,420,134,396,0,57,0
1,2,1,9,8.7,0,0,70,69,18,0,71,1
1,2,1,8,14.2,0,0,183,69,18,0,0,0
0,3,3,18,10.7,2,2,420,134,0,0,0,1
1,4,2,11,17.6,0,0,183,69,18,0,0,0
1,4,2,11,10.3,0,0,87,69,18,0,0,0
1,4,2,11,15.6,0,0,183,69,18,0,0,0
1,4,2,11,16.8,0,0,80,69,18,0,0,0
1,10,2,25,23.5,0,0,63,88,18,0,0,1
1,6,4,30,9.7,0,0,321,134,410,0,0,1
1,1,1,7,9.9,1,1,0,181,134,216,0,1
1,1,1,8,47.6,0,0,158,134,30,0,0,1
1,2,1,8,15.8,0,0,66,69,18,0,0,0
1,4,2,12,7.2,1,1,0,183,69,181,0,1
0,3,3,40,15.9,2,2,420,134,722,0,0,1
1,4,2,11,14.8,0,0,89,69,18,0,0,0
1,5,1,16,86.4,0,0,75,82,18,0,60,0
0,4,2,11,95.6,0,0,183,69,18,0,0,1
1,4,1,11,3.3,0,0,183,134,18,0,30,0
1,4,1,10,16.7,0,0,80,134,368,0,0,1
1,4,2,12,6.3,0,0,108,69,18,0,17,0
1,2,1,8,25.7,0,0,183,134,18,0,0,0
1,4,2,12,12.7,1,1,0,183,69,181,0,1
1,2,1,8,18.5,0,0,183,134,18,0,0,0
1,4,2,11,14.8,0,0,183,69,18,0,0,0
1,2,1,8,15.4,0,0,183,134,18,0,0,0
1,1,1,6,18.6,0,0,171,134,0,0,0,1
0,4,2,12,1.1,0,0,183,69,18,0,61,1
1,5,1,16,56.8,0,0,78,82,18,0,60,0
1,4,2,11,11,1,1,0,183,69,181,0,1
1,4,2,11,12.4,0,0,87,69,18,0,0,0
1,4,2,11,16.5,0,0,183,69,18,0,0,0
1,2,2,17,33.5,2,2,420,134,0,0,0,0
1,4,2,11,12.2,0,0,183,69,18,0,0,0
1,1,1,7,17.7,0,0,158,134,53,0,0,0
1,5,3,21,14.7,0,0,321,134,48,0,9233,0
1,1,1,6,244.1,0,0,77,134,0,0,0,1
1,4,1,11,6.6,0,0,183,134,18,0,30,0
1,10,2,27,8.6,0,0,63,88,2843,0,0,1
1,4,2,11,5.3,1,1,0,54,69,181,0,1
1,10,2,25,13.9,0,0,40,88,18,0,0,1
1,4,2,12,28.6,0,0,183,69,18,0,61,1
1,4,2,11,19.2,0,0,183,69,18,0,0,0
1,4,1,11,6.6,0,0,183,134,18,0,30,0
1,4,2,12,12.5,0,0,56,69,18,0,48,0
1,1,1,7,8.6,1,1,0,153,134,216,0,1
1,6,4,34,6.5,0,0,321,134,2108,0,16482,1
1,1,1,7,14.3,0,0,196,134,53,0,0,1
0,4,2,12,1.1,0,0,183,69,18,0,61,1
1,4,2,12,12.7,0,0,183,69,18,0,61,1
1,2,2,17,6.5,0,0,321,134,884,0,0,0
1,5,3,20,4.9,0,0,321,134,560,0,0,0
1,10,2,25,5.9,0,0,82,88,18,0,0,1
0,12,4,100,2.7,0,0,321,134,2382,0,0,1
1,4,2,11,17.1,0,0,73,69,18,0,0,0
1,1,1,7,16.3,1,1,0,191,134,216,0,1
1,4,1,11,4.3,0,0,183,134,18,0,30,0
1,1,1,11,10.6,0,0,321,134,476,0,0,0
1,1,1,8,8.7,0,0,420,134,18,0,14,0
1,4,2,11,12.8,0,0,183,69,18,0,0,1
1,5,3,24,20.3,0,0,321,134,48,0,190,0
1,4,2,11,14.5,0,0,82,69,18,0,0,1
1,3,3,35,2.1,0,0,321,153,330,0,0,0
0,3,3,41,3.8,0,0,420,134,438,0,0,1
1,1,1,9,12.9,0,0,420,134,18,0,33,0
0,4,2,12,11.2,0,0,183,69,18,0,61,1
1,4,2,11,15.5,0,0,183,69,18,0,0,0
0,4,2,12,6.3,0,0,183,69,18,0,61,1
0,10,2,26,2.8,0,0,46,88,489,0,0,1
1,4,2,11,11.8,0,0,183,69,18,0,0,0
1,4,2,12,8.1,0,0,183,69,18,0,61,1
1,4,2,11,56.4,0,0,78,69,18,0,0,0
1,4,1,10,11.5,0,0,100,134,368,0,0,1
1,2,1,8,8.6,0,0,183,69,18,0,0,0
1,4,2,11,4.3,0,0,82,69,18,0,0,0
1,2,2,12,10.6,2,2,420,199,0,0,0,0
1,1,1,7,7,1,1,0,420,134,216,0,1
1,1,1,7,7.8,0,0,171,134,53,0,0,0
1,4,2,11,10.4,0,0,69,69,18,0,0,1
1,2,2,12,10.6,2,2,420,199,0,0,0,0
1,3,3,23,0.1,0,0,420,134,0,0,0,1
1,5,3,24,22,0,0,321,134,48,0,190,0
1,4,2,11,14,0,0,76,69,18,0,0,0
1,1,1,7,12.4,0,0,215,134,53,0,0,1
1,1,1,7,11.4,0,0,174,134,53,0,0,0
0,4,2,12,5.3,0,0,183,69,18,0,64,1
1,4,2,11,8.9,0,0,183,69,18,0,0,0
1,4,1,10,4.2,0,0,74,134,62,0,0,1
1,4,2,11,19.9,0,0,71,69,18,0,0,0
1,1,1,15,8.1,0,0,218,153,72,0,0,0
1,4,1,11,6.4,0,0,183,134,18,0,30,0
1,4,2,12,18,0,0,89,69,2931,0,0,0
1,1,1,6,2.7,0,0,162,134,0,0,0,1
0,1,1,7,7,0,0,185,134,53,0,0,1
1,5,1,16,87.7,0,0,78,82,18,0,60,0
1,1,1,7,5.6,0,0,195,134,53,0,0,0
0,59,58,1209,3.6,0,0,12145,12556,15768,11771,13916,1
1,4,2,11,19.3,0,0,183,69,18,0,0,0
1,1,1,8,6.5,0,0,420,134,18,0,14,0
1,2,1,8,9,0,0,81,69,18,0,0,0
1,10,2,25,4.7,0,0,88,88,18,0,0,0
1,4,1,10,10.8,0,0,74,134,62,0,0,1
1,4,1,11,5.9,0,0,183,134,18,0,30,0
